ratio,seed,system,task_success,legacy_velocity_success,controller_complete,valid_acquisition,depth_m,orientation_error_rad,lateral_error_m,channel_margin_m,object_target_relative_pose,depth_error_from_nominal_m,object_target_goal_position_error_m,injection_applied,injection_precondition,requested_magnitude_m,preinsert_relative_pose,preinsert_head_hole_m,first_box_contact_step,first_positive_depth_step,reference_failure,detected_failure,detection_latency_steps,diagnosis_matches,recovery_attempts,recovery_success,recovery_state,recovery_abort_reason,recovery_reason,completed_stages,retry_actions,retry_tcp_path_m,total_tcp_path_m,first_task_success_step
0.0,140,baseline,True,False,True,True,0.11445458496149948,0.0038595469070591294,0.00040054354191325744,0.0025499330505656392,"{'position_m': [-0.11537755887824562, -6.749577637906814e-06, -0.00013921381052381659], 'rotation_matrix': [[0.9999974174667908, 0.00012889692925212418, 0.0022690185830235477], [-0.00012181819826015491, 0.9999951266340018, -0.0031195942961990573], [-0.0022694096313908285, 0.0031193098319875854, 0.9999925598153702]]}",0.00046163534585068333,0.0006111810873277228,False,True,0.0,"{'position_m': [-0.29005105517457713, -6.880815655280908e-06, -8.812474349332092e-05], 'rotation_matrix': [[0.9999989875348044, 0.00012586758636683388, 0.0014174225611409614], [-0.00012155346825328389, 0.9999953617313377, -0.0030433107901610716], [-0.0014177990409380363, 0.00304313541628653, 0.99999436457048]]}","[-0.17513495121590045, -2.084928079219777e-05, -0.00025105285043330606]",,533,,,,,0,False,disabled,,,[],0,0.0,1.123413497072974,624
0.0,140,v1,True,False,True,True,0.11445458496149948,0.0038595469070591294,0.00040054354191325744,0.0025499330505656392,"{'position_m': [-0.11537755887824562, -6.749577637906814e-06, -0.00013921381052381659], 'rotation_matrix': [[0.9999974174667908, 0.00012889692925212418, 0.0022690185830235477], [-0.00012181819826015491, 0.9999951266340018, -0.0031195942961990573], [-0.0022694096313908285, 0.0031193098319875854, 0.9999925598153702]]}",0.00046163534585068333,0.0006111810873277228,False,True,0.0,"{'position_m': [-0.29005105517457713, -6.880815655280908e-06, -8.812474349332092e-05], 'rotation_matrix': [[0.9999989875348044, 0.00012586758636683388, 0.0014174225611409614], [-0.00012155346825328389, 0.9999953617313377, -0.0030433107901610716], [-0.0014177990409380363, 0.00304313541628653, 0.99999436457048]]}","[-0.17513495121590045, -2.084928079219777e-05, -0.00025105285043330606]",,533,,,,,0,False,disabled,,,[],0,0.0,1.123413497072974,624
0.0,140,v2,True,False,True,True,0.11445458496149948,0.0038595469070591294,0.00040054354191325744,0.0025499330505656392,"{'position_m': [-0.11537755887824562, -6.749577637906814e-06, -0.00013921381052381659], 'rotation_matrix': [[0.9999974174667908, 0.00012889692925212418, 0.0022690185830235477], [-0.00012181819826015491, 0.9999951266340018, -0.0031195942961990573], [-0.0022694096313908285, 0.0031193098319875854, 0.9999925598153702]]}",0.00046163534585068333,0.0006111810873277228,False,True,0.0,"{'position_m': [-0.29005105517457713, -6.880815655280908e-06, -8.812474349332092e-05], 'rotation_matrix': [[0.9999989875348044, 0.00012586758636683388, 0.0014174225611409614], [-0.00012155346825328389, 0.9999953617313377, -0.0030433107901610716], [-0.0014177990409380363, 0.00304313541628653, 0.99999436457048]]}","[-0.17513495121590045, -2.084928079219777e-05, -0.00025105285043330606]",,533,,,,,0,False,nominal,,,[],0,0.0,1.123413497072974,624
0.0,141,baseline,True,False,True,True,0.12135014662663406,0.006269053971293975,0.00044347774091171225,0.002441139573931307,"{'position_m': [-0.12204034495760087, -1.1453753501765115e-05, -0.00015047199934512665], 'rotation_matrix': [[0.9999971100969164, 0.000199220217580913, 0.0023958524828946834], [-0.00018534556087967678, 0.999983220962056, -0.00578994312356783], [-0.0023969657565238237, 0.005789482330571119, 0.9999803680320456]]}",0.0003452750094705276,0.000562038556372273,False,True,0.0,"{'position_m': [-0.30337574607841006, -1.1111897613584653e-05, -7.20770996905738e-05], 'rotation_matrix': [[0.9999993952203174, 0.0001832826978073164, 0.001084419868921759], [-0.00017716784068769472, 0.9999841005811211, -0.005636239572837686], [-0.0010854356524704204, 0.00563604403982793, 0.999983528282854]]}","[-0.18168039804122393, -3.2672412686431864e-05, -0.0002041696490768219]",,530,,,,,0,False,disabled,,,[],0,0.0,1.381098781560635,622
0.0,141,v1,True,False,True,True,0.12135014662663406,0.006269053971293975,0.00044347774091171225,0.002441139573931307,"{'position_m': [-0.12204034495760087, -1.1453753501765115e-05, -0.00015047199934512665], 'rotation_matrix': [[0.9999971100969164, 0.000199220217580913, 0.0023958524828946834], [-0.00018534556087967678, 0.999983220962056, -0.00578994312356783], [-0.0023969657565238237, 0.005789482330571119, 0.9999803680320456]]}",0.0003452750094705276,0.000562038556372273,False,True,0.0,"{'position_m': [-0.30337574607841006, -1.1111897613584653e-05, -7.20770996905738e-05], 'rotation_matrix': [[0.9999993952203174, 0.0001832826978073164, 0.001084419868921759], [-0.00017716784068769472, 0.9999841005811211, -0.005636239572837686], [-0.0010854356524704204, 0.00563604403982793, 0.999983528282854]]}","[-0.18168039804122393, -3.2672412686431864e-05, -0.0002041696490768219]",,530,,,,,0,False,disabled,,,[],0,0.0,1.381098781560635,622
0.0,141,v2,True,False,True,True,0.12135014662663406,0.006269053971293975,0.00044347774091171225,0.002441139573931307,"{'position_m': [-0.12204034495760087, -1.1453753501765115e-05, -0.00015047199934512665], 'rotation_matrix': [[0.9999971100969164, 0.000199220217580913, 0.0023958524828946834], [-0.00018534556087967678, 0.999983220962056, -0.00578994312356783], [-0.0023969657565238237, 0.005789482330571119, 0.9999803680320456]]}",0.0003452750094705276,0.000562038556372273,False,True,0.0,"{'position_m': [-0.30337574607841006, -1.1111897613584653e-05, -7.20770996905738e-05], 'rotation_matrix': [[0.9999993952203174, 0.0001832826978073164, 0.001084419868921759], [-0.00017716784068769472, 0.9999841005811211, -0.005636239572837686], [-0.0010854356524704204, 0.00563604403982793, 0.999983528282854]]}","[-0.18168039804122393, -3.2672412686431864e-05, -0.0002041696490768219]",,530,,,,,0,False,nominal,,,[],0,0.0,1.381098781560635,622
0.5,140,baseline,True,False,True,True,0.11445458073369522,0.0038521172844563677,0.0015321266733877427,0.0014568405165809525,"{'position_m': [-0.11537756401155831, 0.0014932197297338127, -0.0001387593292563345], 'rotation_matrix': [[0.9999974253465177, 0.0001288839607363472, 0.0022655439215611543], [-0.0001218311703408639, 0.9999951474015816, -0.0031129295615368677], [-0.0022659341344776875, 0.0031126455329545085, 0.9999925884626767]]}",0.0004616395736549428,0.0016001635039178052,True,True,0.0015000002458691597,"{'position_m': [-0.2900507866224106, 0.0014930493111921736, -8.783417499954575e-05], 'rotation_matrix': [[0.9999989842460216, 0.0001261145716025345, 0.001419719000339215], [-0.00012180290637972869, 0.9999953819137445, -0.0030366618574364426], [-0.0014200954112636652, 0.003036485847034596, 0.9999943815255783]]}","[-0.17513468304166838, 0.001479052181568565, -0.0002510261721377781]",,533,,,,,0,False,disabled,,,[],0,0.0,1.12537696537305,624
0.5,140,v1,True,False,True,True,0.11445458073369522,0.0038521172844563677,0.0015321266733877427,0.0014568405165809525,"{'position_m': [-0.11537756401155831, 0.0014932197297338127, -0.0001387593292563345], 'rotation_matrix': [[0.9999974253465177, 0.0001288839607363472, 0.0022655439215611543], [-0.0001218311703408639, 0.9999951474015816, -0.0031129295615368677], [-0.0022659341344776875, 0.0031126455329545085, 0.9999925884626767]]}",0.0004616395736549428,0.0016001635039178052,True,True,0.0015000002458691597,"{'position_m': [-0.2900507866224106, 0.0014930493111921736, -8.783417499954575e-05], 'rotation_matrix': [[0.9999989842460216, 0.0001261145716025345, 0.001419719000339215], [-0.00012180290637972869, 0.9999953819137445, -0.0030366618574364426], [-0.0014200954112636652, 0.003036485847034596, 0.9999943815255783]]}","[-0.17513468304166838, 0.001479052181568565, -0.0002510261721377781]",,533,,,,,0,False,disabled,,,[],0,0.0,1.12537696537305,624
0.5,140,v2,True,False,True,True,0.11445458073369522,0.0038521172844563677,0.0015321266733877427,0.0014568405165809525,"{'position_m': [-0.11537756401155831, 0.0014932197297338127, -0.0001387593292563345], 'rotation_matrix': [[0.9999974253465177, 0.0001288839607363472, 0.0022655439215611543], [-0.0001218311703408639, 0.9999951474015816, -0.0031129295615368677], [-0.0022659341344776875, 0.0031126455329545085, 0.9999925884626767]]}",0.0004616395736549428,0.0016001635039178052,True,True,0.0015000002458691597,"{'position_m': [-0.2900507866224106, 0.0014930493111921736, -8.783417499954575e-05], 'rotation_matrix': [[0.9999989842460216, 0.0001261145716025345, 0.001419719000339215], [-0.00012180290637972869, 0.9999953819137445, -0.0030366618574364426], [-0.0014200954112636652, 0.003036485847034596, 0.9999943815255783]]}","[-0.17513468304166838, 0.001479052181568565, -0.0002510261721377781]",,533,,,,,0,False,nominal,,,[],0,0.0,1.12537696537305,624
0.5,141,baseline,True,False,True,True,0.12135064040738919,0.006257545376530822,0.0015312305803113016,0.0013949158813044114,"{'position_m': [-0.12203985154910739, 0.0014886406160584391, -0.00015052415447342076], 'rotation_matrix': [[0.9999971131558782, 0.00019962902894625657, 0.002394541325803844], [-0.000185790546030973, 0.9999832899022254, -0.005778009881880082], [-0.002395654771286125, 0.005777548318525803, 0.9999804401955293]]}",0.0003447812287153962,0.0015695671969543016,True,True,0.0015000002458691597,"{'position_m': [-0.30337455775864264, 0.0014892164031776686, -7.188338565891621e-05], 'rotation_matrix': [[0.9999994008770537, 0.00018376443017760033, 0.0010791089693878069], [-0.00017769434863118446, 0.9999841778846834, -0.005622490997065044], [-0.0010801251094555092, 0.005622295876936254, 0.9999836114251174]]}","[-0.18167920903305762, 0.0014675918144986435, -0.00020332966627384803]",,530,,,,,0,False,disabled,,,[],0,0.0,1.3830606520916418,622
0.5,141,v1,True,False,True,True,0.12135064040738919,0.006257545376530822,0.0015312305803113016,0.0013949158813044114,"{'position_m': [-0.12203985154910739, 0.0014886406160584391, -0.00015052415447342076], 'rotation_matrix': [[0.9999971131558782, 0.00019962902894625657, 0.002394541325803844], [-0.000185790546030973, 0.9999832899022254, -0.005778009881880082], [-0.002395654771286125, 0.005777548318525803, 0.9999804401955293]]}",0.0003447812287153962,0.0015695671969543016,True,True,0.0015000002458691597,"{'position_m': [-0.30337455775864264, 0.0014892164031776686, -7.188338565891621e-05], 'rotation_matrix': [[0.9999994008770537, 0.00018376443017760033, 0.0010791089693878069], [-0.00017769434863118446, 0.9999841778846834, -0.005622490997065044], [-0.0010801251094555092, 0.005622295876936254, 0.9999836114251174]]}","[-0.18167920903305762, 0.0014675918144986435, -0.00020332966627384803]",,530,,,,,0,False,disabled,,,[],0,0.0,1.3830606520916418,622
0.5,141,v2,True,False,True,True,0.12135064040738919,0.006257545376530822,0.0015312305803113016,0.0013949158813044114,"{'position_m': [-0.12203985154910739, 0.0014886406160584391, -0.00015052415447342076], 'rotation_matrix': [[0.9999971131558782, 0.00019962902894625657, 0.002394541325803844], [-0.000185790546030973, 0.9999832899022254, -0.005778009881880082], [-0.002395654771286125, 0.005777548318525803, 0.9999804401955293]]}",0.0003447812287153962,0.0015695671969543016,True,True,0.0015000002458691597,"{'position_m': [-0.30337455775864264, 0.0014892164031776686, -7.188338565891621e-05], 'rotation_matrix': [[0.9999994008770537, 0.00018376443017760033, 0.0010791089693878069], [-0.00017769434863118446, 0.9999841778846834, -0.005622490997065044], [-0.0010801251094555092, 0.005622295876936254, 0.9999836114251174]]}","[-0.18167920903305762, 0.0014675918144986435, -0.00020332966627384803]",,530,,,,,0,False,nominal,,,[],0,0.0,1.3830606520916418,622
2.0,140,baseline,False,False,True,True,-8.254973679186484e-05,0.0049615400508801494,0.005696574958488184,-0.002618453187740441,"{'position_m': [-0.22991418043872988, 0.005904197849312762, -0.00019010845711861797], 'rotation_matrix': [[0.9999929521458317, 0.0020504667288120545, 0.00314503495344517], [-0.002040254615029878, 0.9999926476765675, -0.0032468375251019496], [-0.003151669362450065, 0.003240397969786368, 0.9999897833484236]]}",0.11499877004414202,0.11513977626312782,True,True,0.006000000983476639,"{'position_m': [-0.29005061329758264, 0.005994250019191233, -8.774478048322036e-05], 'rotation_matrix': [[0.9999989963183604, 0.00012558980598753128, 0.0014112368589769674], [-0.00012131749290164837, 0.9999954111704092, -0.0030270315805508556], [-0.0014116105473604295, 0.003026857334657214, 0.999994422729616]]}","[-0.1751345083295329, 0.005980308671449812, -0.00024996172913187064]",533,,"{'step': 630, 'failure': 'INSERTION_LATERAL_INTERFERENCE'}",,,,0,False,disabled,,,[],0,0.0,1.017473048158526,
2.0,140,v1,False,False,True,True,-8.254973679186484e-05,0.0049615400508801494,0.005696574958488184,-0.002618453187740441,"{'position_m': [-0.22991418043872988, 0.005904197849312762, -0.00019010845711861797], 'rotation_matrix': [[0.9999929521458317, 0.0020504667288120545, 0.00314503495344517], [-0.002040254615029878, 0.9999926476765675, -0.0032468375251019496], [-0.003151669362450065, 0.003240397969786368, 0.9999897833484236]]}",0.11499877004414202,0.11513977626312782,True,True,0.006000000983476639,"{'position_m': [-0.29005061329758264, 0.005994250019191233, -8.774478048322036e-05], 'rotation_matrix': [[0.9999989963183604, 0.00012558980598753128, 0.0014112368589769674], [-0.00012131749290164837, 0.9999954111704092, -0.0030270315805508556], [-0.0014116105473604295, 0.003026857334657214, 0.999994422729616]]}","[-0.1751345083295329, 0.005980308671449812, -0.00024996172913187064]",533,,"{'step': 630, 'failure': 'INSERTION_LATERAL_INTERFERENCE'}","{'step': 642, 'failure': 'INSERTION_LATERAL_INTERFERENCE'}",12,True,0,False,disabled,,,[],0,0.0,1.017473048158526,
2.0,140,v2,True,False,True,True,0.11445471321041524,0.003536847890370732,0.0002669754880745686,0.0026912425703562344,"{'position_m': [-0.1153776078516173, -6.000932568601828e-05, -9.162695210382442e-05], 'rotation_matrix': [[0.9999989596536724, 0.00011439808360059936, 0.0014379167750231145], [-0.00010975398080976135, 0.9999947794258102, -0.0032294078697585487], [-0.0014382787063433762, 0.003229246692965798, 0.9999937516405587]]}",0.0004615070969349183,0.0005331648073100383,True,True,0.006000000983476639,"{'position_m': [-0.29005061329758264, 0.005994250019191233, -8.774478048322036e-05], 'rotation_matrix': [[0.9999989963183604, 0.00012558980598753128, 0.0014112368589769674], [-0.00012131749290164837, 0.9999954111704092, -0.0030270315805508556], [-0.0014116105473604295, 0.003026857334657214, 0.999994422729616]]}","[-0.1751345083295329, 0.005980308671449812, -0.00024996172913187064]",533,709,"{'step': 630, 'failure': 'INSERTION_LATERAL_INTERFERENCE'}","{'step': 642, 'failure': 'INSERTION_LATERAL_INTERFERENCE'}",12,True,1,True,attempt_complete,,INSERTION_LATERAL_INTERFERENCE,"['backout', 'realign', 'reinsert', 'verify']",159,0.22425959313254104,1.2417040608308803,801
2.0,141,baseline,False,False,True,True,-5.9222534109143465e-05,0.005275092313460873,0.005514657786879421,-0.0024614533778925286,"{'position_m': [-0.2434495902189648, 0.005853269941601725, -1.0088237136371024e-05], 'rotation_matrix': [[0.9999960919864765, 0.002784869872070908, 0.0002459909962410324], [-0.002783741616243877, 0.9999861185401254, -0.0044736461268739675], [-0.00025844610384392663, 0.004472943868430946, 0.9999899629390093]]}",0.12175464417021373,0.12187946844125039,True,True,0.006000000983476639,"{'position_m': [-0.30337105058620073, 0.0059902635721423144, -7.177908072222565e-05], 'rotation_matrix': [[0.9999994162150251, 0.00018465995471436667, 0.00106464562665865], [-0.00017871526276410268, 0.9999844094464492, -0.00558112218928323], [-0.0010656596380147231, 0.005580928662685033, 0.9999838586721279]]}","[-0.1816756999940548, 0.00596851474288743, -0.00020146497969100597]",530,,"{'step': 630, 'failure': 'INSERTION_LATERAL_INTERFERENCE'}",,,,0,False,disabled,,,[],0,0.0,1.267786355328979,
2.0,141,v1,False,False,True,True,-5.9222534109143465e-05,0.005275092313460873,0.005514657786879421,-0.0024614533778925286,"{'position_m': [-0.2434495902189648, 0.005853269941601725, -1.0088237136371024e-05], 'rotation_matrix': [[0.9999960919864765, 0.002784869872070908, 0.0002459909962410324], [-0.002783741616243877, 0.9999861185401254, -0.0044736461268739675], [-0.00025844610384392663, 0.004472943868430946, 0.9999899629390093]]}",0.12175464417021373,0.12187946844125039,True,True,0.006000000983476639,"{'position_m': [-0.30337105058620073, 0.0059902635721423144, -7.177908072222565e-05], 'rotation_matrix': [[0.9999994162150251, 0.00018465995471436667, 0.00106464562665865], [-0.00017871526276410268, 0.9999844094464492, -0.00558112218928323], [-0.0010656596380147231, 0.005580928662685033, 0.9999838586721279]]}","[-0.1816756999940548, 0.00596851474288743, -0.00020146497969100597]",530,,"{'step': 630, 'failure': 'INSERTION_LATERAL_INTERFERENCE'}","{'step': 642, 'failure': 'INSERTION_LATERAL_INTERFERENCE'}",12,True,0,False,disabled,,,[],0,0.0,1.267786355328979,
2.0,141,v2,True,False,True,True,0.12135070202286562,0.0057879083850269275,0.00017523226200027284,0.002715269695393756,"{'position_m': [-0.12204009222485197, -2.4532089190147098e-05, -6.207831113378998e-05], 'rotation_matrix': [[0.9999995971541829, 0.00017082449827536688, 0.0008811983105826794], [-0.00016578314379931636, 0.9999836387876335, -0.005717925584745491], [-0.0008821606548791731, 0.005717777193476848, 0.9999832642682298]]}",0.0003447196132389668,0.0003867013801337605,True,True,0.006000000983476639,"{'position_m': [-0.30337105058620073, 0.0059902635721423144, -7.177908072222565e-05], 'rotation_matrix': [[0.9999994162150251, 0.00018465995471436667, 0.00106464562665865], [-0.00017871526276410268, 0.9999844094464492, -0.00558112218928323], [-0.0010656596380147231, 0.005580928662685033, 0.9999838586721279]]}","[-0.1816756999940548, 0.00596851474288743, -0.00020146497969100597]",530,709,"{'step': 630, 'failure': 'INSERTION_LATERAL_INTERFERENCE'}","{'step': 642, 'failure': 'INSERTION_LATERAL_INTERFERENCE'}",12,True,1,True,attempt_complete,,INSERTION_LATERAL_INTERFERENCE,"['backout', 'realign', 'reinsert', 'verify']",160,0.23272584069953856,1.5004597906176287,802
0.0,142,baseline,True,False,True,True,0.12099769369325601,0.005412951797766314,0.00041018595988985806,0.00248969088281659,"{'position_m': [-0.12116693357824455, -6.506886997216639e-06, -0.000141740151018395], 'rotation_matrix': [[0.999997543250402, 0.00021504128912337107, 0.0022061845806362144], [-0.00020414396609221572, 0.9999877847970899, -0.004938479710368407], [-0.0022072196086871327, 0.004938017198490144, 0.9999853719768835]]}",8.476867713964886e-05,0.00041885349504900907,False,True,0.0,"{'position_m': [-0.30190021150667823, -4.422912373444098e-06, -7.061736471972133e-05], 'rotation_matrix': [[0.999999466631041, 0.00017054537531942254, 0.0010186520050040758], [-0.0001657380508365315, 0.9999888586986, -0.004717521549409107], [-0.0010194452073782885, 0.004717350203831763, 0.9999883536014422]]}","[-0.18081781371790948, -2.4490883677201147e-05, -0.00019405430068078315]",,527,,,,,0,False,disabled,,,[],0,0.0,1.1659459118945372,614
0.0,142,v1,True,False,True,True,0.12099769369325601,0.005412951797766314,0.00041018595988985806,0.00248969088281659,"{'position_m': [-0.12116693357824455, -6.506886997216639e-06, -0.000141740151018395], 'rotation_matrix': [[0.999997543250402, 0.00021504128912337107, 0.0022061845806362144], [-0.00020414396609221572, 0.9999877847970899, -0.004938479710368407], [-0.0022072196086871327, 0.004938017198490144, 0.9999853719768835]]}",8.476867713964886e-05,0.00041885349504900907,False,True,0.0,"{'position_m': [-0.30190021150667823, -4.422912373444098e-06, -7.061736471972133e-05], 'rotation_matrix': [[0.999999466631041, 0.00017054537531942254, 0.0010186520050040758], [-0.0001657380508365315, 0.9999888586986, -0.004717521549409107], [-0.0010194452073782885, 0.004717350203831763, 0.9999883536014422]]}","[-0.18081781371790948, -2.4490883677201147e-05, -0.00019405430068078315]",,527,,,,,0,False,disabled,,,[],0,0.0,1.1659459118945372,614
0.0,142,v2,True,False,True,True,0.12099769369325601,0.005412951797766314,0.00041018595988985806,0.00248969088281659,"{'position_m': [-0.12116693357824455, -6.506886997216639e-06, -0.000141740151018395], 'rotation_matrix': [[0.999997543250402, 0.00021504128912337107, 0.0022061845806362144], [-0.00020414396609221572, 0.9999877847970899, -0.004938479710368407], [-0.0022072196086871327, 0.004938017198490144, 0.9999853719768835]]}",8.476867713964886e-05,0.00041885349504900907,False,True,0.0,"{'position_m': [-0.30190021150667823, -4.422912373444098e-06, -7.061736471972133e-05], 'rotation_matrix': [[0.999999466631041, 0.00017054537531942254, 0.0010186520050040758], [-0.0001657380508365315, 0.9999888586986, -0.004717521549409107], [-0.0010194452073782885, 0.004717350203831763, 0.9999883536014422]]}","[-0.18081781371790948, -2.4490883677201147e-05, -0.00019405430068078315]",,527,,,,,0,False,nominal,,,[],0,0.0,1.1659459118945372,614
0.0,143,baseline,False,False,True,False,-0.3693886360021355,0.3760800064596686,0.19968742274575152,,"{'position_m': [-0.5904060919696098, 0.13679923038306777, -0.08880036770917152], 'rotation_matrix': [[0.9301115026973217, -0.36727726928335636, -4.229720668891207e-06], [0.367277269307195, 0.9301115026150103, 1.238940660310859e-05], [-6.162355782467412e-07, -1.3077009850348017e-05, 0.9999999999143055]]}",0.4838988369198563,0.5234817582067499,False,False,0.0,"{'position_m': [-0.5904060919696098, 0.13679923038306777, -0.08880036770917152], 'rotation_matrix': [[0.9301115026973217, -0.36727726928335636, -4.229720668891207e-06], [0.367277269307195, 0.9301115026150103, 1.238940660310859e-05], [-6.162355782467412e-07, -1.3077009850348017e-05, 0.9999999999143055]]}","[-0.4838988369198563, 0.1788562242839465, -0.08880043827443139]",,,"{'step': 168, 'failure': 'GRASP_FAILURE'}",,,,0,False,disabled,,,[],0,0.0,1.3339098325712289,
0.0,143,v1,False,False,True,False,-0.3693886360021355,0.3760800064596686,0.19968742274575152,,"{'position_m': [-0.5904060919696098, 0.13679923038306777, -0.08880036770917152], 'rotation_matrix': [[0.9301115026973217, -0.36727726928335636, -4.229720668891207e-06], [0.367277269307195, 0.9301115026150103, 1.238940660310859e-05], [-6.162355782467412e-07, -1.3077009850348017e-05, 0.9999999999143055]]}",0.4838988369198563,0.5234817582067499,False,False,0.0,"{'position_m': [-0.5904060919696098, 0.13679923038306777, -0.08880036770917152], 'rotation_matrix': [[0.9301115026973217, -0.36727726928335636, -4.229720668891207e-06], [0.367277269307195, 0.9301115026150103, 1.238940660310859e-05], [-6.162355782467412e-07, -1.3077009850348017e-05, 0.9999999999143055]]}","[-0.4838988369198563, 0.1788562242839465, -0.08880043827443139]",,,"{'step': 168, 'failure': 'GRASP_FAILURE'}","{'step': 170, 'failure': 'GRASP_FAILURE'}",2,True,0,False,disabled,,,[],0,0.0,1.3339098325712289,
0.0,143,v2,False,False,False,False,-0.36938841477455825,0.3760797906020496,0.19968738267110062,,"{'position_m': [-0.5904058798196172, 0.13679920776615764, -0.08880037702239696], 'rotation_matrix': [[0.9301115819704747, -0.3672770685293514, -4.1069326295221815e-06], [0.36727706855190156, 0.930111581894533, 1.1898362020884247e-05], [-5.500899185521839e-07, -1.2575186499013121e-05, 0.9999999999207809]]}",0.48389861569227904,0.523481538420352,False,False,0.0,"{'position_m': [-0.5904058751704137, 0.1367992219234706, -0.08880037329710665], 'rotation_matrix': [[0.9301115819704401, -0.36727706852966135, -4.0869485249696325e-06], [0.3672770685520095, 0.930111581895625, 1.1809327227406472e-05], [-5.359769277038648e-07, -1.2485034503063433e-05, 0.9999999999219181]]}","[-0.4838986110430794, 0.1788561928358327, -0.08880043467193233]",,,"{'step': 168, 'failure': 'GRASP_FAILURE'}","{'step': 170, 'failure': 'GRASP_FAILURE'}",2,True,1,False,aborted,acquisition_or_attachment_unavailable_consumes_single_episode,GRASP_FAILURE,[],0,0.0,0.4846633557921399,
0.0,144,baseline,True,False,True,True,0.08845712298244654,0.005645726978505407,0.0003814504119410839,0.002499934444067955,"{'position_m': [-0.08901011923388524, -1.4966790468273737e-05, -0.0001567155122756958], 'rotation_matrix': [[0.9999968130618965, 0.0002536027467430658, 0.0025118821025791036], [-0.00024091509303388365, 0.9999872192951472, -0.005050069927951908], [-0.0025131307105602982, 0.005049448683381195, 0.9999840934945043]]}",0.00027663952022374816,0.0004712046698831074,False,True,0.0,"{'position_m': [-0.23737724813116193, -1.38526984103629e-05, -9.28044319152832e-05], 'rotation_matrix': [[0.9999989250302941, 0.00022572654257688044, 0.0014487876946182767], [-0.0002186621392684148, 0.9999880962001026, -0.004874386624285521], [-0.0014498707269793491, 0.004874064589450914, 0.9999870706010416]]}","[-0.14864358101459824, -3.3255412744532236e-05, -0.00022145691666264268]",,529,,,,,0,False,disabled,,,[],0,0.0,1.245567601643921,599
0.0,144,v1,True,False,True,True,0.08845712298244654,0.005645726978505407,0.0003814504119410839,0.002499934444067955,"{'position_m': [-0.08901011923388524, -1.4966790468273737e-05, -0.0001567155122756958], 'rotation_matrix': [[0.9999968130618965, 0.0002536027467430658, 0.0025118821025791036], [-0.00024091509303388365, 0.9999872192951472, -0.005050069927951908], [-0.0025131307105602982, 0.005049448683381195, 0.9999840934945043]]}",0.00027663952022374816,0.0004712046698831074,False,True,0.0,"{'position_m': [-0.23737724813116193, -1.38526984103629e-05, -9.28044319152832e-05], 'rotation_matrix': [[0.9999989250302941, 0.00022572654257688044, 0.0014487876946182767], [-0.0002186621392684148, 0.9999880962001026, -0.004874386624285521], [-0.0014498707269793491, 0.004874064589450914, 0.9999870706010416]]}","[-0.14864358101459824, -3.3255412744532236e-05, -0.00022145691666264268]",,529,,,,,0,False,disabled,,,[],0,0.0,1.245567601643921,599
0.0,144,v2,True,False,True,True,0.08845712298244654,0.005645726978505407,0.0003814504119410839,0.002499934444067955,"{'position_m': [-0.08901011923388524, -1.4966790468273737e-05, -0.0001567155122756958], 'rotation_matrix': [[0.9999968130618965, 0.0002536027467430658, 0.0025118821025791036], [-0.00024091509303388365, 0.9999872192951472, -0.005050069927951908], [-0.0025131307105602982, 0.005049448683381195, 0.9999840934945043]]}",0.00027663952022374816,0.0004712046698831074,False,True,0.0,"{'position_m': [-0.23737724813116193, -1.38526984103629e-05, -9.28044319152832e-05], 'rotation_matrix': [[0.9999989250302941, 0.00022572654257688044, 0.0014487876946182767], [-0.0002186621392684148, 0.9999880962001026, -0.004874386624285521], [-0.0014498707269793491, 0.004874064589450914, 0.9999870706010416]]}","[-0.14864358101459824, -3.3255412744532236e-05, -0.00022145691666264268]",,529,,,,,0,False,nominal,,,[],0,0.0,1.245567601643921,599
0.0,145,baseline,True,False,True,True,0.09598483283913209,0.002605928129143712,0.00030057660108020795,0.0026729324156568937,"{'position_m': [-0.09665835540533757, -5.392969237192555e-06, -0.00011893730929766427], 'rotation_matrix': [[0.9999982240861519, 0.00012520779763941248, 0.0018804647163115362], [-0.00012182326502533782, 0.9999983728570059, -0.001799845113450832], [-0.001880687011169295, 0.0017996128327294643, 0.9999966121992704]]}",0.00033684681260512384,0.00045145549977728907,False,True,0.0,"{'position_m': [-0.25278624114867376, -5.849843075700297e-06, -8.49290791427628e-05], 'rotation_matrix': [[0.9999991297542278, 0.0001233534314654617, 0.0013134971327298118], [-0.00012106956561368453, 0.9999984811226247, -0.0017387048638923372], [-0.0013137096129000015, 0.0017385443262644862, 0.9999976258125207]]}","[-0.15646464532047105, -1.7511466990316597e-05, -0.00021146779563192445]",,532,,,,,0,False,disabled,,,[],0,0.0,1.043024666644107,608
0.0,145,v1,True,False,True,True,0.09598483283913209,0.002605928129143712,0.00030057660108020795,0.0026729324156568937,"{'position_m': [-0.09665835540533757, -5.392969237192555e-06, -0.00011893730929766427], 'rotation_matrix': [[0.9999982240861519, 0.00012520779763941248, 0.0018804647163115362], [-0.00012182326502533782, 0.9999983728570059, -0.001799845113450832], [-0.001880687011169295, 0.0017996128327294643, 0.9999966121992704]]}",0.00033684681260512384,0.00045145549977728907,False,True,0.0,"{'position_m': [-0.25278624114867376, -5.849843075700297e-06, -8.49290791427628e-05], 'rotation_matrix': [[0.9999991297542278, 0.0001233534314654617, 0.0013134971327298118], [-0.00012106956561368453, 0.9999984811226247, -0.0017387048638923372], [-0.0013137096129000015, 0.0017385443262644862, 0.9999976258125207]]}","[-0.15646464532047105, -1.7511466990316597e-05, -0.00021146779563192445]",,532,,,,,0,False,disabled,,,[],0,0.0,1.043024666644107,608
0.0,145,v2,True,False,True,True,0.09598483283913209,0.002605928129143712,0.00030057660108020795,0.0026729324156568937,"{'position_m': [-0.09665835540533757, -5.392969237192555e-06, -0.00011893730929766427], 'rotation_matrix': [[0.9999982240861519, 0.00012520779763941248, 0.0018804647163115362], [-0.00012182326502533782, 0.9999983728570059, -0.001799845113450832], [-0.001880687011169295, 0.0017996128327294643, 0.9999966121992704]]}",0.00033684681260512384,0.00045145549977728907,False,True,0.0,"{'position_m': [-0.25278624114867376, -5.849843075700297e-06, -8.49290791427628e-05], 'rotation_matrix': [[0.9999991297542278, 0.0001233534314654617, 0.0013134971327298118], [-0.00012106956561368453, 0.9999984811226247, -0.0017387048638923372], [-0.0013137096129000015, 0.0017385443262644862, 0.9999976258125207]]}","[-0.15646464532047105, -1.7511466990316597e-05, -0.00021146779563192445]",,532,,,,,0,False,nominal,,,[],0,0.0,1.043024666644107,608
0.0,146,baseline,True,False,True,True,0.10452154071914624,0.005291293823923114,0.00038847966362487495,0.002512570949112513,"{'position_m': [-0.10532693701452528, -9.191287722526623e-06, -0.00014419737574339247], 'rotation_matrix': [[0.9999972949579584, 0.00024321931301659217, 0.0023132058127066377], [-0.00023222274213938968, 0.9999886779236966, -0.004752904061290656], [-0.0023143356204745414, 0.004752354025488391, 0.9999860293933374]]}",0.00040284006012011875,0.0005596396725462526,False,True,0.0,"{'position_m': [-0.2698773759740956, -8.638123527850373e-06, -7.494241523216194e-05], 'rotation_matrix': [[0.9999992985015139, 0.00022028277531987482, 0.0011638178464367505], [-0.00021495226818741685, 0.9999894962820455, -0.004578331694377602], [-0.0011648141496343124, 0.004578078317398999, 0.9999888421412098]]}","[-0.16495306879912353, -3.119185716451388e-05, -0.0001971598186054699]",,531,,,,,0,False,disabled,,,[],0,0.0,1.1590606676570574,613
0.0,146,v1,True,False,True,True,0.10452154071914624,0.005291293823923114,0.00038847966362487495,0.002512570949112513,"{'position_m': [-0.10532693701452528, -9.191287722526623e-06, -0.00014419737574339247], 'rotation_matrix': [[0.9999972949579584, 0.00024321931301659217, 0.0023132058127066377], [-0.00023222274213938968, 0.9999886779236966, -0.004752904061290656], [-0.0023143356204745414, 0.004752354025488391, 0.9999860293933374]]}",0.00040284006012011875,0.0005596396725462526,False,True,0.0,"{'position_m': [-0.2698773759740956, -8.638123527850373e-06, -7.494241523216194e-05], 'rotation_matrix': [[0.9999992985015139, 0.00022028277531987482, 0.0011638178464367505], [-0.00021495226818741685, 0.9999894962820455, -0.004578331694377602], [-0.0011648141496343124, 0.004578078317398999, 0.9999888421412098]]}","[-0.16495306879912353, -3.119185716451388e-05, -0.0001971598186054699]",,531,,,,,0,False,disabled,,,[],0,0.0,1.1590606676570574,613
0.0,146,v2,True,False,True,True,0.10452154071914624,0.005291293823923114,0.00038847966362487495,0.002512570949112513,"{'position_m': [-0.10532693701452528, -9.191287722526623e-06, -0.00014419737574339247], 'rotation_matrix': [[0.9999972949579584, 0.00024321931301659217, 0.0023132058127066377], [-0.00023222274213938968, 0.9999886779236966, -0.004752904061290656], [-0.0023143356204745414, 0.004752354025488391, 0.9999860293933374]]}",0.00040284006012011875,0.0005596396725462526,False,True,0.0,"{'position_m': [-0.2698773759740956, -8.638123527850373e-06, -7.494241523216194e-05], 'rotation_matrix': [[0.9999992985015139, 0.00022028277531987482, 0.0011638178464367505], [-0.00021495226818741685, 0.9999894962820455, -0.004578331694377602], [-0.0011648141496343124, 0.004578078317398999, 0.9999888421412098]]}","[-0.16495306879912353, -3.119185716451388e-05, -0.0001971598186054699]",,531,,,,,0,False,nominal,,,[],0,0.0,1.1590606676570574,613
0.0,147,baseline,True,False,True,True,0.09883239490898818,0.0068118212369969455,0.0008037140612124792,0.002098222072129303,"{'position_m': [-0.1005020153589693, -7.563577472435694e-06, -0.0003065987903316228], 'rotation_matrix': [[0.9999875652788582, 0.00020366643457422272, 0.004982751011672858], [-0.00018054336190268278, 0.9999892159042091, -0.004640633510557697], [-0.004983642418489908, 0.004639676202954902, 0.9999768180877874]]}",0.0008354298957946871,0.001159266752295682,False,True,0.0,"{'position_m': [-0.25984765504315194, -8.326520191831753e-06, -0.00023309873053570858], 'rotation_matrix': [[0.9999929089037822, 0.0002068610410347814, 0.003760232793461224], [-0.00018963799714748252, 0.999989493338411, -0.004580092817543473], [-0.0037611407287360416, 0.00457934725664886, 0.9999824415454109]]}","[-0.16018053699250456, -2.7227326867856955e-05, -0.0006079634457535057]",,536,,,,,0,False,disabled,,,[],0,0.0,1.4146087283761746,624
0.0,147,v1,True,False,True,True,0.09883239490898818,0.0068118212369969455,0.0008037140612124792,0.002098222072129303,"{'position_m': [-0.1005020153589693, -7.563577472435694e-06, -0.0003065987903316228], 'rotation_matrix': [[0.9999875652788582, 0.00020366643457422272, 0.004982751011672858], [-0.00018054336190268278, 0.9999892159042091, -0.004640633510557697], [-0.004983642418489908, 0.004639676202954902, 0.9999768180877874]]}",0.0008354298957946871,0.001159266752295682,False,True,0.0,"{'position_m': [-0.25984765504315194, -8.326520191831753e-06, -0.00023309873053570858], 'rotation_matrix': [[0.9999929089037822, 0.0002068610410347814, 0.003760232793461224], [-0.00018963799714748252, 0.999989493338411, -0.004580092817543473], [-0.0037611407287360416, 0.00457934725664886, 0.9999824415454109]]}","[-0.16018053699250456, -2.7227326867856955e-05, -0.0006079634457535057]",,536,,,,,0,False,disabled,,,[],0,0.0,1.4146087283761746,624
0.0,147,v2,True,False,True,True,0.09883239490898818,0.0068118212369969455,0.0008037140612124792,0.002098222072129303,"{'position_m': [-0.1005020153589693, -7.563577472435694e-06, -0.0003065987903316228], 'rotation_matrix': [[0.9999875652788582, 0.00020366643457422272, 0.004982751011672858], [-0.00018054336190268278, 0.9999892159042091, -0.004640633510557697], [-0.004983642418489908, 0.004639676202954902, 0.9999768180877874]]}",0.0008354298957946871,0.001159266752295682,False,True,0.0,"{'position_m': [-0.25984765504315194, -8.326520191831753e-06, -0.00023309873053570858], 'rotation_matrix': [[0.9999929089037822, 0.0002068610410347814, 0.003760232793461224], [-0.00018963799714748252, 0.999989493338411, -0.004580092817543473], [-0.0037611407287360416, 0.00457934725664886, 0.9999824415454109]]}","[-0.16018053699250456, -2.7227326867856955e-05, -0.0006079634457535057]",,536,,,,,0,False,nominal,,,[],0,0.0,1.4146087283761746,624
0.0,148,baseline,True,False,True,True,0.10751066072920114,0.0032742656053965946,0.00022649223513650972,0.0027256990327323427,"{'position_m': [-0.10852171615092739, -7.215239342194e-06, -8.040666580200195e-05], 'rotation_matrix': [[0.9999990894614398, 0.0001376929988012511, 0.0013424294877637413], [-0.0001336875985611857, 0.9999955409297688, -0.0029833283770425005], [-0.0013428342852070188, 0.0029831461944325177, 0.9999946488031151]]}",0.0005055768873378635,0.0005539916259180952,False,True,0.0,"{'position_m': [-0.2762878364247162, -7.747175911015832e-06, -3.144890069961548e-05], 'rotation_matrix': [[0.9999998504508184, 0.00014259832520026287, 0.0005279811152257184], [-0.00014106433627076171, 0.9999957726081572, -0.0029042841918862595], [-0.0005283930293043275, 0.0029042092782473536, 0.9999956431751462]]}","[-0.16827161496191714, -2.298441477685779e-05, -8.852392770787457e-05]",,533,,,,,0,False,disabled,,,[],0,0.0,1.522703012182268,620
0.0,148,v1,True,False,True,True,0.10751066072920114,0.0032742656053965946,0.00022649223513650972,0.0027256990327323427,"{'position_m': [-0.10852171615092739, -7.215239342194e-06, -8.040666580200195e-05], 'rotation_matrix': [[0.9999990894614398, 0.0001376929988012511, 0.0013424294877637413], [-0.0001336875985611857, 0.9999955409297688, -0.0029833283770425005], [-0.0013428342852070188, 0.0029831461944325177, 0.9999946488031151]]}",0.0005055768873378635,0.0005539916259180952,False,True,0.0,"{'position_m': [-0.2762878364247162, -7.747175911015832e-06, -3.144890069961548e-05], 'rotation_matrix': [[0.9999998504508184, 0.00014259832520026287, 0.0005279811152257184], [-0.00014106433627076171, 0.9999957726081572, -0.0029042841918862595], [-0.0005283930293043275, 0.0029042092782473536, 0.9999956431751462]]}","[-0.16827161496191714, -2.298441477685779e-05, -8.852392770787457e-05]",,533,,,,,0,False,disabled,,,[],0,0.0,1.522703012182268,620
0.0,148,v2,True,False,True,True,0.10751066072920114,0.0032742656053965946,0.00022649223513650972,0.0027256990327323427,"{'position_m': [-0.10852171615092739, -7.215239342194e-06, -8.040666580200195e-05], 'rotation_matrix': [[0.9999990894614398, 0.0001376929988012511, 0.0013424294877637413], [-0.0001336875985611857, 0.9999955409297688, -0.0029833283770425005], [-0.0013428342852070188, 0.0029831461944325177, 0.9999946488031151]]}",0.0005055768873378635,0.0005539916259180952,False,True,0.0,"{'position_m': [-0.2762878364247162, -7.747175911015832e-06, -3.144890069961548e-05], 'rotation_matrix': [[0.9999998504508184, 0.00014259832520026287, 0.0005279811152257184], [-0.00014106433627076171, 0.9999957726081572, -0.0029042841918862595], [-0.0005283930293043275, 0.0029042092782473536, 0.9999956431751462]]}","[-0.16827161496191714, -2.298441477685779e-05, -8.852392770787457e-05]",,533,,,,,0,False,nominal,,,[],0,0.0,1.522703012182268,620
0.0,149,baseline,True,False,True,True,0.11993901413249337,0.007102320391257831,0.0002608433292868016,0.0025731470996307425,"{'position_m': [-0.12056546975430604, -1.6471254837808396e-05, -8.687347874122505e-05], 'rotation_matrix': [[0.9999989715668879, 0.00032945163887322475, 0.0013958247685377052], [-0.00031973437355662526, 0.9999757543806883, -0.0069561785991767355], [-0.0013980826503415355, 0.006955725152054365, 0.9999748313095244]]}",0.00031328964663183967,0.0004076636421366588,False,True,0.0,"{'position_m': [-0.30025891376382174, -1.3223692922893059e-05, 1.8999704112452173e-05], 'rotation_matrix': [[0.9999999075118311, 0.00024458858858958507, -0.0003537693481348165], [-0.0002469091998852891, 0.9999783567834954, -0.006574572261931169], [0.00035215362607809634, 0.00657465900276771, 0.9999783246885009]]}","[-0.18000662110661192, -4.291509303335959e-05, 6.134698893251589e-05]",,528,,,,,0,False,disabled,,,[],0,0.0,1.2378344167604738,617
0.0,149,v1,True,False,True,True,0.11993901413249337,0.007102320391257831,0.0002608433292868016,0.0025731470996307425,"{'position_m': [-0.12056546975430604, -1.6471254837808396e-05, -8.687347874122505e-05], 'rotation_matrix': [[0.9999989715668879, 0.00032945163887322475, 0.0013958247685377052], [-0.00031973437355662526, 0.9999757543806883, -0.0069561785991767355], [-0.0013980826503415355, 0.006955725152054365, 0.9999748313095244]]}",0.00031328964663183967,0.0004076636421366588,False,True,0.0,"{'position_m': [-0.30025891376382174, -1.3223692922893059e-05, 1.8999704112452173e-05], 'rotation_matrix': [[0.9999999075118311, 0.00024458858858958507, -0.0003537693481348165], [-0.0002469091998852891, 0.9999783567834954, -0.006574572261931169], [0.00035215362607809634, 0.00657465900276771, 0.9999783246885009]]}","[-0.18000662110661192, -4.291509303335959e-05, 6.134698893251589e-05]",,528,,,,,0,False,disabled,,,[],0,0.0,1.2378344167604738,617
0.0,149,v2,True,False,True,True,0.11993901413249337,0.007102320391257831,0.0002608433292868016,0.0025731470996307425,"{'position_m': [-0.12056546975430604, -1.6471254837808396e-05, -8.687347874122505e-05], 'rotation_matrix': [[0.9999989715668879, 0.00032945163887322475, 0.0013958247685377052], [-0.00031973437355662526, 0.9999757543806883, -0.0069561785991767355], [-0.0013980826503415355, 0.006955725152054365, 0.9999748313095244]]}",0.00031328964663183967,0.0004076636421366588,False,True,0.0,"{'position_m': [-0.30025891376382174, -1.3223692922893059e-05, 1.8999704112452173e-05], 'rotation_matrix': [[0.9999999075118311, 0.00024458858858958507, -0.0003537693481348165], [-0.0002469091998852891, 0.9999783567834954, -0.006574572261931169], [0.00035215362607809634, 0.00657465900276771, 0.9999783246885009]]}","[-0.18000662110661192, -4.291509303335959e-05, 6.134698893251589e-05]",,528,,,,,0,False,nominal,,,[],0,0.0,1.2378344167604738,617
0.0,150,baseline,True,False,True,True,0.12122948759355946,0.003570996089762305,0.00014574379642578097,0.0027953186697628023,"{'position_m': [-0.12145719300078918, -7.638845911682912e-06, -4.8995647130245326e-05], 'rotation_matrix': [[0.9999996859492942, 0.00014580189478359315, 0.0007790013606298055], [-0.00014308857974073104, 0.9999939276186975, -0.0034819895732976737], [-0.0007795043109139125, 0.0034818770135780835, 0.9999936344324853]]}",0.00011387175759867973,0.00018495413316606894,False,True,0.0,"{'position_m': [-0.3025107211756372, -5.0222652103591445e-06, 4.0962523060271115e-06], 'rotation_matrix': [[0.9999999890221133, 0.00010077139700536242, -0.00010863194199185743], [-0.00010112897070570799, 0.9999945609453514, -0.0032966426322910375], [0.00010829914385330468, 0.003296653581937348, 0.9999945601584324]]}","[-0.18116736315657272, -1.7293594243514613e-05, 1.723763423604143e-05]",,528,,,,,0,False,disabled,,,[],0,0.0,1.0931794541547002,616
0.0,150,v1,True,False,True,True,0.12122948759355946,0.003570996089762305,0.00014574379642578097,0.0027953186697628023,"{'position_m': [-0.12145719300078918, -7.638845911682912e-06, -4.8995647130245326e-05], 'rotation_matrix': [[0.9999996859492942, 0.00014580189478359315, 0.0007790013606298055], [-0.00014308857974073104, 0.9999939276186975, -0.0034819895732976737], [-0.0007795043109139125, 0.0034818770135780835, 0.9999936344324853]]}",0.00011387175759867973,0.00018495413316606894,False,True,0.0,"{'position_m': [-0.3025107211756372, -5.0222652103591445e-06, 4.0962523060271115e-06], 'rotation_matrix': [[0.9999999890221133, 0.00010077139700536242, -0.00010863194199185743], [-0.00010112897070570799, 0.9999945609453514, -0.0032966426322910375], [0.00010829914385330468, 0.003296653581937348, 0.9999945601584324]]}","[-0.18116736315657272, -1.7293594243514613e-05, 1.723763423604143e-05]",,528,,,,,0,False,disabled,,,[],0,0.0,1.0931794541547002,616
0.0,150,v2,True,False,True,True,0.12122948759355946,0.003570996089762305,0.00014574379642578097,0.0027953186697628023,"{'position_m': [-0.12145719300078918, -7.638845911682912e-06, -4.8995647130245326e-05], 'rotation_matrix': [[0.9999996859492942, 0.00014580189478359315, 0.0007790013606298055], [-0.00014308857974073104, 0.9999939276186975, -0.0034819895732976737], [-0.0007795043109139125, 0.0034818770135780835, 0.9999936344324853]]}",0.00011387175759867973,0.00018495413316606894,False,True,0.0,"{'position_m': [-0.3025107211756372, -5.0222652103591445e-06, 4.0962523060271115e-06], 'rotation_matrix': [[0.9999999890221133, 0.00010077139700536242, -0.00010863194199185743], [-0.00010112897070570799, 0.9999945609453514, -0.0032966426322910375], [0.00010829914385330468, 0.003296653581937348, 0.9999945601584324]]}","[-0.18116736315657272, -1.7293594243514613e-05, 1.723763423604143e-05]",,528,,,,,0,False,nominal,,,[],0,0.0,1.0931794541547002,616
0.0,151,baseline,True,False,True,True,0.1154092960666565,0.0036405236762202583,0.0002066394638786515,0.002736792308679438,"{'position_m': [-0.11617417450855856, -7.2641096933358875e-06, -7.015404753424117e-05], 'rotation_matrix': [[0.999999309128994, 0.00012471230926552616, 0.0011688406111034135], [-0.00012068430244518905, 0.999994056644544, -0.003445592966042672], [-0.0011692633721237745, 0.0034454495248685737, 0.9999933808284625]]}",0.00038247921954116804,0.00043473005579655697,False,True,0.0,"{'position_m': [-0.29171404518930116, -6.829542480960674e-06, -1.5987390668905525e-05], 'rotation_matrix': [[0.9999999583583886, 0.00010822057969024193, 0.0002675285526110167], [-0.00010732408916715152, 0.9999943871451472, -0.0033487549538376298], [-0.000267889455214427, 0.0033487261021318444, 0.999994357118445]]}","[-0.1759222747248596, -1.9256789296599325e-05, -4.700678626863637e-05]",,532,,,,,0,False,disabled,,,[],0,0.0,1.2154091679847552,622
0.0,151,v1,True,False,True,True,0.1154092960666565,0.0036405236762202583,0.0002066394638786515,0.002736792308679438,"{'position_m': [-0.11617417450855856, -7.2641096933358875e-06, -7.015404753424117e-05], 'rotation_matrix': [[0.999999309128994, 0.00012471230926552616, 0.0011688406111034135], [-0.00012068430244518905, 0.999994056644544, -0.003445592966042672], [-0.0011692633721237745, 0.0034454495248685737, 0.9999933808284625]]}",0.00038247921954116804,0.00043473005579655697,False,True,0.0,"{'position_m': [-0.29171404518930116, -6.829542480960674e-06, -1.5987390668905525e-05], 'rotation_matrix': [[0.9999999583583886, 0.00010822057969024193, 0.0002675285526110167], [-0.00010732408916715152, 0.9999943871451472, -0.0033487549538376298], [-0.000267889455214427, 0.0033487261021318444, 0.999994357118445]]}","[-0.1759222747248596, -1.9256789296599325e-05, -4.700678626863637e-05]",,532,,,,,0,False,disabled,,,[],0,0.0,1.2154091679847552,622
0.0,151,v2,True,False,True,True,0.1154092960666565,0.0036405236762202583,0.0002066394638786515,0.002736792308679438,"{'position_m': [-0.11617417450855856, -7.2641096933358875e-06, -7.015404753424117e-05], 'rotation_matrix': [[0.999999309128994, 0.00012471230926552616, 0.0011688406111034135], [-0.00012068430244518905, 0.999994056644544, -0.003445592966042672], [-0.0011692633721237745, 0.0034454495248685737, 0.9999933808284625]]}",0.00038247921954116804,0.00043473005579655697,False,True,0.0,"{'position_m': [-0.29171404518930116, -6.829542480960674e-06, -1.5987390668905525e-05], 'rotation_matrix': [[0.9999999583583886, 0.00010822057969024193, 0.0002675285526110167], [-0.00010732408916715152, 0.9999943871451472, -0.0033487549538376298], [-0.000267889455214427, 0.0033487261021318444, 0.999994357118445]]}","[-0.1759222747248596, -1.9256789296599325e-05, -4.700678626863637e-05]",,532,,,,,0,False,nominal,,,[],0,0.0,1.2154091679847552,622
0.0,152,baseline,True,False,True,True,0.12243428327739805,0.007481493521072943,0.000745666543268156,0.0021143282853149058,"{'position_m': [-0.12346294296756206, -1.0858486579815079e-05, -0.0002518736777968803], 'rotation_matrix': [[0.9999919420493044, 0.0002511654334302041, 0.004006588621939511], [-0.0002258660797751131, 0.9999800432633007, -0.006313640759596819], [-0.004008094431823227, 0.006312684932125559, 0.9999720422031674]]}",0.0005148252040091117,0.0009061255897680543,False,True,0.0,"{'position_m': [-0.3058920734506217, -9.027484686971785e-06, -0.00015339839381266616], 'rotation_matrix': [[0.9999971883168477, 0.0002043761938439171, 0.002362538628532076], [-0.00019001630565337584, 0.9999815181029768, -0.006076787495878445], [-0.0023637369150356353, 0.006076321489015261, 0.9999787453065986]]}","[-0.18294331066315145, -3.238982006398492e-05, -0.0004440177402008892]",531,530,"{'step': 630, 'failure': 'INSERTION_UNSTABLE'}",,,,0,False,disabled,,,[],0,0.0,1.2828737844183087,631
0.0,152,v1,True,False,True,True,0.12243428327739805,0.007481493521072943,0.000745666543268156,0.0021143282853149058,"{'position_m': [-0.12346294296756206, -1.0858486579815079e-05, -0.0002518736777968803], 'rotation_matrix': [[0.9999919420493044, 0.0002511654334302041, 0.004006588621939511], [-0.0002258660797751131, 0.9999800432633007, -0.006313640759596819], [-0.004008094431823227, 0.006312684932125559, 0.9999720422031674]]}",0.0005148252040091117,0.0009061255897680543,False,True,0.0,"{'position_m': [-0.3058920734506217, -9.027484686971785e-06, -0.00015339839381266616], 'rotation_matrix': [[0.9999971883168477, 0.0002043761938439171, 0.002362538628532076], [-0.00019001630565337584, 0.9999815181029768, -0.006076787495878445], [-0.0023637369150356353, 0.006076321489015261, 0.9999787453065986]]}","[-0.18294331066315145, -3.238982006398492e-05, -0.0004440177402008892]",531,530,"{'step': 630, 'failure': 'INSERTION_UNSTABLE'}",,,,0,False,disabled,,,[],0,0.0,1.2828737844183087,631
0.0,152,v2,True,False,True,True,0.12243428327739805,0.007481493521072943,0.000745666543268156,0.0021143282853149058,"{'position_m': [-0.12346294296756206, -1.0858486579815079e-05, -0.0002518736777968803], 'rotation_matrix': [[0.9999919420493044, 0.0002511654334302041, 0.004006588621939511], [-0.0002258660797751131, 0.9999800432633007, -0.006313640759596819], [-0.004008094431823227, 0.006312684932125559, 0.9999720422031674]]}",0.0005148252040091117,0.0009061255897680543,False,True,0.0,"{'position_m': [-0.3058920734506217, -9.027484686971785e-06, -0.00015339839381266616], 'rotation_matrix': [[0.9999971883168477, 0.0002043761938439171, 0.002362538628532076], [-0.00019001630565337584, 0.9999815181029768, -0.006076787495878445], [-0.0023637369150356353, 0.006076321489015261, 0.9999787453065986]]}","[-0.18294331066315145, -3.238982006398492e-05, -0.0004440177402008892]",531,530,"{'step': 630, 'failure': 'INSERTION_UNSTABLE'}",,,,0,False,nominal,,,[],0,0.0,1.2828737844183087,631
0.0,153,baseline,True,False,True,True,0.09036330059920954,0.0037584415141154594,0.00021775569566841665,0.002713860937923508,"{'position_m': [-0.09145258680204607, -1.0579243025182806e-05, -8.606165647506715e-05], 'rotation_matrix': [[0.9999989608870175, 0.0002045321889895161, 0.0014270218881538626], [-0.00019957781143658114, 0.9999939557668059, -0.0034711091243305567], [-0.001427723216448218, 0.003470820715550691, 0.9999929574801905]]}",0.0005446903332550629,0.000586604723930474,False,True,0.0,"{'position_m': [-0.24204859229242062, -1.0598810644352046e-05, -3.165006637573243e-05], 'rotation_matrix': [[0.9999998457509165, 0.00019378965505032592, 0.0005205225387822039], [-0.0001920285833901428, 0.9999942652948974, -0.0033811983588731575], [-0.0005211747950025673, 0.0033810978821206643, 0.9999941482598511]]}","[-0.1511406153824303, -2.805574336195717e-05, -7.902901991405491e-05]",,533,,,,,0,False,disabled,,,[],0,0.0,1.323345530684844,608
0.0,153,v1,True,False,True,True,0.09036330059920954,0.0037584415141154594,0.00021775569566841665,0.002713860937923508,"{'position_m': [-0.09145258680204607, -1.0579243025182806e-05, -8.606165647506715e-05], 'rotation_matrix': [[0.9999989608870175, 0.0002045321889895161, 0.0014270218881538626], [-0.00019957781143658114, 0.9999939557668059, -0.0034711091243305567], [-0.001427723216448218, 0.003470820715550691, 0.9999929574801905]]}",0.0005446903332550629,0.000586604723930474,False,True,0.0,"{'position_m': [-0.24204859229242062, -1.0598810644352046e-05, -3.165006637573243e-05], 'rotation_matrix': [[0.9999998457509165, 0.00019378965505032592, 0.0005205225387822039], [-0.0001920285833901428, 0.9999942652948974, -0.0033811983588731575], [-0.0005211747950025673, 0.0033810978821206643, 0.9999941482598511]]}","[-0.1511406153824303, -2.805574336195717e-05, -7.902901991405491e-05]",,533,,,,,0,False,disabled,,,[],0,0.0,1.323345530684844,608
0.0,153,v2,True,False,True,True,0.09036330059920954,0.0037584415141154594,0.00021775569566841665,0.002713860937923508,"{'position_m': [-0.09145258680204607, -1.0579243025182806e-05, -8.606165647506715e-05], 'rotation_matrix': [[0.9999989608870175, 0.0002045321889895161, 0.0014270218881538626], [-0.00019957781143658114, 0.9999939557668059, -0.0034711091243305567], [-0.001427723216448218, 0.003470820715550691, 0.9999929574801905]]}",0.0005446903332550629,0.000586604723930474,False,True,0.0,"{'position_m': [-0.24204859229242062, -1.0598810644352046e-05, -3.165006637573243e-05], 'rotation_matrix': [[0.9999998457509165, 0.00019378965505032592, 0.0005205225387822039], [-0.0001920285833901428, 0.9999942652948974, -0.0033811983588731575], [-0.0005211747950025673, 0.0033810978821206643, 0.9999941482598511]]}","[-0.1511406153824303, -2.805574336195717e-05, -7.902901991405491e-05]",,533,,,,,0,False,nominal,,,[],0,0.0,1.323345530684844,608
0.0,154,baseline,True,False,True,True,0.10544523627142634,0.00473688451786487,0.0002658148112423529,0.0026414819233931963,"{'position_m': [-0.10517253031692247, -1.239775019287332e-05, 9.746849536895749e-05], 'rotation_matrix': [[0.9999987341402073, 0.00019326112044819847, -0.001579356869792662], [-0.00020030571786607416, 0.999990027481337, -0.004461481311663043], [0.0015784788887496513, 0.004461792018264806, 0.9999888003454758]]}",0.00013628632406915975,0.00029871638054196445,False,True,0.0,"{'position_m': [-0.27021858860333503, -1.0673435640775713e-05, 0.00015270709991455075], 'rotation_matrix': [[0.9999968751043594, 0.0001536168590451675, -0.002495232128694837], [-0.00016438297311880786, 0.9999906766498798, -0.004315042474028853], [0.002494546001500565, 0.004315439163647376, 0.9999875770353702]]}","[-0.16490996773545646, -2.798443392914201e-05, 0.00041540511992795373]",,526,,,,,0,False,disabled,,,[],0,0.0,1.2129651834272734,600
0.0,154,v1,True,False,True,True,0.10544523627142634,0.00473688451786487,0.0002658148112423529,0.0026414819233931963,"{'position_m': [-0.10517253031692247, -1.239775019287332e-05, 9.746849536895749e-05], 'rotation_matrix': [[0.9999987341402073, 0.00019326112044819847, -0.001579356869792662], [-0.00020030571786607416, 0.999990027481337, -0.004461481311663043], [0.0015784788887496513, 0.004461792018264806, 0.9999888003454758]]}",0.00013628632406915975,0.00029871638054196445,False,True,0.0,"{'position_m': [-0.27021858860333503, -1.0673435640775713e-05, 0.00015270709991455075], 'rotation_matrix': [[0.9999968751043594, 0.0001536168590451675, -0.002495232128694837], [-0.00016438297311880786, 0.9999906766498798, -0.004315042474028853], [0.002494546001500565, 0.004315439163647376, 0.9999875770353702]]}","[-0.16490996773545646, -2.798443392914201e-05, 0.00041540511992795373]",,526,,,,,0,False,disabled,,,[],0,0.0,1.2129651834272734,600
0.0,154,v2,True,False,True,True,0.10544523627142634,0.00473688451786487,0.0002658148112423529,0.0026414819233931963,"{'position_m': [-0.10517253031692247, -1.239775019287332e-05, 9.746849536895749e-05], 'rotation_matrix': [[0.9999987341402073, 0.00019326112044819847, -0.001579356869792662], [-0.00020030571786607416, 0.999990027481337, -0.004461481311663043], [0.0015784788887496513, 0.004461792018264806, 0.9999888003454758]]}",0.00013628632406915975,0.00029871638054196445,False,True,0.0,"{'position_m': [-0.27021858860333503, -1.0673435640775713e-05, 0.00015270709991455075], 'rotation_matrix': [[0.9999968751043594, 0.0001536168590451675, -0.002495232128694837], [-0.00016438297311880786, 0.9999906766498798, -0.004315042474028853], [0.002494546001500565, 0.004315439163647376, 0.9999875770353702]]}","[-0.16490996773545646, -2.798443392914201e-05, 0.00041540511992795373]",,526,,,,,0,False,nominal,,,[],0,0.0,1.2129651834272734,600
0.0,155,baseline,False,False,True,True,-0.00011688761950179316,0.007435645724581237,0.011890421607404085,-0.0010310712373890057,"{'position_m': [-0.2223016805753645, 0.00451635706905384, -0.011194645187295158], 'rotation_matrix': [[0.9999882035168738, 0.004856714763543188, 7.175514621439516e-05], [-0.004856233822009545, 0.9999723593625438, -0.005630053638612986], [-9.909672748260458e-05, 0.0056296387640122885, 0.9999841485479786]]}",0.11120993935108825,0.11184378720552407,False,True,0.0,"{'position_m': [-0.2823360737901614, -1.2786621663161943e-05, -6.482601547844525e-05], 'rotation_matrix': [[0.999999454976335, 0.0002514764762415668, 0.0010133146671262015], [-0.0002444347204275756, 0.9999758646349305, -0.006943370888131858], [-0.0010150363048509665, 0.006943119414543047, 0.9999753810940023]]}","[-0.17124308260691717, -3.994162070461847e-05, -0.00017758949620269202]",533,532,"{'step': 630, 'failure': 'INSERTION_LATERAL_INTERFERENCE'}",,,,0,False,disabled,,,[],0,0.0,0.9160062209964258,
0.0,155,v1,False,False,True,True,-0.00011688761950179316,0.007435645724581237,0.011890421607404085,-0.0010310712373890057,"{'position_m': [-0.2223016805753645, 0.00451635706905384, -0.011194645187295158], 'rotation_matrix': [[0.9999882035168738, 0.004856714763543188, 7.175514621439516e-05], [-0.004856233822009545, 0.9999723593625438, -0.005630053638612986], [-9.909672748260458e-05, 0.0056296387640122885, 0.9999841485479786]]}",0.11120993935108825,0.11184378720552407,False,True,0.0,"{'position_m': [-0.2823360737901614, -1.2786621663161943e-05, -6.482601547844525e-05], 'rotation_matrix': [[0.999999454976335, 0.0002514764762415668, 0.0010133146671262015], [-0.0002444347204275756, 0.9999758646349305, -0.006943370888131858], [-0.0010150363048509665, 0.006943119414543047, 0.9999753810940023]]}","[-0.17124308260691717, -3.994162070461847e-05, -0.00017758949620269202]",533,532,"{'step': 630, 'failure': 'INSERTION_LATERAL_INTERFERENCE'}","{'step': 642, 'failure': 'INSERTION_LATERAL_INTERFERENCE'}",12,True,0,False,disabled,,,[],0,0.0,0.9160062209964258,
0.0,155,v2,False,False,False,True,-0.00011755069857687095,0.007818192145947494,0.012036762875780597,-0.0011236031665575429,"{'position_m': [-0.22230234455021514, 0.004663513514008829, -0.011298796853425594], 'rotation_matrix': [[0.9999882115801643, 0.0048552765920914145, 5.468014810088871e-05], [-0.004854850385833708, 0.9999694405104507, -0.006127680878371219], [-8.443006263603636e-05, 0.006127343178758301, 0.9999812240922997]]}",0.11121060243016333,0.11186009902287597,False,True,0.0,"{'position_m': [-0.2823360737901614, -1.2786621663161943e-05, -6.482601547844525e-05], 'rotation_matrix': [[0.999999454976335, 0.0002514764762415668, 0.0010133146671262015], [-0.0002444347204275756, 0.9999758646349305, -0.006943370888131858], [-0.0010150363048509665, 0.006943119414543047, 0.9999753810940023]]}","[-0.17124308260691717, -3.994162070461847e-05, -0.00017758949620269202]",533,532,"{'step': 630, 'failure': 'INSERTION_LATERAL_INTERFERENCE'}","{'step': 642, 'failure': 'INSERTION_LATERAL_INTERFERENCE'}",12,True,1,False,aborted,reinsert_physical_effect_not_completed,INSERTION_LATERAL_INTERFERENCE,"['backout', 'realign']",173,0.13699644215363432,1.0510459656459636,
0.0,156,baseline,True,False,True,True,0.0971605051840587,0.005239457818435499,0.00043712937418156,0.002472221164591344,"{'position_m': [-0.09792869165352829, -1.071966779958648e-05, -0.0001692548394203186], 'rotation_matrix': [[0.9999962387553197, 0.00020230589613234087, 0.002735241769717892], [-0.0001900931457078294, 0.9999900160697077, -0.004464484908976263], [-0.002736117652875009, 0.004463948166243868, 0.9999862933195431]]}",0.00038427667963072953,0.0005820229001339901,False,True,0.0,"{'position_m': [-0.2551665643004137, -1.0559489895638821e-05, -0.00011027604341506958], 'rotation_matrix': [[0.9999984477074424, 0.00019445037447801678, 0.0017512200766441907], [-0.00018687542051111167, 0.9999906311754042, -0.004324654783153645], [-0.0017520446005125367, 0.004324320810035981, 0.9999891152353854]]}","[-0.1576219338547632, -2.878821202508044e-05, -0.00028117885178751984]",,531,,,,,0,False,disabled,,,[],0,0.0,1.1995947724228415,608
0.0,156,v1,True,False,True,True,0.0971605051840587,0.005239457818435499,0.00043712937418156,0.002472221164591344,"{'position_m': [-0.09792869165352829, -1.071966779958648e-05, -0.0001692548394203186], 'rotation_matrix': [[0.9999962387553197, 0.00020230589613234087, 0.002735241769717892], [-0.0001900931457078294, 0.9999900160697077, -0.004464484908976263], [-0.002736117652875009, 0.004463948166243868, 0.9999862933195431]]}",0.00038427667963072953,0.0005820229001339901,False,True,0.0,"{'position_m': [-0.2551665643004137, -1.0559489895638821e-05, -0.00011027604341506958], 'rotation_matrix': [[0.9999984477074424, 0.00019445037447801678, 0.0017512200766441907], [-0.00018687542051111167, 0.9999906311754042, -0.004324654783153645], [-0.0017520446005125367, 0.004324320810035981, 0.9999891152353854]]}","[-0.1576219338547632, -2.878821202508044e-05, -0.00028117885178751984]",,531,,,,,0,False,disabled,,,[],0,0.0,1.1995947724228415,608
0.0,156,v2,True,False,True,True,0.0971605051840587,0.005239457818435499,0.00043712937418156,0.002472221164591344,"{'position_m': [-0.09792869165352829, -1.071966779958648e-05, -0.0001692548394203186], 'rotation_matrix': [[0.9999962387553197, 0.00020230589613234087, 0.002735241769717892], [-0.0001900931457078294, 0.9999900160697077, -0.004464484908976263], [-0.002736117652875009, 0.004463948166243868, 0.9999862933195431]]}",0.00038427667963072953,0.0005820229001339901,False,True,0.0,"{'position_m': [-0.2551665643004137, -1.0559489895638821e-05, -0.00011027604341506958], 'rotation_matrix': [[0.9999984477074424, 0.00019445037447801678, 0.0017512200766441907], [-0.00018687542051111167, 0.9999906311754042, -0.004324654783153645], [-0.0017520446005125367, 0.004324320810035981, 0.9999891152353854]]}","[-0.1576219338547632, -2.878821202508044e-05, -0.00028117885178751984]",,531,,,,,0,False,nominal,,,[],0,0.0,1.1995947724228415,608
0.0,157,baseline,True,False,True,True,0.11685776964074222,0.005453271315318186,7.368497548781876e-05,0.002820098041240178,"{'position_m': [-0.11693439121906232, -1.0817818447530756e-05, 2.2848225683917635e-05], 'rotation_matrix': [[0.9999999142621375, 0.0001709868469611784, -0.0003771461455926596], [-0.00017303505120590986, 0.9999852018966977, -0.005437466918652647], [0.0003762108292211608, 0.005437531711958473, 0.9999851457468222]]}",3.831580037029492e-05,8.305164760952514e-05,False,True,0.0,"{'position_m': [-0.29348626382893367, -9.7876895665563e-06, 9.320742504808178e-05], 'rotation_matrix': [[0.9999987977927478, 0.00013854481710768132, -0.0015444152266542379], [-0.00014679643258953023, 0.9999857097342827, -0.005344041357426451], [0.0015436527673177915, 0.005344261647426888, 0.9999845278820956]]}","[-0.17659031892114282, -2.694761789299254e-05, 0.0002736543908278721]",,527,,,,,0,False,disabled,,,[],0,0.0,1.2036975857437244,611
0.0,157,v1,True,False,True,True,0.11685776964074222,0.005453271315318186,7.368497548781876e-05,0.002820098041240178,"{'position_m': [-0.11693439121906232, -1.0817818447530756e-05, 2.2848225683917635e-05], 'rotation_matrix': [[0.9999999142621375, 0.0001709868469611784, -0.0003771461455926596], [-0.00017303505120590986, 0.9999852018966977, -0.005437466918652647], [0.0003762108292211608, 0.005437531711958473, 0.9999851457468222]]}",3.831580037029492e-05,8.305164760952514e-05,False,True,0.0,"{'position_m': [-0.29348626382893367, -9.7876895665563e-06, 9.320742504808178e-05], 'rotation_matrix': [[0.9999987977927478, 0.00013854481710768132, -0.0015444152266542379], [-0.00014679643258953023, 0.9999857097342827, -0.005344041357426451], [0.0015436527673177915, 0.005344261647426888, 0.9999845278820956]]}","[-0.17659031892114282, -2.694761789299254e-05, 0.0002736543908278721]",,527,,,,,0,False,disabled,,,[],0,0.0,1.2036975857437244,611
0.0,157,v2,True,False,True,True,0.11685776964074222,0.005453271315318186,7.368497548781876e-05,0.002820098041240178,"{'position_m': [-0.11693439121906232, -1.0817818447530756e-05, 2.2848225683917635e-05], 'rotation_matrix': [[0.9999999142621375, 0.0001709868469611784, -0.0003771461455926596], [-0.00017303505120590986, 0.9999852018966977, -0.005437466918652647], [0.0003762108292211608, 0.005437531711958473, 0.9999851457468222]]}",3.831580037029492e-05,8.305164760952514e-05,False,True,0.0,"{'position_m': [-0.29348626382893367, -9.7876895665563e-06, 9.320742504808178e-05], 'rotation_matrix': [[0.9999987977927478, 0.00013854481710768132, -0.0015444152266542379], [-0.00014679643258953023, 0.9999857097342827, -0.005344041357426451], [0.0015436527673177915, 0.005344261647426888, 0.9999845278820956]]}","[-0.17659031892114282, -2.694761789299254e-05, 0.0002736543908278721]",,527,,,,,0,False,nominal,,,[],0,0.0,1.2036975857437244,611
0.0,158,baseline,True,False,True,True,0.08860879396898562,0.002526058753249619,0.00010996219453753592,0.0028520354705410048,"{'position_m': [-0.0890927293402744, -8.111761109254166e-06, -4.3317614560405094e-05], 'rotation_matrix': [[0.9999997250150013, 0.00014011348532698534, 0.0007282431825893157], [-0.00013835455549529623, 0.9999970748072112, -0.002414795030227855], [-0.0007285793976856451, 0.0024146936104336276, 0.9999968192083558]]}",0.0002419799019593577,0.000265793072106425,False,True,0.0,"{'position_m': [-0.23775682148371635, -7.07998621009474e-06, -1.0207132396951522e-05], 'rotation_matrix': [[0.9999999772889043, 0.00012700975951169003, 0.00017114529247467362], [-0.00012660784241912105, 0.9999972392670087, -0.0023463650216022625], [-0.00017144283124533879, 0.0023463432999775227, 0.9999972326364077]]}","[-0.1489060496306698, -1.83291909871643e-05, -2.54399606277257e-05]",,531,,,,,0,False,disabled,,,[],0,0.0,1.0254692919761976,601
0.0,158,v1,True,False,True,True,0.08860879396898562,0.002526058753249619,0.00010996219453753592,0.0028520354705410048,"{'position_m': [-0.0890927293402744, -8.111761109254166e-06, -4.3317614560405094e-05], 'rotation_matrix': [[0.9999997250150013, 0.00014011348532698534, 0.0007282431825893157], [-0.00013835455549529623, 0.9999970748072112, -0.002414795030227855], [-0.0007285793976856451, 0.0024146936104336276, 0.9999968192083558]]}",0.0002419799019593577,0.000265793072106425,False,True,0.0,"{'position_m': [-0.23775682148371635, -7.07998621009474e-06, -1.0207132396951522e-05], 'rotation_matrix': [[0.9999999772889043, 0.00012700975951169003, 0.00017114529247467362], [-0.00012660784241912105, 0.9999972392670087, -0.0023463650216022625], [-0.00017144283124533879, 0.0023463432999775227, 0.9999972326364077]]}","[-0.1489060496306698, -1.83291909871643e-05, -2.54399606277257e-05]",,531,,,,,0,False,disabled,,,[],0,0.0,1.0254692919761976,601
0.0,158,v2,True,False,True,True,0.08860879396898562,0.002526058753249619,0.00010996219453753592,0.0028520354705410048,"{'position_m': [-0.0890927293402744, -8.111761109254166e-06, -4.3317614560405094e-05], 'rotation_matrix': [[0.9999997250150013, 0.00014011348532698534, 0.0007282431825893157], [-0.00013835455549529623, 0.9999970748072112, -0.002414795030227855], [-0.0007285793976856451, 0.0024146936104336276, 0.9999968192083558]]}",0.0002419799019593577,0.000265793072106425,False,True,0.0,"{'position_m': [-0.23775682148371635, -7.07998621009474e-06, -1.0207132396951522e-05], 'rotation_matrix': [[0.9999999772889043, 0.00012700975951169003, 0.00017114529247467362], [-0.00012660784241912105, 0.9999972392670087, -0.0023463650216022625], [-0.00017144283124533879, 0.0023463432999775227, 0.9999972326364077]]}","[-0.1489060496306698, -1.83291909871643e-05, -2.54399606277257e-05]",,531,,,,,0,False,nominal,,,[],0,0.0,1.0254692919761976,601
0.0,159,baseline,True,False,True,True,0.11629781126961093,0.0037301921610186145,0.0002803333066582204,0.002663308204647951,"{'position_m': [-0.11680976098788484, -6.690614200407809e-06, -9.716306203126683e-05], 'rotation_matrix': [[0.9999987680578334, 0.0001430654292848669, 0.0015631426994491015], [-0.0001377751775078763, 0.99999426492449, -0.003383952737563657], [-0.001563617861358766, 0.003383733206466702, 0.9999930527002533]]}",0.0002560466529430844,0.00037966650010935667,False,True,0.0,"{'position_m': [-0.2930951677608632, -5.829839629602813e-06, -4.544119260195464e-05], 'rotation_matrix': [[0.9999997457064619, 0.00012102285454521522, 0.0007028089929391221], [-0.00011872028228824058, 0.9999946289469288, -0.0032753599480189483], [-0.0007032016115252942, 0.0032752756774340414, 0.9999943890226238]]}","[-0.17654133947720207, -1.9667146543951914e-05, -0.0001274020533225848]",,530,,,,,0,False,disabled,,,[],0,0.0,1.083996259962754,618
0.0,159,v1,True,False,True,True,0.11629781126961093,0.0037301921610186145,0.0002803333066582204,0.002663308204647951,"{'position_m': [-0.11680976098788484, -6.690614200407809e-06, -9.716306203126683e-05], 'rotation_matrix': [[0.9999987680578334, 0.0001430654292848669, 0.0015631426994491015], [-0.0001377751775078763, 0.99999426492449, -0.003383952737563657], [-0.001563617861358766, 0.003383733206466702, 0.9999930527002533]]}",0.0002560466529430844,0.00037966650010935667,False,True,0.0,"{'position_m': [-0.2930951677608632, -5.829839629602813e-06, -4.544119260195464e-05], 'rotation_matrix': [[0.9999997457064619, 0.00012102285454521522, 0.0007028089929391221], [-0.00011872028228824058, 0.9999946289469288, -0.0032753599480189483], [-0.0007032016115252942, 0.0032752756774340414, 0.9999943890226238]]}","[-0.17654133947720207, -1.9667146543951914e-05, -0.0001274020533225848]",,530,,,,,0,False,disabled,,,[],0,0.0,1.083996259962754,618
0.0,159,v2,True,False,True,True,0.11629781126961093,0.0037301921610186145,0.0002803333066582204,0.002663308204647951,"{'position_m': [-0.11680976098788484, -6.690614200407809e-06, -9.716306203126683e-05], 'rotation_matrix': [[0.9999987680578334, 0.0001430654292848669, 0.0015631426994491015], [-0.0001377751775078763, 0.99999426492449, -0.003383952737563657], [-0.001563617861358766, 0.003383733206466702, 0.9999930527002533]]}",0.0002560466529430844,0.00037966650010935667,False,True,0.0,"{'position_m': [-0.2930951677608632, -5.829839629602813e-06, -4.544119260195464e-05], 'rotation_matrix': [[0.9999997457064619, 0.00012102285454521522, 0.0007028089929391221], [-0.00011872028228824058, 0.9999946289469288, -0.0032753599480189483], [-0.0007032016115252942, 0.0032752756774340414, 0.9999943890226238]]}","[-0.17654133947720207, -1.9667146543951914e-05, -0.0001274020533225848]",,530,,,,,0,False,nominal,,,[],0,0.0,1.083996259962754,618
0.5,142,baseline,True,False,True,True,0.1209986577215635,0.0054038336667018285,0.0015247517875073106,0.0014052592614420822,"{'position_m': [-0.1211659696663424, 0.0014935943029907534, -0.00014182956209403703], 'rotation_matrix': [[0.9999975442117743, 0.0002151170706628646, 0.0022057413867713213], [-0.00020424356440607605, 0.9999878331315277, -0.004928678674568929], [-0.0022067747927246983, 0.004928216062294881, 0.9999854213094592]]}",8.380464883216143e-05,0.0015270531204488666,True,True,0.0015000002458691597,"{'position_m': [-0.3018988080466492, 0.0014958407958887423, -7.075147927828109e-05], 'rotation_matrix': [[0.9999994702187415, 0.0001695281692771115, 0.0010152942603368358], [-0.00016474778961670622, 0.9999889103120879, -0.004706602915873803], [-0.0010160809028161926, 0.0047064331549185896, 0.9999884084660963]]}","[-0.18081640982347286, 0.0014758927278518716, -0.00019378105695880038]",,527,,,,,0,False,disabled,,,[],0,0.0,1.1679440801946035,614
0.5,142,v1,True,False,True,True,0.1209986577215635,0.0054038336667018285,0.0015247517875073106,0.0014052592614420822,"{'position_m': [-0.1211659696663424, 0.0014935943029907534, -0.00014182956209403703], 'rotation_matrix': [[0.9999975442117743, 0.0002151170706628646, 0.0022057413867713213], [-0.00020424356440607605, 0.9999878331315277, -0.004928678674568929], [-0.0022067747927246983, 0.004928216062294881, 0.9999854213094592]]}",8.380464883216143e-05,0.0015270531204488666,True,True,0.0015000002458691597,"{'position_m': [-0.3018988080466492, 0.0014958407958887423, -7.075147927828109e-05], 'rotation_matrix': [[0.9999994702187415, 0.0001695281692771115, 0.0010152942603368358], [-0.00016474778961670622, 0.9999889103120879, -0.004706602915873803], [-0.0010160809028161926, 0.0047064331549185896, 0.9999884084660963]]}","[-0.18081640982347286, 0.0014758927278518716, -0.00019378105695880038]",,527,,,,,0,False,disabled,,,[],0,0.0,1.1679440801946035,614
0.5,142,v2,True,False,True,True,0.1209986577215635,0.0054038336667018285,0.0015247517875073106,0.0014052592614420822,"{'position_m': [-0.1211659696663424, 0.0014935943029907534, -0.00014182956209403703], 'rotation_matrix': [[0.9999975442117743, 0.0002151170706628646, 0.0022057413867713213], [-0.00020424356440607605, 0.9999878331315277, -0.004928678674568929], [-0.0022067747927246983, 0.004928216062294881, 0.9999854213094592]]}",8.380464883216143e-05,0.0015270531204488666,True,True,0.0015000002458691597,"{'position_m': [-0.3018988080466492, 0.0014958407958887423, -7.075147927828109e-05], 'rotation_matrix': [[0.9999994702187415, 0.0001695281692771115, 0.0010152942603368358], [-0.00016474778961670622, 0.9999889103120879, -0.004706602915873803], [-0.0010160809028161926, 0.0047064331549185896, 0.9999884084660963]]}","[-0.18081640982347286, 0.0014758927278518716, -0.00019378105695880038]",,527,,,,,0,False,nominal,,,[],0,0.0,1.1679440801946035,614
0.5,143,baseline,False,False,True,False,-0.3693886360021355,0.3760800064596686,0.19968742274575152,,"{'position_m': [-0.5904060919696098, 0.13679923038306777, -0.08880036770917152], 'rotation_matrix': [[0.9301115026973217, -0.36727726928335636, -4.229720668891207e-06], [0.367277269307195, 0.9301115026150103, 1.238940660310859e-05], [-6.162355782467412e-07, -1.3077009850348017e-05, 0.9999999999143055]]}",0.4838988369198563,0.5234817582067499,False,False,0.0015000002458691597,"{'position_m': [-0.5904060919696098, 0.13679923038306777, -0.08880036770917152], 'rotation_matrix': [[0.9301115026973217, -0.36727726928335636, -4.229720668891207e-06], [0.367277269307195, 0.9301115026150103, 1.238940660310859e-05], [-6.162355782467412e-07, -1.3077009850348017e-05, 0.9999999999143055]]}","[-0.4838988369198563, 0.1788562242839465, -0.08880043827443139]",,,"{'step': 168, 'failure': 'GRASP_FAILURE'}",,,,0,False,disabled,,,[],0,0.0,1.3339098325712289,
0.5,143,v1,False,False,True,False,-0.3693886360021355,0.3760800064596686,0.19968742274575152,,"{'position_m': [-0.5904060919696098, 0.13679923038306777, -0.08880036770917152], 'rotation_matrix': [[0.9301115026973217, -0.36727726928335636, -4.229720668891207e-06], [0.367277269307195, 0.9301115026150103, 1.238940660310859e-05], [-6.162355782467412e-07, -1.3077009850348017e-05, 0.9999999999143055]]}",0.4838988369198563,0.5234817582067499,False,False,0.0015000002458691597,"{'position_m': [-0.5904060919696098, 0.13679923038306777, -0.08880036770917152], 'rotation_matrix': [[0.9301115026973217, -0.36727726928335636, -4.229720668891207e-06], [0.367277269307195, 0.9301115026150103, 1.238940660310859e-05], [-6.162355782467412e-07, -1.3077009850348017e-05, 0.9999999999143055]]}","[-0.4838988369198563, 0.1788562242839465, -0.08880043827443139]",,,"{'step': 168, 'failure': 'GRASP_FAILURE'}","{'step': 170, 'failure': 'GRASP_FAILURE'}",2,True,0,False,disabled,,,[],0,0.0,1.3339098325712289,
0.5,143,v2,False,False,False,False,-0.36938841477455825,0.3760797906020496,0.19968738267110062,,"{'position_m': [-0.5904058798196172, 0.13679920776615764, -0.08880037702239696], 'rotation_matrix': [[0.9301115819704747, -0.3672770685293514, -4.1069326295221815e-06], [0.36727706855190156, 0.930111581894533, 1.1898362020884247e-05], [-5.500899185521839e-07, -1.2575186499013121e-05, 0.9999999999207809]]}",0.48389861569227904,0.523481538420352,False,False,0.0015000002458691597,"{'position_m': [-0.5904058751704137, 0.1367992219234706, -0.08880037329710665], 'rotation_matrix': [[0.9301115819704401, -0.36727706852966135, -4.0869485249696325e-06], [0.3672770685520095, 0.930111581895625, 1.1809327227406472e-05], [-5.359769277038648e-07, -1.2485034503063433e-05, 0.9999999999219181]]}","[-0.4838986110430794, 0.1788561928358327, -0.08880043467193233]",,,"{'step': 168, 'failure': 'GRASP_FAILURE'}","{'step': 170, 'failure': 'GRASP_FAILURE'}",2,True,1,False,aborted,acquisition_or_attachment_unavailable_consumes_single_episode,GRASP_FAILURE,[],0,0.0,0.4846633557921399,
0.5,144,baseline,True,False,True,True,0.08845745899353542,0.005638787919654132,0.0015121337285509886,0.0013949410556570903,"{'position_m': [-0.0890097819728886, 0.0014849497642938341, -0.0001570284366607666], 'rotation_matrix': [[0.9999967989758516, 0.0002547122422382496, 0.0025173715903947123], [-0.0002420234344279528, 0.9999872722581347, -0.005039518468337385], [-0.0025186231769878014, 0.005038893073799032, 0.9999841329210595]]}",0.0002763035091348648,0.0015371701409348786,True,True,0.001499999314546585,"{'position_m': [-0.23737635210726327, 0.0014860928582046643, -9.302794933319092e-05], 'rotation_matrix': [[0.9999989225209012, 0.00022613742551957038, 0.0014504547223016015], [-0.00021908268197524475, 0.9999881557712813, -0.0048621312127822315], [-0.0014515370526191214, 0.004861808204426828, 0.9999871278477379]]}","[-0.14864268521336743, 0.0014666528275338248, -0.00022182829342412205]",,529,,,,,0,False,disabled,,,[],0,0.0,1.247522959594434,599
0.5,144,v1,True,False,True,True,0.08845745899353542,0.005638787919654132,0.0015121337285509886,0.0013949410556570903,"{'position_m': [-0.0890097819728886, 0.0014849497642938341, -0.0001570284366607666], 'rotation_matrix': [[0.9999967989758516, 0.0002547122422382496, 0.0025173715903947123], [-0.0002420234344279528, 0.9999872722581347, -0.005039518468337385], [-0.0025186231769878014, 0.005038893073799032, 0.9999841329210595]]}",0.0002763035091348648,0.0015371701409348786,True,True,0.001499999314546585,"{'position_m': [-0.23737635210726327, 0.0014860928582046643, -9.302794933319092e-05], 'rotation_matrix': [[0.9999989225209012, 0.00022613742551957038, 0.0014504547223016015], [-0.00021908268197524475, 0.9999881557712813, -0.0048621312127822315], [-0.0014515370526191214, 0.004861808204426828, 0.9999871278477379]]}","[-0.14864268521336743, 0.0014666528275338248, -0.00022182829342412205]",,529,,,,,0,False,disabled,,,[],0,0.0,1.247522959594434,599
0.5,144,v2,True,False,True,True,0.08845745899353542,0.005638787919654132,0.0015121337285509886,0.0013949410556570903,"{'position_m': [-0.0890097819728886, 0.0014849497642938341, -0.0001570284366607666], 'rotation_matrix': [[0.9999967989758516, 0.0002547122422382496, 0.0025173715903947123], [-0.0002420234344279528, 0.9999872722581347, -0.005039518468337385], [-0.0025186231769878014, 0.005038893073799032, 0.9999841329210595]]}",0.0002763035091348648,0.0015371701409348786,True,True,0.001499999314546585,"{'position_m': [-0.23737635210726327, 0.0014860928582046643, -9.302794933319092e-05], 'rotation_matrix': [[0.9999989225209012, 0.00022613742551957038, 0.0014504547223016015], [-0.00021908268197524475, 0.9999881557712813, -0.0048621312127822315], [-0.0014515370526191214, 0.004861808204426828, 0.9999871278477379]]}","[-0.14864268521336743, 0.0014666528275338248, -0.00022182829342412205]",,529,,,,,0,False,nominal,,,[],0,0.0,1.247522959594434,599
0.5,145,baseline,True,False,True,True,0.09598491251666712,0.0025993950426631235,0.001512883405668409,0.0014784652082822612,"{'position_m': [-0.09665827654859392, 0.0014946403409674756, -0.00011876594548737442], 'rotation_matrix': [[0.9999982326075084, 0.00012478512161269255, 0.001875955898307823], [-0.00012141755829022085, 0.9999983813901165, -0.0017951253222884263], [-0.0018761768667987175, 0.0017948943756127783, 0.9999966291515908]]}",0.0003367671350700957,0.0015499123531381265,True,True,0.0015000002458691597,"{'position_m': [-0.25278590336992773, 0.0014930881670627584, -8.40052066926083e-05], 'rotation_matrix': [[0.9999991299965079, 0.00012394424697656408, 0.0013132570390155054], [-0.00012166801891707516, 0.9999984905933473, -0.0017332074081309028], [-0.0013134698778636492, 0.0017330461188521397, 0.9999976356712197]]}","[-0.1564643075183882, 0.0014813688991207664, -0.0002105208315003971]",,532,,,,,0,False,disabled,,,[],0,0.0,1.0450083563585948,608
0.5,145,v1,True,False,True,True,0.09598491251666712,0.0025993950426631235,0.001512883405668409,0.0014784652082822612,"{'position_m': [-0.09665827654859392, 0.0014946403409674756, -0.00011876594548737442], 'rotation_matrix': [[0.9999982326075084, 0.00012478512161269255, 0.001875955898307823], [-0.00012141755829022085, 0.9999983813901165, -0.0017951253222884263], [-0.0018761768667987175, 0.0017948943756127783, 0.9999966291515908]]}",0.0003367671350700957,0.0015499123531381265,True,True,0.0015000002458691597,"{'position_m': [-0.25278590336992773, 0.0014930881670627584, -8.40052066926083e-05], 'rotation_matrix': [[0.9999991299965079, 0.00012394424697656408, 0.0013132570390155054], [-0.00012166801891707516, 0.9999984905933473, -0.0017332074081309028], [-0.0013134698778636492, 0.0017330461188521397, 0.9999976356712197]]}","[-0.1564643075183882, 0.0014813688991207664, -0.0002105208315003971]",,532,,,,,0,False,disabled,,,[],0,0.0,1.0450083563585948,608
0.5,145,v2,True,False,True,True,0.09598491251666712,0.0025993950426631235,0.001512883405668409,0.0014784652082822612,"{'position_m': [-0.09665827654859392, 0.0014946403409674756, -0.00011876594548737442], 'rotation_matrix': [[0.9999982326075084, 0.00012478512161269255, 0.001875955898307823], [-0.00012141755829022085, 0.9999983813901165, -0.0017951253222884263], [-0.0018761768667987175, 0.0017948943756127783, 0.9999966291515908]]}",0.0003367671350700957,0.0015499123531381265,True,True,0.0015000002458691597,"{'position_m': [-0.25278590336992773, 0.0014930881670627584, -8.40052066926083e-05], 'rotation_matrix': [[0.9999991299965079, 0.00012394424697656408, 0.0013132570390155054], [-0.00012166801891707516, 0.9999984905933473, -0.0017332074081309028], [-0.0013134698778636492, 0.0017330461188521397, 0.9999976356712197]]}","[-0.1564643075183882, 0.0014813688991207664, -0.0002105208315003971]",,532,,,,,0,False,nominal,,,[],0,0.0,1.0450083563585948,608
0.5,146,baseline,True,False,True,True,0.10452199038568455,0.005282025889007251,0.0015164479152185364,0.0014091008105209385,"{'position_m': [-0.10532648787706954, 0.0014907288284083007, -0.00014398877453083837], 'rotation_matrix': [[0.9999973000004716, 0.00024337179604771625, 0.0023110088567594453], [-0.0002324070689578223, 0.9999887218373276, -0.004743646814707097], [-0.002312137262670733, 0.0047430969120681975, 0.9999860784295758]]}",0.0004023903935818085,0.0015689271201740278,True,True,0.0015000002458691597,"{'position_m': [-0.26987623176480896, 0.00149182411431487, -7.504673841777624e-05], 'rotation_matrix': [[0.999999303732025, 0.0002201869849048561, 0.001159333065841377], [-0.0002148876231747846, 0.9999895381290705, -0.004569185454586263], [-0.0011603270122171941, 0.0045689331468817705, 0.9999888891838372]]}","[-0.16495192404102874, 0.0014692771635161275, -0.00019679333167612156]",,531,,,,,0,False,disabled,,,[],0,0.0,1.161009921707455,613
0.5,146,v1,True,False,True,True,0.10452199038568455,0.005282025889007251,0.0015164479152185364,0.0014091008105209385,"{'position_m': [-0.10532648787706954, 0.0014907288284083007, -0.00014398877453083837], 'rotation_matrix': [[0.9999973000004716, 0.00024337179604771625, 0.0023110088567594453], [-0.0002324070689578223, 0.9999887218373276, -0.004743646814707097], [-0.002312137262670733, 0.0047430969120681975, 0.9999860784295758]]}",0.0004023903935818085,0.0015689271201740278,True,True,0.0015000002458691597,"{'position_m': [-0.26987623176480896, 0.00149182411431487, -7.504673841777624e-05], 'rotation_matrix': [[0.999999303732025, 0.0002201869849048561, 0.001159333065841377], [-0.0002148876231747846, 0.9999895381290705, -0.004569185454586263], [-0.0011603270122171941, 0.0045689331468817705, 0.9999888891838372]]}","[-0.16495192404102874, 0.0014692771635161275, -0.00019679333167612156]",,531,,,,,0,False,disabled,,,[],0,0.0,1.161009921707455,613
0.5,146,v2,True,False,True,True,0.10452199038568455,0.005282025889007251,0.0015164479152185364,0.0014091008105209385,"{'position_m': [-0.10532648787706954, 0.0014907288284083007, -0.00014398877453083837], 'rotation_matrix': [[0.9999973000004716, 0.00024337179604771625, 0.0023110088567594453], [-0.0002324070689578223, 0.9999887218373276, -0.004743646814707097], [-0.002312137262670733, 0.0047430969120681975, 0.9999860784295758]]}",0.0004023903935818085,0.0015689271201740278,True,True,0.0015000002458691597,"{'position_m': [-0.26987623176480896, 0.00149182411431487, -7.504673841777624e-05], 'rotation_matrix': [[0.999999303732025, 0.0002201869849048561, 0.001159333065841377], [-0.0002148876231747846, 0.9999895381290705, -0.004569185454586263], [-0.0011603270122171941, 0.0045689331468817705, 0.9999888891838372]]}","[-0.16495192404102874, 0.0014692771635161275, -0.00019679333167612156]",,531,,,,,0,False,nominal,,,[],0,0.0,1.161009921707455,613
0.5,147,baseline,True,False,True,True,0.09883196313567151,0.0068056859847629644,0.0016789301613773084,0.0014092532502341833,"{'position_m': [-0.1005024465893161, 0.0014923771049490497, -0.0003063380121462717], 'rotation_matrix': [[0.9999875598310634, 0.00020381134482853582, 0.004983838284981625], [-0.00018073400864820983, 0.9999892630928569, -0.004630446438838257], [-0.0049847285114886, 0.004629488086230608, 0.9999768598931307]]}",0.0008358616691113568,0.0018754922598272856,True,True,0.001499999314546585,"{'position_m': [-0.2598478748531755, 0.001491544132734726, -0.00023265913841650758], 'rotation_matrix': [[0.9999928954099249, 0.00020711172534973818, 0.003763805840847196], [-0.00018990716887430962, 0.9999895356430295, -0.004570835777519699], [-0.0037647131287234822, 0.004570088529893774, 0.999982470459301]]}","[-0.16018075814743155, 0.0014726164982981891, -0.0006078799069703856]",,536,,,,,0,False,disabled,,,[],0,0.0,1.41661680559597,624
0.5,147,v1,True,False,True,True,0.09883196313567151,0.0068056859847629644,0.0016789301613773084,0.0014092532502341833,"{'position_m': [-0.1005024465893161, 0.0014923771049490497, -0.0003063380121462717], 'rotation_matrix': [[0.9999875598310634, 0.00020381134482853582, 0.004983838284981625], [-0.00018073400864820983, 0.9999892630928569, -0.004630446438838257], [-0.0049847285114886, 0.004629488086230608, 0.9999768598931307]]}",0.0008358616691113568,0.0018754922598272856,True,True,0.001499999314546585,"{'position_m': [-0.2598478748531755, 0.001491544132734726, -0.00023265913841650758], 'rotation_matrix': [[0.9999928954099249, 0.00020711172534973818, 0.003763805840847196], [-0.00018990716887430962, 0.9999895356430295, -0.004570835777519699], [-0.0037647131287234822, 0.004570088529893774, 0.999982470459301]]}","[-0.16018075814743155, 0.0014726164982981891, -0.0006078799069703856]",,536,,,,,0,False,disabled,,,[],0,0.0,1.41661680559597,624
0.5,147,v2,True,False,True,True,0.09883196313567151,0.0068056859847629644,0.0016789301613773084,0.0014092532502341833,"{'position_m': [-0.1005024465893161, 0.0014923771049490497, -0.0003063380121462717], 'rotation_matrix': [[0.9999875598310634, 0.00020381134482853582, 0.004983838284981625], [-0.00018073400864820983, 0.9999892630928569, -0.004630446438838257], [-0.0049847285114886, 0.004629488086230608, 0.9999768598931307]]}",0.0008358616691113568,0.0018754922598272856,True,True,0.001499999314546585,"{'position_m': [-0.2598478748531755, 0.001491544132734726, -0.00023265913841650758], 'rotation_matrix': [[0.9999928954099249, 0.00020711172534973818, 0.003763805840847196], [-0.00018990716887430962, 0.9999895356430295, -0.004570835777519699], [-0.0037647131287234822, 0.004570088529893774, 0.999982470459301]]}","[-0.16018075814743155, 0.0014726164982981891, -0.0006078799069703856]",,536,,,,,0,False,nominal,,,[],0,0.0,1.41661680559597,624
0.5,148,baseline,True,False,True,True,0.1075105425147309,0.0032639432692299257,0.0014956057273600647,0.0014582151789168454,"{'position_m': [-0.10852183580218615, 0.0014931025895744238, -7.961690425872803e-05], 'rotation_matrix': [[0.9999991027630374, 0.00013641538774335828, 0.001332615459097199], [-0.00013244841602424708, 0.9999955615428665, -0.0029764663585651724], [-0.001333015580153018, 0.0029762871851628115, 0.9999946823778886]]}",0.0005056951018081041,0.00157878561803208,True,True,0.001499999314546585,"{'position_m': [-0.2762875562846199, 0.001492688637094246, -3.131479024887085e-05], 'rotation_matrix': [[0.9999998521067633, 0.00014242397095546385, 0.000524882713861854], [-0.0001409019644943518, 0.9999957891094814, -0.002898604826725896], [-0.000525293334447864, 0.0028985304410363353, 0.9999956612846852]]}","[-0.16827133464295185, 0.0014774689370167869, -8.805499988097541e-05]",,533,,,,,0,False,disabled,,,[],0,0.0,1.5246968077768503,620
0.5,148,v1,True,False,True,True,0.1075105425147309,0.0032639432692299257,0.0014956057273600647,0.0014582151789168454,"{'position_m': [-0.10852183580218615, 0.0014931025895744238, -7.961690425872803e-05], 'rotation_matrix': [[0.9999991027630374, 0.00013641538774335828, 0.001332615459097199], [-0.00013244841602424708, 0.9999955615428665, -0.0029764663585651724], [-0.001333015580153018, 0.0029762871851628115, 0.9999946823778886]]}",0.0005056951018081041,0.00157878561803208,True,True,0.001499999314546585,"{'position_m': [-0.2762875562846199, 0.001492688637094246, -3.131479024887085e-05], 'rotation_matrix': [[0.9999998521067633, 0.00014242397095546385, 0.000524882713861854], [-0.0001409019644943518, 0.9999957891094814, -0.002898604826725896], [-0.000525293334447864, 0.0028985304410363353, 0.9999956612846852]]}","[-0.16827133464295185, 0.0014774689370167869, -8.805499988097541e-05]",,533,,,,,0,False,disabled,,,[],0,0.0,1.5246968077768503,620
0.5,148,v2,True,False,True,True,0.1075105425147309,0.0032639432692299257,0.0014956057273600647,0.0014582151789168454,"{'position_m': [-0.10852183580218615, 0.0014931025895744238, -7.961690425872803e-05], 'rotation_matrix': [[0.9999991027630374, 0.00013641538774335828, 0.001332615459097199], [-0.00013244841602424708, 0.9999955615428665, -0.0029764663585651724], [-0.001333015580153018, 0.0029762871851628115, 0.9999946823778886]]}",0.0005056951018081041,0.00157878561803208,True,True,0.001499999314546585,"{'position_m': [-0.2762875562846199, 0.001492688637094246, -3.131479024887085e-05], 'rotation_matrix': [[0.9999998521067633, 0.00014242397095546385, 0.000524882713861854], [-0.0001409019644943518, 0.9999957891094814, -0.002898604826725896], [-0.000525293334447864, 0.0028985304410363353, 0.9999956612846852]]}","[-0.16827133464295185, 0.0014774689370167869, -8.805499988097541e-05]",,533,,,,,0,False,nominal,,,[],0,0.0,1.5246968077768503,620
0.5,149,baseline,True,False,True,True,0.11994025095976668,0.0070880743357289175,0.001466831900809239,0.0013453559180105698,"{'position_m': [-0.12056423329434802, 0.0014832090547568539, -8.638180352835574e-05], 'rotation_matrix': [[0.9999989746214264, 0.0003304528618351854, 0.001393397646899495], [-0.00032077214284329637, 0.9999758520724351, -0.006942072978585969], [-0.0013956580271168907, 0.006941618897184049, 0.9999749327186946]]}",0.0003120528193585326,0.001499657556677942,True,True,0.0015000002458691597,"{'position_m': [-0.300256848887463, 0.001487527666951272, 1.8582408445434277e-05], 'rotation_matrix': [[0.9999999069055331, 0.0002437418943122878, -0.0003560601274453549], [-0.0002460727929102418, 0.9999784457837851, -0.006561052966281444], [0.0003544532493696972, 0.006561139972193718, 0.9999784126695732]]}","[-0.18000455630316192, 0.0014579368467064519, 6.120622826413713e-05]",,528,,,,,0,False,disabled,,,[],0,0.0,1.2398442484558254,619
0.5,149,v1,True,False,True,True,0.11994025095976668,0.0070880743357289175,0.001466831900809239,0.0013453559180105698,"{'position_m': [-0.12056423329434802, 0.0014832090547568539, -8.638180352835574e-05], 'rotation_matrix': [[0.9999989746214264, 0.0003304528618351854, 0.001393397646899495], [-0.00032077214284329637, 0.9999758520724351, -0.006942072978585969], [-0.0013956580271168907, 0.006941618897184049, 0.9999749327186946]]}",0.0003120528193585326,0.001499657556677942,True,True,0.0015000002458691597,"{'position_m': [-0.300256848887463, 0.001487527666951272, 1.8582408445434277e-05], 'rotation_matrix': [[0.9999999069055331, 0.0002437418943122878, -0.0003560601274453549], [-0.0002460727929102418, 0.9999784457837851, -0.006561052966281444], [0.0003544532493696972, 0.006561139972193718, 0.9999784126695732]]}","[-0.18000455630316192, 0.0014579368467064519, 6.120622826413713e-05]",,528,,,,,0,False,disabled,,,[],0,0.0,1.2398442484558254,619
0.5,149,v2,True,False,True,True,0.11994025095976668,0.0070880743357289175,0.001466831900809239,0.0013453559180105698,"{'position_m': [-0.12056423329434802, 0.0014832090547568539, -8.638180352835574e-05], 'rotation_matrix': [[0.9999989746214264, 0.0003304528618351854, 0.001393397646899495], [-0.00032077214284329637, 0.9999758520724351, -0.006942072978585969], [-0.0013956580271168907, 0.006941618897184049, 0.9999749327186946]]}",0.0003120528193585326,0.001499657556677942,True,True,0.0015000002458691597,"{'position_m': [-0.300256848887463, 0.001487527666951272, 1.8582408445434277e-05], 'rotation_matrix': [[0.9999999069055331, 0.0002437418943122878, -0.0003560601274453549], [-0.0002460727929102418, 0.9999784457837851, -0.006561052966281444], [0.0003544532493696972, 0.006561139972193718, 0.9999784126695732]]}","[-0.18000455630316192, 0.0014579368467064519, 6.120622826413713e-05]",,528,,,,,0,False,nominal,,,[],0,0.0,1.2398442484558254,619
0.5,150,baseline,True,False,True,True,0.12123074723123507,0.003585392056567207,0.0014772924397688208,0.001447503028196826,"{'position_m': [-0.12145593520600971, 0.0014910777122671035, -4.7580044836113014e-05], 'rotation_matrix': [[0.9999997011367437, 0.00017038178632639687, 0.0007541196655597344], [-0.0001677405412526381, 0.9999938570611575, -0.003501100264198272], [-0.0007547115567658711, 0.003500972721407177, 0.9999935867796704]]}",0.00011261211992306952,0.0014815783617992274,True,True,0.0015000002458691597,"{'position_m': [-0.3025097835519713, 0.0014946032211161702, 4.975412790654957e-06], 'rotation_matrix': [[0.9999999883488659, 0.00010084756922229056, -0.00011459509546093763], [-0.00010122415536621492, 0.9999945795461991, -0.0032909925388904], [0.0001142625857056411, 0.0032910041003383524, 0.9999945781033382]]}","[-0.1811664256146009, 0.0014823203420565503, 1.884041878832707e-05]",528,528,"{'step': 630, 'failure': 'INSERTION_DEPTH_NOT_ACHIEVED'}",,,,0,False,disabled,,,[],0,0.0,1.0963285438251713,657
0.5,150,v1,True,False,True,True,0.12123074723123507,0.003585392056567207,0.0014772924397688208,0.001447503028196826,"{'position_m': [-0.12145593520600971, 0.0014910777122671035, -4.7580044836113014e-05], 'rotation_matrix': [[0.9999997011367437, 0.00017038178632639687, 0.0007541196655597344], [-0.0001677405412526381, 0.9999938570611575, -0.003501100264198272], [-0.0007547115567658711, 0.003500972721407177, 0.9999935867796704]]}",0.00011261211992306952,0.0014815783617992274,True,True,0.0015000002458691597,"{'position_m': [-0.3025097835519713, 0.0014946032211161702, 4.975412790654957e-06], 'rotation_matrix': [[0.9999999883488659, 0.00010084756922229056, -0.00011459509546093763], [-0.00010122415536621492, 0.9999945795461991, -0.0032909925388904], [0.0001142625857056411, 0.0032910041003383524, 0.9999945781033382]]}","[-0.1811664256146009, 0.0014823203420565503, 1.884041878832707e-05]",528,528,"{'step': 630, 'failure': 'INSERTION_DEPTH_NOT_ACHIEVED'}","{'step': 642, 'failure': 'INSERTION_UNSTABLE'}",12,False,0,False,disabled,,,[],0,0.0,1.0963285438251713,657
0.5,150,v2,True,False,True,True,0.12123020673376568,0.003536515649095624,5.1332218324762866e-05,0.002894280584451823,"{'position_m': [-0.1214565084264285, -9.920362583799888e-06, -1.980427233573379e-05], 'rotation_matrix': [[0.999999970809098, 0.0001394853578099908, 0.00019729581322085565], [-0.00013878838173902707, 0.9999937660463866, -0.003528258231644898], [-0.00019778672364979512, 0.003528230746285217, 0.9999937562146138]]}",0.00011315261739246185,0.00012425180667059125,True,True,0.0015000002458691597,"{'position_m': [-0.3025097835519713, 0.0014946032211161702, 4.975412790654957e-06], 'rotation_matrix': [[0.9999999883488659, 0.00010084756922229056, -0.00011459509546093763], [-0.00010122415536621492, 0.9999945795461991, -0.0032909925388904], [0.0001142625857056411, 0.0032910041003383524, 0.9999945781033382]]}","[-0.1811664256146009, 0.0014823203420565503, 1.884041878832707e-05]",528,528,"{'step': 630, 'failure': 'INSERTION_DEPTH_NOT_ACHIEVED'}","{'step': 642, 'failure': 'INSERTION_UNSTABLE'}",12,False,1,True,attempt_complete,,INSERTION_UNSTABLE,"['backout', 'realign', 'reinsert', 'verify']",229,0.3464664521406124,1.4360056334444284,871
0.5,151,baseline,True,False,True,True,0.11540919867656345,0.0036312198815248013,0.001492588602922093,0.0014497926959509376,"{'position_m': [-0.11617427302518431, 0.001492696633272086, -6.936427818426461e-05], 'rotation_matrix': [[0.9999993188579468, 0.00012562187575112114, 0.0011603890666270703], [-0.00012163111065714226, 0.9999940806286027, -0.0034385918088513582], [-0.00116081416020619, 0.0034384483272709076, 0.9999934147701103]]}",0.0003825766096342137,0.0015408392517755171,True,True,0.0015000002458691597,"{'position_m': [-0.29171345582503544, 0.001493347204003969, -1.5957580542358638e-05], 'rotation_matrix': [[0.9999999581509474, 0.00010813581150619813, 0.00026833700578957103], [-0.00010723823677450498, 0.9999944073585642, -0.003342716194031274], [-0.00026869697240519024, 0.0033426872781544084, 0.99999437710604]]}","[-0.17592168538461386, 0.0014809298981892875, -4.707047999118208e-05]",,532,,,,,0,False,disabled,,,[],0,0.0,1.217360094882725,622
0.5,151,v1,True,False,True,True,0.11540919867656345,0.0036312198815248013,0.001492588602922093,0.0014497926959509376,"{'position_m': [-0.11617427302518431, 0.001492696633272086, -6.936427818426461e-05], 'rotation_matrix': [[0.9999993188579468, 0.00012562187575112114, 0.0011603890666270703], [-0.00012163111065714226, 0.9999940806286027, -0.0034385918088513582], [-0.00116081416020619, 0.0034384483272709076, 0.9999934147701103]]}",0.0003825766096342137,0.0015408392517755171,True,True,0.0015000002458691597,"{'position_m': [-0.29171345582503544, 0.001493347204003969, -1.5957580542358638e-05], 'rotation_matrix': [[0.9999999581509474, 0.00010813581150619813, 0.00026833700578957103], [-0.00010723823677450498, 0.9999944073585642, -0.003342716194031274], [-0.00026869697240519024, 0.0033426872781544084, 0.99999437710604]]}","[-0.17592168538461386, 0.0014809298981892875, -4.707047999118208e-05]",,532,,,,,0,False,disabled,,,[],0,0.0,1.217360094882725,622
0.5,151,v2,True,False,True,True,0.11540919867656345,0.0036312198815248013,0.001492588602922093,0.0014497926959509376,"{'position_m': [-0.11617427302518431, 0.001492696633272086, -6.936427818426461e-05], 'rotation_matrix': [[0.9999993188579468, 0.00012562187575112114, 0.0011603890666270703], [-0.00012163111065714226, 0.9999940806286027, -0.0034385918088513582], [-0.00116081416020619, 0.0034384483272709076, 0.9999934147701103]]}",0.0003825766096342137,0.0015408392517755171,True,True,0.0015000002458691597,"{'position_m': [-0.29171345582503544, 0.001493347204003969, -1.5957580542358638e-05], 'rotation_matrix': [[0.9999999581509474, 0.00010813581150619813, 0.00026833700578957103], [-0.00010723823677450498, 0.9999944073585642, -0.003342716194031274], [-0.00026869697240519024, 0.0033426872781544084, 0.99999437710604]]}","[-0.17592168538461386, 0.0014809298981892875, -4.707047999118208e-05]",,532,,,,,0,False,nominal,,,[],0,0.0,1.217360094882725,622
0.5,152,baseline,True,False,True,True,0.12243465260461103,0.007468983683589499,0.0016409630761211257,0.0013697868550251388,"{'position_m': [-0.12346257426487915, 0.0014894507410671708, -0.0002519779862627481], 'rotation_matrix': [[0.9999919471288863, 0.0002462353403550903, 0.004005626734406035], [-0.00022099835064920995, 0.9999801328533527, -0.0062996077909037535], [-0.004007098340100787, 0.006298671824072528, 0.999972134559831]]}",0.0005144558767961327,0.0017197164494075717,True,True,0.0015000002458691597,"{'position_m': [-0.30589086143995964, 0.0014912133384681883, -0.00015327173428445284], 'rotation_matrix': [[0.9999971847932135, 0.00020445257740975292, 0.0023640230098999123], [-0.00019011554517436394, 0.9999815998917451, -0.006063310484026626], [-0.002365219171076707, 0.0060628439770304705, 0.9999788236063716]]}","[-0.18294209908571707, 0.0014678388016805435, -0.0004440733227314668]",,530,,,,,0,False,disabled,,,[],0,0.0,1.284372768367373,626
0.5,152,v1,True,False,True,True,0.12243465260461103,0.007468983683589499,0.0016409630761211257,0.0013697868550251388,"{'position_m': [-0.12346257426487915, 0.0014894507410671708, -0.0002519779862627481], 'rotation_matrix': [[0.9999919471288863, 0.0002462353403550903, 0.004005626734406035], [-0.00022099835064920995, 0.9999801328533527, -0.0062996077909037535], [-0.004007098340100787, 0.006298671824072528, 0.999972134559831]]}",0.0005144558767961327,0.0017197164494075717,True,True,0.0015000002458691597,"{'position_m': [-0.30589086143995964, 0.0014912133384681883, -0.00015327173428445284], 'rotation_matrix': [[0.9999971847932135, 0.00020445257740975292, 0.0023640230098999123], [-0.00019011554517436394, 0.9999815998917451, -0.006063310484026626], [-0.002365219171076707, 0.0060628439770304705, 0.9999788236063716]]}","[-0.18294209908571707, 0.0014678388016805435, -0.0004440733227314668]",,530,,,,,0,False,disabled,,,[],0,0.0,1.284372768367373,626
0.5,152,v2,True,False,True,True,0.12243465260461103,0.007468983683589499,0.0016409630761211257,0.0013697868550251388,"{'position_m': [-0.12346257426487915, 0.0014894507410671708, -0.0002519779862627481], 'rotation_matrix': [[0.9999919471288863, 0.0002462353403550903, 0.004005626734406035], [-0.00022099835064920995, 0.9999801328533527, -0.0062996077909037535], [-0.004007098340100787, 0.006298671824072528, 0.999972134559831]]}",0.0005144558767961327,0.0017197164494075717,True,True,0.0015000002458691597,"{'position_m': [-0.30589086143995964, 0.0014912133384681883, -0.00015327173428445284], 'rotation_matrix': [[0.9999971847932135, 0.00020445257740975292, 0.0023640230098999123], [-0.00019011554517436394, 0.9999815998917451, -0.006063310484026626], [-0.002365219171076707, 0.0060628439770304705, 0.9999788236063716]]}","[-0.18294209908571707, 0.0014678388016805435, -0.0004440733227314668]",,530,,,,,0,False,nominal,,,[],0,0.0,1.284372768367373,626
0.5,153,baseline,True,False,True,True,0.0903631789688644,0.003753473573835033,0.001487267257331029,0.0014404035036592981,"{'position_m': [-0.09145270820892573, 0.0014895208630696028, -8.645281195640565e-05], 'rotation_matrix': [[0.9999989584288674, 0.0002038614479115707, 0.0014288392809201106], [-0.00019890947128209317, 0.9999939770193453, -0.00346501948846675], [-0.0014295370589387233, 0.0034647316697365613, 0.9999929760044589]]}",0.0005448119636002058,0.001583914129746582,True,True,0.0015000002458691597,"{'position_m': [-0.24204832592928557, 0.0014897423125683398, -3.102794289588929e-05], 'rotation_matrix': [[0.9999998511669077, 0.0001941043553951493, 0.0005098918137949388], [-0.00019238343251752916, 0.9999942930545587, -0.0033729581865668866], [-0.0005105436097447546, 0.0033728595898217385, 0.9999941815647779]]}","[-0.15114034852693836, 0.0014722531212294798, -7.74404367411932e-05]",,533,,,,,0,False,disabled,,,[],0,0.0,1.3253323996715793,608
0.5,153,v1,True,False,True,True,0.0903631789688644,0.003753473573835033,0.001487267257331029,0.0014404035036592981,"{'position_m': [-0.09145270820892573, 0.0014895208630696028, -8.645281195640565e-05], 'rotation_matrix': [[0.9999989584288674, 0.0002038614479115707, 0.0014288392809201106], [-0.00019890947128209317, 0.9999939770193453, -0.00346501948846675], [-0.0014295370589387233, 0.0034647316697365613, 0.9999929760044589]]}",0.0005448119636002058,0.001583914129746582,True,True,0.0015000002458691597,"{'position_m': [-0.24204832592928557, 0.0014897423125683398, -3.102794289588929e-05], 'rotation_matrix': [[0.9999998511669077, 0.0001941043553951493, 0.0005098918137949388], [-0.00019238343251752916, 0.9999942930545587, -0.0033729581865668866], [-0.0005105436097447546, 0.0033728595898217385, 0.9999941815647779]]}","[-0.15114034852693836, 0.0014722531212294798, -7.74404367411932e-05]",,533,,,,,0,False,disabled,,,[],0,0.0,1.3253323996715793,608
0.5,153,v2,True,False,True,True,0.0903631789688644,0.003753473573835033,0.001487267257331029,0.0014404035036592981,"{'position_m': [-0.09145270820892573, 0.0014895208630696028, -8.645281195640565e-05], 'rotation_matrix': [[0.9999989584288674, 0.0002038614479115707, 0.0014288392809201106], [-0.00019890947128209317, 0.9999939770193453, -0.00346501948846675], [-0.0014295370589387233, 0.0034647316697365613, 0.9999929760044589]]}",0.0005448119636002058,0.001583914129746582,True,True,0.0015000002458691597,"{'position_m': [-0.24204832592928557, 0.0014897423125683398, -3.102794289588929e-05], 'rotation_matrix': [[0.9999998511669077, 0.0001941043553951493, 0.0005098918137949388], [-0.00019238343251752916, 0.9999942930545587, -0.0033729581865668866], [-0.0005105436097447546, 0.0033728595898217385, 0.9999941815647779]]}","[-0.15114034852693836, 0.0014722531212294798, -7.74404367411932e-05]",,533,,,,,0,False,nominal,,,[],0,0.0,1.3253323996715793,608
0.5,154,baseline,True,False,True,True,0.10544652539204376,0.0047287838663496356,0.001490098654861123,0.0014177941049999948,"{'position_m': [-0.10517124033504355, 0.001487550944728042, 9.77516174316406e-05], 'rotation_matrix': [[0.9999987259617809, 0.00019349250973947377, -0.0015844984895371156], [-0.00020054351465233382, 0.9999900739524691, -0.004451042443510707], [0.001583621518356444, 0.0044513545336085725, 0.9999888387305643]]}",0.00013757544468658012,0.0014964361009410453,True,True,0.0015000002458691597,"{'position_m': [-0.27021712794328, 0.001489225553801477, 0.00015339255332946775], 'rotation_matrix': [[0.9999968644645862, 0.00015305502326766268, -0.002499526986253507], [-0.00016381136795372842, 0.9999907255606346, -0.004303714506158753], [0.002498845099418155, 0.004304110462644366, 0.9999876151264544]]}","[-0.16490850819586478, 0.0014719747506528296, 0.00041654330683029307]",,526,,,,,0,False,disabled,,,[],0,0.0,1.215021811476804,600
0.5,154,v1,True,False,True,True,0.10544652539204376,0.0047287838663496356,0.001490098654861123,0.0014177941049999948,"{'position_m': [-0.10517124033504355, 0.001487550944728042, 9.77516174316406e-05], 'rotation_matrix': [[0.9999987259617809, 0.00019349250973947377, -0.0015844984895371156], [-0.00020054351465233382, 0.9999900739524691, -0.004451042443510707], [0.001583621518356444, 0.0044513545336085725, 0.9999888387305643]]}",0.00013757544468658012,0.0014964361009410453,True,True,0.0015000002458691597,"{'position_m': [-0.27021712794328, 0.001489225553801477, 0.00015339255332946775], 'rotation_matrix': [[0.9999968644645862, 0.00015305502326766268, -0.002499526986253507], [-0.00016381136795372842, 0.9999907255606346, -0.004303714506158753], [0.002498845099418155, 0.004304110462644366, 0.9999876151264544]]}","[-0.16490850819586478, 0.0014719747506528296, 0.00041654330683029307]",,526,,,,,0,False,disabled,,,[],0,0.0,1.215021811476804,600
0.5,154,v2,True,False,True,True,0.10544652539204376,0.0047287838663496356,0.001490098654861123,0.0014177941049999948,"{'position_m': [-0.10517124033504355, 0.001487550944728042, 9.77516174316406e-05], 'rotation_matrix': [[0.9999987259617809, 0.00019349250973947377, -0.0015844984895371156], [-0.00020054351465233382, 0.9999900739524691, -0.004451042443510707], [0.001583621518356444, 0.0044513545336085725, 0.9999888387305643]]}",0.00013757544468658012,0.0014964361009410453,True,True,0.0015000002458691597,"{'position_m': [-0.27021712794328, 0.001489225553801477, 0.00015339255332946775], 'rotation_matrix': [[0.9999968644645862, 0.00015305502326766268, -0.002499526986253507], [-0.00016381136795372842, 0.9999907255606346, -0.004303714506158753], [0.002498845099418155, 0.004304110462644366, 0.9999876151264544]]}","[-0.16490850819586478, 0.0014719747506528296, 0.00041654330683029307]",,526,,,,,0,False,nominal,,,[],0,0.0,1.215021811476804,600
0.5,155,baseline,False,False,True,True,-9.86999430917096e-05,0.007615017314511551,0.006451581291097124,,"{'position_m': [-0.22228390810062354, 0.0037169938175129246, -0.005562185070214128], 'rotation_matrix': [[0.9999919409393555, 0.00401455387225179, -3.7597169870363374e-05], [-0.004014713106650644, 0.9999710061985494, -0.0064706136441441825], [1.1619452724540999e-05, 0.006470712438927068, 0.9999790646536161]]}",0.11119175167467817,0.11137876162733598,True,True,0.0015000002458691597,"{'position_m': [-0.28233479046676935, 0.0014873457899474707, -6.440133208059368e-05], 'rotation_matrix': [[0.9999994624252997, 0.0002511936045551104, 0.0010060073983091796], [-0.0002442188550365491, 0.9999759766208792, -0.00692723164549169], [-0.0010077233068986708, 0.006926982235612237, 0.9999755004053075]]}","[-0.17124179845599688, 0.0014602147720510666, -0.0001763523895450131]",532,,"{'step': 630, 'failure': 'INSERTION_DEPTH_NOT_ACHIEVED'}",,,,0,False,disabled,,,[],0,0.0,0.9089781951845949,
0.5,155,v1,False,False,True,True,-9.86999430917096e-05,0.007615017314511551,0.006451581291097124,,"{'position_m': [-0.22228390810062354, 0.0037169938175129246, -0.005562185070214128], 'rotation_matrix': [[0.9999919409393555, 0.00401455387225179, -3.7597169870363374e-05], [-0.004014713106650644, 0.9999710061985494, -0.0064706136441441825], [1.1619452724540999e-05, 0.006470712438927068, 0.9999790646536161]]}",0.11119175167467817,0.11137876162733598,True,True,0.0015000002458691597,"{'position_m': [-0.28233479046676935, 0.0014873457899474707, -6.440133208059368e-05], 'rotation_matrix': [[0.9999994624252997, 0.0002511936045551104, 0.0010060073983091796], [-0.0002442188550365491, 0.9999759766208792, -0.00692723164549169], [-0.0010077233068986708, 0.006926982235612237, 0.9999755004053075]]}","[-0.17124179845599688, 0.0014602147720510666, -0.0001763523895450131]",532,,"{'step': 630, 'failure': 'INSERTION_DEPTH_NOT_ACHIEVED'}","{'step': 642, 'failure': 'INSERTION_DEPTH_NOT_ACHIEVED'}",12,True,0,False,disabled,,,[],0,0.0,0.9089781951845949,
0.5,155,v2,False,False,False,True,-0.00011775894928511832,0.007896892461580747,0.012115919983043124,-0.001032570866235552,"{'position_m': [-0.22230254982122738, 0.004581977058359128, -0.011412693879026568], 'rotation_matrix': [[0.9999881847585408, 0.004860829663117877, 5.175233409927708e-05], [-0.00486041345998697, 0.9999688219430712, -0.006223465496274711], [-8.200192625374073e-05, 0.00622314042678592, 0.9999806327119101]]}",0.11121081068087157,0.11186885147051508,True,True,0.0015000002458691597,"{'position_m': [-0.28233479046676935, 0.0014873457899474707, -6.440133208059368e-05], 'rotation_matrix': [[0.9999994624252997, 0.0002511936045551104, 0.0010060073983091796], [-0.0002442188550365491, 0.9999759766208792, -0.00692723164549169], [-0.0010077233068986708, 0.006926982235612237, 0.9999755004053075]]}","[-0.17124179845599688, 0.0014602147720510666, -0.0001763523895450131]",532,715,"{'step': 630, 'failure': 'INSERTION_DEPTH_NOT_ACHIEVED'}","{'step': 642, 'failure': 'INSERTION_DEPTH_NOT_ACHIEVED'}",12,True,1,False,aborted,reinsert_physical_effect_not_completed,INSERTION_DEPTH_NOT_ACHIEVED,"['backout', 'realign']",171,0.1296701128342313,1.038582851255056,
0.5,156,baseline,True,False,True,True,0.09716063547015613,0.005229629779900893,0.0015334316962851019,0.001419487288568555,"{'position_m': [-0.09792856216884384, 0.0014890777923800805, -0.0001690685749053955], 'rotation_matrix': [[0.9999962469711666, 0.00020523252669128836, 0.0027320181535701645], [-0.0001930606309223796, 0.9999900587163659, -0.0044547947239028975], [-0.0027329052625798835, 0.004454250559781431, 0.9999863453471634]]}",0.00038414639353329116,0.0015808166303643313,True,True,0.0015000002458691597,"{'position_m': [-0.2551657758742884, 0.0014888436994332833, -0.00010867416858673096], 'rotation_matrix': [[0.9999984612792852, 0.00019550970188136088, 0.001743334453974554], [-0.00018798610605802568, 0.9999906737301506, -0.004314755374705294], [-0.0017441617717039975, 0.00431442101284626, 0.9999891717768937]]}","[-0.15762114410477546, 0.0014705066357244489, -0.00027880804814258347]",,531,,,,,0,False,disabled,,,[],0,0.0,1.2015418065101218,608
0.5,156,v1,True,False,True,True,0.09716063547015613,0.005229629779900893,0.0015334316962851019,0.001419487288568555,"{'position_m': [-0.09792856216884384, 0.0014890777923800805, -0.0001690685749053955], 'rotation_matrix': [[0.9999962469711666, 0.00020523252669128836, 0.0027320181535701645], [-0.0001930606309223796, 0.9999900587163659, -0.0044547947239028975], [-0.0027329052625798835, 0.004454250559781431, 0.9999863453471634]]}",0.00038414639353329116,0.0015808166303643313,True,True,0.0015000002458691597,"{'position_m': [-0.2551657758742884, 0.0014888436994332833, -0.00010867416858673096], 'rotation_matrix': [[0.9999984612792852, 0.00019550970188136088, 0.001743334453974554], [-0.00018798610605802568, 0.9999906737301506, -0.004314755374705294], [-0.0017441617717039975, 0.00431442101284626, 0.9999891717768937]]}","[-0.15762114410477546, 0.0014705066357244489, -0.00027880804814258347]",,531,,,,,0,False,disabled,,,[],0,0.0,1.2015418065101218,608
0.5,156,v2,True,False,True,True,0.09716063547015613,0.005229629779900893,0.0015334316962851019,0.001419487288568555,"{'position_m': [-0.09792856216884384, 0.0014890777923800805, -0.0001690685749053955], 'rotation_matrix': [[0.9999962469711666, 0.00020523252669128836, 0.0027320181535701645], [-0.0001930606309223796, 0.9999900587163659, -0.0044547947239028975], [-0.0027329052625798835, 0.004454250559781431, 0.9999863453471634]]}",0.00038414639353329116,0.0015808166303643313,True,True,0.0015000002458691597,"{'position_m': [-0.2551657758742884, 0.0014888436994332833, -0.00010867416858673096], 'rotation_matrix': [[0.9999984612792852, 0.00019550970188136088, 0.001743334453974554], [-0.00018798610605802568, 0.9999906737301506, -0.004314755374705294], [-0.0017441617717039975, 0.00431442101284626, 0.9999891717768937]]}","[-0.15762114410477546, 0.0014705066357244489, -0.00027880804814258347]",,531,,,,,0,False,nominal,,,[],0,0.0,1.2015418065101218,608
0.5,157,baseline,True,False,True,True,0.11685897941493678,0.005442733896777584,0.0014701908995256331,0.0013981833972624043,"{'position_m': [-0.11693318113431654, 0.0014889744041628294, 2.3317640473540045e-05], 'rotation_matrix': [[0.9999999116054941, 0.00017208735095287158, -0.0003836338717302888], [-0.00017416658428915638, 0.99998526176835, -0.005426408765035002], [0.0003826944013358563, 0.005426475101571338, 0.9999852033470131]]}",3.710602617573722e-05,0.001470659082937492,True,True,0.001499999314546585,"{'position_m': [-0.29348442265223534, 0.0014901921843657386, 9.307334282747746e-05], 'rotation_matrix': [[0.9999987981452689, 0.00013905963746670645, -0.0015441406783520608], [-0.0001472877767410943, 0.999985785744402, -0.0053297856862421404], [0.0015433775714764752, 0.005330006713661489, 0.9999846043885396]]}","[-0.17658847770323616, 0.00147297481983138, 0.00027348813929068826]",,527,,,,,0,False,disabled,,,[],0,0.0,1.205713906243102,611
0.5,157,v1,True,False,True,True,0.11685897941493678,0.005442733896777584,0.0014701908995256331,0.0013981833972624043,"{'position_m': [-0.11693318113431654, 0.0014889744041628294, 2.3317640473540045e-05], 'rotation_matrix': [[0.9999999116054941, 0.00017208735095287158, -0.0003836338717302888], [-0.00017416658428915638, 0.99998526176835, -0.005426408765035002], [0.0003826944013358563, 0.005426475101571338, 0.9999852033470131]]}",3.710602617573722e-05,0.001470659082937492,True,True,0.001499999314546585,"{'position_m': [-0.29348442265223534, 0.0014901921843657386, 9.307334282747746e-05], 'rotation_matrix': [[0.9999987981452689, 0.00013905963746670645, -0.0015441406783520608], [-0.0001472877767410943, 0.999985785744402, -0.0053297856862421404], [0.0015433775714764752, 0.005330006713661489, 0.9999846043885396]]}","[-0.17658847770323616, 0.00147297481983138, 0.00027348813929068826]",,527,,,,,0,False,disabled,,,[],0,0.0,1.205713906243102,611
0.5,157,v2,True,False,True,True,0.11685897941493678,0.005442733896777584,0.0014701908995256331,0.0013981833972624043,"{'position_m': [-0.11693318113431654, 0.0014889744041628294, 2.3317640473540045e-05], 'rotation_matrix': [[0.9999999116054941, 0.00017208735095287158, -0.0003836338717302888], [-0.00017416658428915638, 0.99998526176835, -0.005426408765035002], [0.0003826944013358563, 0.005426475101571338, 0.9999852033470131]]}",3.710602617573722e-05,0.001470659082937492,True,True,0.001499999314546585,"{'position_m': [-0.29348442265223534, 0.0014901921843657386, 9.307334282747746e-05], 'rotation_matrix': [[0.9999987981452689, 0.00013905963746670645, -0.0015441406783520608], [-0.0001472877767410943, 0.999985785744402, -0.0053297856862421404], [0.0015433775714764752, 0.005330006713661489, 0.9999846043885396]]}","[-0.17658847770323616, 0.00147297481983138, 0.00027348813929068826]",,527,,,,,0,False,nominal,,,[],0,0.0,1.205713906243102,611
0.5,158,baseline,True,False,True,True,0.08860872367906217,0.0025213196605714085,0.001483466608526668,0.0014682341775009156,"{'position_m': [-0.08909279992641095, 0.0014919419244707889, -4.321329065989835e-05], 'rotation_matrix': [[0.9999997283488282, 0.0001410481694259372, 0.0007234692000906445], [-0.00013930335238201305, 0.9999970833018024, -0.0024112201193161454], [-0.0007238071881332457, 0.002411118682620457, 0.9999968312999058]]}",0.00024205019188280885,0.0015030839876747138,True,True,0.001499999314546585,"{'position_m': [-0.23775659419046333, 0.0014921986087719113, -9.655773668983269e-06], 'rotation_matrix': [[0.9999999772005224, 0.0001273349978846391, 0.0001714198151131788], [-0.0001269335490767, 0.9999972544169177, -0.002339881727903954], [-0.00017171729330070753, 0.0023398599156303585, 0.999997247780586]]}","[-0.14890582234526958, 0.0014809204647062608, -2.491298806577517e-05]",,531,,,,,0,False,disabled,,,[],0,0.0,1.0274232267485113,601
0.5,158,v1,True,False,True,True,0.08860872367906217,0.0025213196605714085,0.001483466608526668,0.0014682341775009156,"{'position_m': [-0.08909279992641095, 0.0014919419244707889, -4.321329065989835e-05], 'rotation_matrix': [[0.9999997283488282, 0.0001410481694259372, 0.0007234692000906445], [-0.00013930335238201305, 0.9999970833018024, -0.0024112201193161454], [-0.0007238071881332457, 0.002411118682620457, 0.9999968312999058]]}",0.00024205019188280885,0.0015030839876747138,True,True,0.001499999314546585,"{'position_m': [-0.23775659419046333, 0.0014921986087719113, -9.655773668983269e-06], 'rotation_matrix': [[0.9999999772005224, 0.0001273349978846391, 0.0001714198151131788], [-0.0001269335490767, 0.9999972544169177, -0.002339881727903954], [-0.00017171729330070753, 0.0023398599156303585, 0.999997247780586]]}","[-0.14890582234526958, 0.0014809204647062608, -2.491298806577517e-05]",,531,,,,,0,False,disabled,,,[],0,0.0,1.0274232267485113,601
0.5,158,v2,True,False,True,True,0.08860872367906217,0.0025213196605714085,0.001483466608526668,0.0014682341775009156,"{'position_m': [-0.08909279992641095, 0.0014919419244707889, -4.321329065989835e-05], 'rotation_matrix': [[0.9999997283488282, 0.0001410481694259372, 0.0007234692000906445], [-0.00013930335238201305, 0.9999970833018024, -0.0024112201193161454], [-0.0007238071881332457, 0.002411118682620457, 0.9999968312999058]]}",0.00024205019188280885,0.0015030839876747138,True,True,0.001499999314546585,"{'position_m': [-0.23775659419046333, 0.0014921986087719113, -9.655773668983269e-06], 'rotation_matrix': [[0.9999999772005224, 0.0001273349978846391, 0.0001714198151131788], [-0.0001269335490767, 0.9999972544169177, -0.002339881727903954], [-0.00017171729330070753, 0.0023398599156303585, 0.999997247780586]]}","[-0.14890582234526958, 0.0014809204647062608, -2.491298806577517e-05]",,531,,,,,0,False,nominal,,,[],0,0.0,1.0274232267485113,601
0.5,159,baseline,True,False,True,True,0.11629809161962784,0.003727043255881924,0.0015035883701930365,0.0014496513944920845,"{'position_m': [-0.11680947967052964, 0.0014931797637519905, -9.737167875456233e-05], 'rotation_matrix': [[0.9999987597583372, 0.0001420507871321365, 0.0015685354190797204], [-0.00013675159348489714, 0.999994285107607, -0.003378024737531157], [-0.001569006306141504, 0.0033778060482461433, 0.9999930642987037]]}",0.00025576630292617475,0.0015251866733919084,True,True,0.0015000002458691597,"{'position_m': [-0.29309461668277603, 0.0014947365229292377, -4.556040235821015e-05], 'rotation_matrix': [[0.9999997456258781, 0.00012161335254139308, 0.0007028217210264578], [-0.00011931724527131161, 0.9999946591531644, -0.0032661029593863146], [-0.0007032151690939294, 0.0032660182698225726, 0.9999944192909714]]}","[-0.1765407884085073, 0.0014808296376761746, -0.0001275228432657688]",,530,,,,,0,False,disabled,,,[],0,0.0,1.0859454449970456,618
0.5,159,v1,True,False,True,True,0.11629809161962784,0.003727043255881924,0.0015035883701930365,0.0014496513944920845,"{'position_m': [-0.11680947967052964, 0.0014931797637519905, -9.737167875456233e-05], 'rotation_matrix': [[0.9999987597583372, 0.0001420507871321365, 0.0015685354190797204], [-0.00013675159348489714, 0.999994285107607, -0.003378024737531157], [-0.001569006306141504, 0.0033778060482461433, 0.9999930642987037]]}",0.00025576630292617475,0.0015251866733919084,True,True,0.0015000002458691597,"{'position_m': [-0.29309461668277603, 0.0014947365229292377, -4.556040235821015e-05], 'rotation_matrix': [[0.9999997456258781, 0.00012161335254139308, 0.0007028217210264578], [-0.00011931724527131161, 0.9999946591531644, -0.0032661029593863146], [-0.0007032151690939294, 0.0032660182698225726, 0.9999944192909714]]}","[-0.1765407884085073, 0.0014808296376761746, -0.0001275228432657688]",,530,,,,,0,False,disabled,,,[],0,0.0,1.0859454449970456,618
0.5,159,v2,True,False,True,True,0.11629809161962784,0.003727043255881924,0.0015035883701930365,0.0014496513944920845,"{'position_m': [-0.11680947967052964, 0.0014931797637519905, -9.737167875456233e-05], 'rotation_matrix': [[0.9999987597583372, 0.0001420507871321365, 0.0015685354190797204], [-0.00013675159348489714, 0.999994285107607, -0.003378024737531157], [-0.001569006306141504, 0.0033778060482461433, 0.9999930642987037]]}",0.00025576630292617475,0.0015251866733919084,True,True,0.0015000002458691597,"{'position_m': [-0.29309461668277603, 0.0014947365229292377, -4.556040235821015e-05], 'rotation_matrix': [[0.9999997456258781, 0.00012161335254139308, 0.0007028217210264578], [-0.00011931724527131161, 0.9999946591531644, -0.0032661029593863146], [-0.0007032151690939294, 0.0032660182698225726, 0.9999944192909714]]}","[-0.1765407884085073, 0.0014808296376761746, -0.0001275228432657688]",,530,,,,,0,False,nominal,,,[],0,0.0,1.0859454449970456,618
1.0,140,baseline,False,False,True,True,-2.5142597162061686e-05,0.006534147019537829,0.002547455622777511,0.0005869221590850161,"{'position_m': [-0.22985550009785768, 0.002793667500670575, -0.00029399934450476865], 'rotation_matrix': [[0.999981872759136, 0.0034603827012820694, 0.0049274643267533174], [-0.0034478665780418942, 0.9999908142259921, -0.002546307070451159], [-0.004936230261118321, 0.0025292716733628737, 0.9999846180895039]]}",0.11494136290451222,0.1149695891812126,True,True,0.0030000004917383194,"{'position_m': [-0.2900509290213776, 0.002993768451123893, -8.830356572781377e-05], 'rotation_matrix': [[0.9999989848481834, 0.00012611404619355729, 0.0014192948424205398], [-0.0001218034317996335, 0.9999953814064587, -0.003036828884667677], [-0.0014196712740527904, 0.003036652926842776, 0.9999943816204545]]}","[-0.1751348253714372, 0.002979771261121015, -0.0002514468226208807]",533,534,"{'step': 630, 'failure': 'INSERTION_DEPTH_NOT_ACHIEVED'}",,,,0,False,disabled,,,[],0,0.0,1.0139574723388094,
1.0,140,v1,False,False,True,True,-2.5142597162061686e-05,0.006534147019537829,0.002547455622777511,0.0005869221590850161,"{'position_m': [-0.22985550009785768, 0.002793667500670575, -0.00029399934450476865], 'rotation_matrix': [[0.999981872759136, 0.0034603827012820694, 0.0049274643267533174], [-0.0034478665780418942, 0.9999908142259921, -0.002546307070451159], [-0.004936230261118321, 0.0025292716733628737, 0.9999846180895039]]}",0.11494136290451222,0.1149695891812126,True,True,0.0030000004917383194,"{'position_m': [-0.2900509290213776, 0.002993768451123893, -8.830356572781377e-05], 'rotation_matrix': [[0.9999989848481834, 0.00012611404619355729, 0.0014192948424205398], [-0.0001218034317996335, 0.9999953814064587, -0.003036828884667677], [-0.0014196712740527904, 0.003036652926842776, 0.9999943816204545]]}","[-0.1751348253714372, 0.002979771261121015, -0.0002514468226208807]",533,534,"{'step': 630, 'failure': 'INSERTION_DEPTH_NOT_ACHIEVED'}","{'step': 642, 'failure': 'INSERTION_DEPTH_NOT_ACHIEVED'}",12,True,0,False,disabled,,,[],0,0.0,1.0139574723388094,
1.0,140,v2,True,False,True,True,0.11445490371513461,0.003522685091912541,0.00026655155866243886,0.0026914071369681415,"{'position_m': [-0.11537741800693799, -6.0978438117068914e-05, -9.195477764788223e-05], 'rotation_matrix': [[0.9999989653973356, 9.049592616187231e-05, 0.001435623469377471], [-8.587907028811641e-05, 0.9999948260654229, -0.003215659678818956], [-0.001435907045656419, 0.00321553306188005, 0.9999937992398173]]}",0.0004613165922155438,0.0005327876985054534,True,True,0.0030000004917383194,"{'position_m': [-0.2900509290213776, 0.002993768451123893, -8.830356572781377e-05], 'rotation_matrix': [[0.9999989848481834, 0.00012611404619355729, 0.0014192948424205398], [-0.0001218034317996335, 0.9999953814064587, -0.003036828884667677], [-0.0014196712740527904, 0.003036652926842776, 0.9999943816204545]]}","[-0.1751348253714372, 0.002979771261121015, -0.0002514468226208807]",533,534,"{'step': 630, 'failure': 'INSERTION_DEPTH_NOT_ACHIEVED'}","{'step': 642, 'failure': 'INSERTION_DEPTH_NOT_ACHIEVED'}",12,True,1,True,attempt_complete,,INSERTION_DEPTH_NOT_ACHIEVED,"['backout', 'realign', 'reinsert', 'verify']",159,0.22425374896605874,1.237774030188749,801
1.0,141,baseline,False,False,True,True,-5.9625254119954896e-05,0.00905245193221063,0.0025261963392184898,0.0006693670719480453,"{'position_m': [-0.2434477293955586, 0.0027753679159645073, -0.00034879162888743664], 'rotation_matrix': [[0.9999774919160169, 0.003849603756274203, 0.005495108030980643], [-0.0038161387632575394, 0.9999741893192605, -0.006087510182933185], [-0.005518400700568204, 0.006066403069977427, 0.9999663724383437]]}",0.12175504689022454,0.12178125106593812,True,True,0.0030000004917383194,"{'position_m': [-0.3033732688889687, 0.002989513208784701, -7.211435472120028e-05], 'rotation_matrix': [[0.9999994032810998, 0.00018536686312194058, 0.0010766041847191385], [-0.00017932543200533229, 0.9999842536359845, -0.005608950211286039], [-0.0010776269456238188, 0.005608753801808914, 0.999983690167473]]}","[-0.18167791987082227, 0.0029676901247267353, -0.00020325662023531847]",531,,"{'step': 630, 'failure': 'INSERTION_DEPTH_NOT_ACHIEVED'}",,,,0,False,disabled,,,[],0,0.0,1.2673897271201935,
1.0,141,v1,False,False,True,True,-5.9625254119954896e-05,0.00905245193221063,0.0025261963392184898,0.0006693670719480453,"{'position_m': [-0.2434477293955586, 0.0027753679159645073, -0.00034879162888743664], 'rotation_matrix': [[0.9999774919160169, 0.003849603756274203, 0.005495108030980643], [-0.0038161387632575394, 0.9999741893192605, -0.006087510182933185], [-0.005518400700568204, 0.006066403069977427, 0.9999663724383437]]}",0.12175504689022454,0.12178125106593812,True,True,0.0030000004917383194,"{'position_m': [-0.3033732688889687, 0.002989513208784701, -7.211435472120028e-05], 'rotation_matrix': [[0.9999994032810998, 0.00018536686312194058, 0.0010766041847191385], [-0.00017932543200533229, 0.9999842536359845, -0.005608950211286039], [-0.0010776269456238188, 0.005608753801808914, 0.999983690167473]]}","[-0.18167791987082227, 0.0029676901247267353, -0.00020325662023531847]",531,,"{'step': 630, 'failure': 'INSERTION_DEPTH_NOT_ACHIEVED'}","{'step': 642, 'failure': 'INSERTION_DEPTH_NOT_ACHIEVED'}",12,True,0,False,disabled,,,[],0,0.0,1.2673897271201935,
1.0,141,v2,True,False,True,True,0.1213503758107889,0.005791634992698015,0.00017929608565096222,0.002711198054823425,"{'position_m': [-0.12204041620468656, -2.5407783028284413e-05, -6.357587783334574e-05], 'rotation_matrix': [[0.9999995788113224, 0.00016815559673674714, 0.0009022753864010597], [-0.00016299325954170256, 0.999983636010053, -0.00571849152406342], [-0.000903222217930371, 0.005718342050693305, 0.9999832422364965]]}",0.00034504582531567907,0.00038884920971699976,True,True,0.0030000004917383194,"{'position_m': [-0.3033732688889687, 0.002989513208784701, -7.211435472120028e-05], 'rotation_matrix': [[0.9999994032810998, 0.00018536686312194058, 0.0010766041847191385], [-0.00017932543200533229, 0.9999842536359845, -0.005608950211286039], [-0.0010776269456238188, 0.005608753801808914, 0.999983690167473]]}","[-0.18167791987082227, 0.0029676901247267353, -0.00020325662023531847]",531,710,"{'step': 630, 'failure': 'INSERTION_DEPTH_NOT_ACHIEVED'}","{'step': 642, 'failure': 'INSERTION_DEPTH_NOT_ACHIEVED'}",12,True,1,True,attempt_complete,,INSERTION_DEPTH_NOT_ACHIEVED,"['backout', 'realign', 'reinsert', 'verify']",160,0.23288981108482976,1.4969211276032746,802
1.0,142,baseline,False,False,True,True,-5.039855358988932e-05,0.006832900502914277,0.0027502105802159234,0.00036414042915752787,"{'position_m': [-0.242213926064501, 0.002915347318177471, -0.0002592361204966801], 'rotation_matrix': [[0.9999884605098638, 0.002296397992145458, 0.004219644934543678], [-0.0022758678533885413, 0.9999855820839477, -0.004863748527790248], [-0.004230753198410761, 0.0048540890483528484, 0.999979269058556]]}",0.12113286092398555,0.12116407740689959,True,True,0.0030000004917383194,"{'position_m': [-0.30189737158087493, 0.0029962326076687948, -7.073658222517012e-05], 'rotation_matrix': [[0.9999994699975057, 0.00016901754005687141, 0.0010155972519878117], [-0.00016424776135035523, 0.999988965993253, -0.004694775225388821], [-0.001016379545240597, 0.00469460592757117, 0.9999884637573597]]}","[-0.18081497338448635, 0.0029763450842856688, -0.00019380232026580457]",527,527,"{'step': 630, 'failure': 'INSERTION_DEPTH_NOT_ACHIEVED'}",,,,0,False,disabled,,,[],0,0.0,1.0499584744653436,
1.0,142,v1,False,False,True,True,-5.039855358988932e-05,0.006832900502914277,0.0027502105802159234,0.00036414042915752787,"{'position_m': [-0.242213926064501, 0.002915347318177471, -0.0002592361204966801], 'rotation_matrix': [[0.9999884605098638, 0.002296397992145458, 0.004219644934543678], [-0.0022758678533885413, 0.9999855820839477, -0.004863748527790248], [-0.004230753198410761, 0.0048540890483528484, 0.999979269058556]]}",0.12113286092398555,0.12116407740689959,True,True,0.0030000004917383194,"{'position_m': [-0.30189737158087493, 0.0029962326076687948, -7.073658222517012e-05], 'rotation_matrix': [[0.9999994699975057, 0.00016901754005687141, 0.0010155972519878117], [-0.00016424776135035523, 0.999988965993253, -0.004694775225388821], [-0.001016379545240597, 0.00469460592757117, 0.9999884637573597]]}","[-0.18081497338448635, 0.0029763450842856688, -0.00019380232026580457]",527,527,"{'step': 630, 'failure': 'INSERTION_DEPTH_NOT_ACHIEVED'}","{'step': 642, 'failure': 'INSERTION_DEPTH_NOT_ACHIEVED'}",12,True,0,False,disabled,,,[],0,0.0,1.0499584744653436,
1.0,142,v2,True,False,True,True,0.12099630024228554,0.0050431513725655176,3.138516841069307e-05,0.002867828192164669,"{'position_m': [-0.12116862093079442, -2.9491837932676557e-06, -1.5053230371023413e-06], 'rotation_matrix': [[0.9999999705348628, 0.00021271693922462706, -0.00011696912523386569], [-0.0002133034471567352, 0.9999872901173895, -0.005037271614455362], [0.00011589612557014512, 0.0050372964159490895, 0.9999873060258839]]}",8.616212811012047e-05,9.170027871621972e-05,True,True,0.0030000004917383194,"{'position_m': [-0.30189737158087493, 0.0029962326076687948, -7.073658222517012e-05], 'rotation_matrix': [[0.9999994699975057, 0.00016901754005687141, 0.0010155972519878117], [-0.00016424776135035523, 0.999988965993253, -0.004694775225388821], [-0.001016379545240597, 0.00469460592757117, 0.9999884637573597]]}","[-0.18081497338448635, 0.0029763450842856688, -0.00019380232026580457]",527,527,"{'step': 630, 'failure': 'INSERTION_DEPTH_NOT_ACHIEVED'}","{'step': 642, 'failure': 'INSERTION_DEPTH_NOT_ACHIEVED'}",12,True,1,True,attempt_complete,,INSERTION_DEPTH_NOT_ACHIEVED,"['backout', 'realign', 'reinsert', 'verify']",153,0.22989252596923362,1.279791550535498,795
1.0,143,baseline,False,False,True,False,-0.3693886360021355,0.3760800064596686,0.19968742274575152,,"{'position_m': [-0.5904060919696098, 0.13679923038306777, -0.08880036770917152], 'rotation_matrix': [[0.9301115026973217, -0.36727726928335636, -4.229720668891207e-06], [0.367277269307195, 0.9301115026150103, 1.238940660310859e-05], [-6.162355782467412e-07, -1.3077009850348017e-05, 0.9999999999143055]]}",0.4838988369198563,0.5234817582067499,False,False,0.0030000004917383194,"{'position_m': [-0.5904060919696098, 0.13679923038306777, -0.08880036770917152], 'rotation_matrix': [[0.9301115026973217, -0.36727726928335636, -4.229720668891207e-06], [0.367277269307195, 0.9301115026150103, 1.238940660310859e-05], [-6.162355782467412e-07, -1.3077009850348017e-05, 0.9999999999143055]]}","[-0.4838988369198563, 0.1788562242839465, -0.08880043827443139]",,,"{'step': 168, 'failure': 'GRASP_FAILURE'}",,,,0,False,disabled,,,[],0,0.0,1.3339098325712289,
1.0,143,v1,False,False,True,False,-0.3693886360021355,0.3760800064596686,0.19968742274575152,,"{'position_m': [-0.5904060919696098, 0.13679923038306777, -0.08880036770917152], 'rotation_matrix': [[0.9301115026973217, -0.36727726928335636, -4.229720668891207e-06], [0.367277269307195, 0.9301115026150103, 1.238940660310859e-05], [-6.162355782467412e-07, -1.3077009850348017e-05, 0.9999999999143055]]}",0.4838988369198563,0.5234817582067499,False,False,0.0030000004917383194,"{'position_m': [-0.5904060919696098, 0.13679923038306777, -0.08880036770917152], 'rotation_matrix': [[0.9301115026973217, -0.36727726928335636, -4.229720668891207e-06], [0.367277269307195, 0.9301115026150103, 1.238940660310859e-05], [-6.162355782467412e-07, -1.3077009850348017e-05, 0.9999999999143055]]}","[-0.4838988369198563, 0.1788562242839465, -0.08880043827443139]",,,"{'step': 168, 'failure': 'GRASP_FAILURE'}","{'step': 170, 'failure': 'GRASP_FAILURE'}",2,True,0,False,disabled,,,[],0,0.0,1.3339098325712289,
1.0,143,v2,False,False,False,False,-0.36938841477455825,0.3760797906020496,0.19968738267110062,,"{'position_m': [-0.5904058798196172, 0.13679920776615764, -0.08880037702239696], 'rotation_matrix': [[0.9301115819704747, -0.3672770685293514, -4.1069326295221815e-06], [0.36727706855190156, 0.930111581894533, 1.1898362020884247e-05], [-5.500899185521839e-07, -1.2575186499013121e-05, 0.9999999999207809]]}",0.48389861569227904,0.523481538420352,False,False,0.0030000004917383194,"{'position_m': [-0.5904058751704137, 0.1367992219234706, -0.08880037329710665], 'rotation_matrix': [[0.9301115819704401, -0.36727706852966135, -4.0869485249696325e-06], [0.3672770685520095, 0.930111581895625, 1.1809327227406472e-05], [-5.359769277038648e-07, -1.2485034503063433e-05, 0.9999999999219181]]}","[-0.4838986110430794, 0.1788561928358327, -0.08880043467193233]",,,"{'step': 168, 'failure': 'GRASP_FAILURE'}","{'step': 170, 'failure': 'GRASP_FAILURE'}",2,True,1,False,aborted,acquisition_or_attachment_unavailable_consumes_single_episode,GRASP_FAILURE,[],0,0.0,0.4846633557921399,
1.0,144,baseline,False,False,True,True,-6.03572522719642e-05,0.01000301021950105,0.0025272392477044773,0.000655790541858034,"{'position_m': [-0.17752481928417008, 0.002715276931772368, -0.00043029338121414185], 'rotation_matrix': [[0.9999654813077224, 0.004687567027706393, 0.006860241131006982], [-0.004649284382212747, 0.9999735916308415, -0.005585713530814652], [-0.006886243369799938, 0.0055536255073395276, 0.9999608676823188]]}",0.08879411975494225,0.08883007734585265,True,True,0.00299999862909317,"{'position_m': [-0.2373752527936163, 0.0029864511552285386, -9.29906964302063e-05], 'rotation_matrix': [[0.9999989331172823, 0.00022696317516145823, 0.001443001044517202], [-0.00021995988620675545, 0.9999882067847143, -0.004851588311043339], [-0.0014440851587828767, 0.004851265732622068, 0.9999871898373728]]}","[-0.1486415849594637, 0.002966933286925754, -0.000221129805943277]",529,529,"{'step': 630, 'failure': 'INSERTION_DEPTH_NOT_ACHIEVED'}",,,,0,False,disabled,,,[],0,0.0,1.1666912393472153,
1.0,144,v1,False,False,True,True,-6.03572522719642e-05,0.01000301021950105,0.0025272392477044773,0.000655790541858034,"{'position_m': [-0.17752481928417008, 0.002715276931772368, -0.00043029338121414185], 'rotation_matrix': [[0.9999654813077224, 0.004687567027706393, 0.006860241131006982], [-0.004649284382212747, 0.9999735916308415, -0.005585713530814652], [-0.006886243369799938, 0.0055536255073395276, 0.9999608676823188]]}",0.08879411975494225,0.08883007734585265,True,True,0.00299999862909317,"{'position_m': [-0.2373752527936163, 0.0029864511552285386, -9.29906964302063e-05], 'rotation_matrix': [[0.9999989331172823, 0.00022696317516145823, 0.001443001044517202], [-0.00021995988620675545, 0.9999882067847143, -0.004851588311043339], [-0.0014440851587828767, 0.004851265732622068, 0.9999871898373728]]}","[-0.1486415849594637, 0.002966933286925754, -0.000221129805943277]",529,529,"{'step': 630, 'failure': 'INSERTION_DEPTH_NOT_ACHIEVED'}","{'step': 642, 'failure': 'INSERTION_DEPTH_NOT_ACHIEVED'}",12,True,0,False,disabled,,,[],0,0.0,1.1666912393472153,
1.0,144,v2,True,False,True,True,0.08845733842841003,0.005024254680806327,0.00010295510303167258,0.002788279371807461,"{'position_m': [-0.08901017029052409, -2.2907169434843237e-05, -4.360079765319824e-05], 'rotation_matrix': [[0.9999998164576143, 0.0002477302541367131, 0.0005529145135706893], [-0.00024496947356524815, 0.9999875316570686, -0.004987636751043937], [-0.0005541432081628004, 0.004987500388423872, 0.9999874088033212]]}",0.00027642407426026194,0.0002949746125870922,True,True,0.00299999862909317,"{'position_m': [-0.2373752527936163, 0.0029864511552285386, -9.29906964302063e-05], 'rotation_matrix': [[0.9999989331172823, 0.00022696317516145823, 0.001443001044517202], [-0.00021995988620675545, 0.9999882067847143, -0.004851588311043339], [-0.0014440851587828767, 0.004851265732622068, 0.9999871898373728]]}","[-0.1486415849594637, 0.002966933286925754, -0.000221129805943277]",529,529,"{'step': 630, 'failure': 'INSERTION_DEPTH_NOT_ACHIEVED'}","{'step': 642, 'failure': 'INSERTION_DEPTH_NOT_ACHIEVED'}",12,True,1,True,attempt_complete,,INSERTION_DEPTH_NOT_ACHIEVED,"['backout', 'realign', 'reinsert', 'verify']",136,0.19866318987292764,1.3608464621387961,778
1.0,145,baseline,False,False,True,True,-2.6436536419455203e-05,0.006279434644427423,0.0024301554654720756,0.0006601712891700744,"{'position_m': [-0.19266796900692837, 0.0027403426651199637, -0.00026426084917055104], 'rotation_matrix': [[0.9999810340416392, 0.004270852454701484, 0.004437496627939806], [-0.004265415780281175, 0.9999901417992042, -0.0012339094891610713], [-0.0044427227275776835, 0.0012149583187433203, 0.9999893929892698]]}",0.09634811618815667,0.09637875880396521,True,True,0.0030000004917383194,"{'position_m': [-0.25278593019535367, 0.00299332809520866, -8.446341694265837e-05], 'rotation_matrix': [[0.9999991247279783, 0.00012478736350359158, 0.0013171831273794366], [-0.0001225062793096481, 0.99999849305342, -0.0017317283564521552], [-0.0013173972402707337, 0.0017315654775146704, 0.9999976330699528]]}","[-0.15646433485128775, 0.00298152808461767, -0.00021135733189409865]",532,533,"{'step': 630, 'failure': 'INSERTION_DEPTH_NOT_ACHIEVED'}",,,,0,False,disabled,,,[],0,0.0,0.9518644085284014,
1.0,145,v1,False,False,True,True,-2.6436536419455203e-05,0.006279434644427423,0.0024301554654720756,0.0006601712891700744,"{'position_m': [-0.19266796900692837, 0.0027403426651199637, -0.00026426084917055104], 'rotation_matrix': [[0.9999810340416392, 0.004270852454701484, 0.004437496627939806], [-0.004265415780281175, 0.9999901417992042, -0.0012339094891610713], [-0.0044427227275776835, 0.0012149583187433203, 0.9999893929892698]]}",0.09634811618815667,0.09637875880396521,True,True,0.0030000004917383194,"{'position_m': [-0.25278593019535367, 0.00299332809520866, -8.446341694265837e-05], 'rotation_matrix': [[0.9999991247279783, 0.00012478736350359158, 0.0013171831273794366], [-0.0001225062793096481, 0.99999849305342, -0.0017317283564521552], [-0.0013173972402707337, 0.0017315654775146704, 0.9999976330699528]]}","[-0.15646433485128775, 0.00298152808461767, -0.00021135733189409865]",532,533,"{'step': 630, 'failure': 'INSERTION_DEPTH_NOT_ACHIEVED'}","{'step': 642, 'failure': 'INSERTION_DEPTH_NOT_ACHIEVED'}",12,True,0,False,disabled,,,[],0,0.0,0.9518644085284014,
1.0,145,v2,True,False,True,True,0.09598583593336829,0.002245610625947796,0.0001598135765155382,0.0028235232098270547,"{'position_m': [-0.09665749072371117, -5.2151765461671156e-05, -6.721537880835648e-05], 'rotation_matrix': [[0.9999996610690856, 0.00015485081468080922, 0.000808630285397183], [-0.00015316105876215437, 0.9999978056895025, -0.0020892960224986475], [-0.0008089520402024525, 0.002089171463700978, 0.9999974904764468]]}",0.00033584371836892224,0.0003719292707041915,True,True,0.0030000004917383194,"{'position_m': [-0.25278593019535367, 0.00299332809520866, -8.446341694265837e-05], 'rotation_matrix': [[0.9999991247279783, 0.00012478736350359158, 0.0013171831273794366], [-0.0001225062793096481, 0.99999849305342, -0.0017317283564521552], [-0.0013173972402707337, 0.0017315654775146704, 0.9999976330699528]]}","[-0.15646433485128775, 0.00298152808461767, -0.00021135733189409865]",532,533,"{'step': 630, 'failure': 'INSERTION_DEPTH_NOT_ACHIEVED'}","{'step': 642, 'failure': 'INSERTION_DEPTH_NOT_ACHIEVED'}",12,True,1,True,attempt_complete,,INSERTION_DEPTH_NOT_ACHIEVED,"['backout', 'realign', 'reinsert', 'verify']",144,0.20713202882250925,1.158950219734416,786
1.0,146,baseline,False,False,True,True,-3.977563063600753e-05,0.008925567292949955,0.0024505613954094153,0.000729117144244229,"{'position_m': [-0.20988540154074065, 0.002714830185193897, -0.00037012765651107764], 'rotation_matrix': [[0.9999701151590813, 0.004662652047965656, 0.006166722355821513], [-0.004635099221204542, 0.9999792459920578, -0.004474755900127322], [-0.006187458601378635, 0.004446038802770243, 0.9999709736262452]]}",0.10496415640990236,0.10499275871218508,True,True,0.0030000004917383194,"{'position_m': [-0.26987531631263695, 0.0029924783217292216, -7.517341334458448e-05], 'rotation_matrix': [[0.9999993071597454, 0.00022118455087510714, 0.0011561822624773903], [-0.00021591085793830906, 0.9999895824114743, -0.004559435384704257], [-0.0011571786945141285, 0.004559182593439658, 0.9999889373345832]]}","[-0.16495100822920528, 0.0029698240086565245, -0.00019658967131743924]",531,531,"{'step': 630, 'failure': 'INSERTION_DEPTH_NOT_ACHIEVED'}",,,,0,False,disabled,,,[],0,0.0,1.064132866379371,
1.0,146,v1,False,False,True,True,-3.977563063600753e-05,0.008925567292949955,0.0024505613954094153,0.000729117144244229,"{'position_m': [-0.20988540154074065, 0.002714830185193897, -0.00037012765651107764], 'rotation_matrix': [[0.9999701151590813, 0.004662652047965656, 0.006166722355821513], [-0.004635099221204542, 0.9999792459920578, -0.004474755900127322], [-0.006187458601378635, 0.004446038802770243, 0.9999709736262452]]}",0.10496415640990236,0.10499275871218508,True,True,0.0030000004917383194,"{'position_m': [-0.26987531631263695, 0.0029924783217292216, -7.517341334458448e-05], 'rotation_matrix': [[0.9999993071597454, 0.00022118455087510714, 0.0011561822624773903], [-0.00021591085793830906, 0.9999895824114743, -0.004559435384704257], [-0.0011571786945141285, 0.004559182593439658, 0.9999889373345832]]}","[-0.16495100822920528, 0.0029698240086565245, -0.00019658967131743924]",531,531,"{'step': 630, 'failure': 'INSERTION_DEPTH_NOT_ACHIEVED'}","{'step': 642, 'failure': 'INSERTION_DEPTH_NOT_ACHIEVED'}",12,True,0,False,disabled,,,[],0,0.0,1.064132866379371,
1.0,146,v2,True,False,True,True,0.10452176665078029,0.0049161626220560846,0.00017879679544951672,0.002729217583155554,"{'position_m': [-0.10532694475060823, -3.5614863737165085e-05, -6.894651144943594e-05], 'rotation_matrix': [[0.9999995219686424, 0.00022276705002489904, 0.0009520700232689997], [-0.00021817746127089245, 0.9999883694240791, -0.004818030216546869], [-0.0009531322485245827, 0.004817820193156712, 0.9999879400010301]]}",0.0004026141284860646,0.0004405297158190463,True,True,0.0030000004917383194,"{'position_m': [-0.26987531631263695, 0.0029924783217292216, -7.517341334458448e-05], 'rotation_matrix': [[0.9999993071597454, 0.00022118455087510714, 0.0011561822624773903], [-0.00021591085793830906, 0.9999895824114743, -0.004559435384704257], [-0.0011571786945141285, 0.004559182593439658, 0.9999889373345832]]}","[-0.16495100822920528, 0.0029698240086565245, -0.00019658967131743924]",531,531,"{'step': 630, 'failure': 'INSERTION_DEPTH_NOT_ACHIEVED'}","{'step': 642, 'failure': 'INSERTION_DEPTH_NOT_ACHIEVED'}",12,True,1,True,attempt_complete,,INSERTION_DEPTH_NOT_ACHIEVED,"['backout', 'realign', 'reinsert', 'verify']",149,0.21416817039862696,1.273517567989237,791
1.0,147,baseline,False,False,True,True,8.558923085398573e-05,0.01365804634966045,0.0029591106382408964,0.0006487184356527287,"{'position_m': [-0.19924206718200577, 0.0027219134021027134, -0.0007164253613922858], 'rotation_matrix': [[0.9999198016338608, 0.004573860767629178, 0.011809745898148897], [-0.0045134169322837685, 0.9999766058926003, -0.005139721306672862], [-0.011832977989326131, 0.0050860068023189835, 0.999917053143265]]}",0.09958223557392888,0.09962619122334657,True,True,0.00299999862909317,"{'position_m': [-0.25984806730850235, 0.0029925767557922667, -0.00023377671763598554], 'rotation_matrix': [[0.9999928988272664, 0.00020760050008802983, 0.00376287085510835], [-0.0001904250487948126, 0.9999895656814001, -0.004564237792348838], [-0.00376377913016321, 0.004563488836041686, 0.999982504115098]]}","[-0.1601809502621594, 0.002973597505390543, -0.0006089043965849904]",536,536,"{'step': 630, 'failure': 'INSERTION_DEPTH_NOT_ACHIEVED'}",,,,0,False,disabled,,,[],0,0.0,1.3269572266413412,
1.0,147,v1,False,False,True,True,8.558923085398573e-05,0.01365804634966045,0.0029591106382408964,0.0006487184356527287,"{'position_m': [-0.19924206718200577, 0.0027219134021027134, -0.0007164253613922858], 'rotation_matrix': [[0.9999198016338608, 0.004573860767629178, 0.011809745898148897], [-0.0045134169322837685, 0.9999766058926003, -0.005139721306672862], [-0.011832977989326131, 0.0050860068023189835, 0.999917053143265]]}",0.09958223557392888,0.09962619122334657,True,True,0.00299999862909317,"{'position_m': [-0.25984806730850235, 0.0029925767557922667, -0.00023377671763598554], 'rotation_matrix': [[0.9999928988272664, 0.00020760050008802983, 0.00376287085510835], [-0.0001904250487948126, 0.9999895656814001, -0.004564237792348838], [-0.00376377913016321, 0.004563488836041686, 0.999982504115098]]}","[-0.1601809502621594, 0.002973597505390543, -0.0006089043965849904]",536,536,"{'step': 630, 'failure': 'INSERTION_DEPTH_NOT_ACHIEVED'}","{'step': 642, 'failure': 'INSERTION_DEPTH_NOT_ACHIEVED'}",12,True,0,False,disabled,,,[],0,0.0,1.3269572266413412,
1.0,147,v2,True,False,True,True,0.09883291292051201,0.005321086007068145,0.00046025433028008535,0.002450157271444691,"{'position_m': [-0.10050236001942184, -6.54587682177309e-05, -0.00017943228100669538], 'rotation_matrix': [[0.9999962207499499, 0.00017385511336962244, 0.00274376752233581], [-0.0001613532508830787, 0.9999896082596252, -0.0045560221563414076], [-0.002744531097564575, 0.004555562222185051, 0.999985857100936]]}",0.0008349118842708586,0.0009533687130582194,True,True,0.00299999862909317,"{'position_m': [-0.25984806730850235, 0.0029925767557922667, -0.00023377671763598554], 'rotation_matrix': [[0.9999928988272664, 0.00020760050008802983, 0.00376287085510835], [-0.0001904250487948126, 0.9999895656814001, -0.004564237792348838], [-0.00376377913016321, 0.004563488836041686, 0.999982504115098]]}","[-0.1601809502621594, 0.002973597505390543, -0.0006089043965849904]",536,536,"{'step': 630, 'failure': 'INSERTION_DEPTH_NOT_ACHIEVED'}","{'step': 642, 'failure': 'INSERTION_DEPTH_NOT_ACHIEVED'}",12,True,1,True,attempt_complete,,INSERTION_DEPTH_NOT_ACHIEVED,"['backout', 'realign', 'reinsert', 'verify']",159,0.21206196317070644,1.5340955858554455,801
1.0,148,baseline,False,False,True,True,-8.219756746040419e-05,0.007397826253574566,0.002338388996381062,0.0007994424908011298,"{'position_m': [-0.21611219772095094, 0.002723072381551741, -0.0002713426947593689], 'rotation_matrix': [[0.9999770860414872, 0.004831922446310881, 0.004741299130944465], [-0.004817756489405964, 0.9999839104694727, -0.0029946660232461845], [-0.004755692839644285, 0.0029717549789368453, 0.9999842759053565]]}",0.1080984351839994,0.10812372428069483,True,True,0.00299999862909317,"{'position_m': [-0.2762873503780391, 0.002992609346458024, -3.088265657424927e-05], 'rotation_matrix': [[0.9999998535139026, 0.00014190471691264417, 0.0005223363128699548], [-0.0001403937025978942, 0.9999958091701044, -0.002891700509291412], [-0.0005227444697894867, 0.002891626752968526, 0.9999956826071501]]}","[-0.1682711285843772, 0.002977444546918344, -8.734754743576216e-05]",533,,"{'step': 630, 'failure': 'INSERTION_DEPTH_NOT_ACHIEVED'}",,,,0,False,disabled,,,[],0,0.0,1.4199034418923744,
1.0,148,v1,False,False,True,True,-8.219756746040419e-05,0.007397826253574566,0.002338388996381062,0.0007994424908011298,"{'position_m': [-0.21611219772095094, 0.002723072381551741, -0.0002713426947593689], 'rotation_matrix': [[0.9999770860414872, 0.004831922446310881, 0.004741299130944465], [-0.004817756489405964, 0.9999839104694727, -0.0029946660232461845], [-0.004755692839644285, 0.0029717549789368453, 0.9999842759053565]]}",0.1080984351839994,0.10812372428069483,True,True,0.00299999862909317,"{'position_m': [-0.2762873503780391, 0.002992609346458024, -3.088265657424927e-05], 'rotation_matrix': [[0.9999998535139026, 0.00014190471691264417, 0.0005223363128699548], [-0.0001403937025978942, 0.9999958091701044, -0.002891700509291412], [-0.0005227444697894867, 0.002891626752968526, 0.9999956826071501]]}","[-0.1682711285843772, 0.002977444546918344, -8.734754743576216e-05]",533,,"{'step': 630, 'failure': 'INSERTION_DEPTH_NOT_ACHIEVED'}","{'step': 642, 'failure': 'INSERTION_DEPTH_NOT_ACHIEVED'}",12,True,0,False,disabled,,,[],0,0.0,1.4199034418923744,
1.0,148,v2,True,False,True,True,0.10751145609666869,0.0033023569982690236,0.00025182781422715053,0.002708386498058289,"{'position_m': [-0.10852091867054327, -5.7095478972532624e-05, -9.547919034957886e-05], 'rotation_matrix': [[0.9999990699003385, 0.00010845016356518724, 0.0013595723664290489], [-0.00010436069589717719, 0.9999954716626713, -0.0030076174949813356], [-0.001359892386436024, 0.0030074728116790397, 0.9999945528851564]]}",0.0005047815198703093,0.0005641113638467175,True,True,0.00299999862909317,"{'position_m': [-0.2762873503780391, 0.002992609346458024, -3.088265657424927e-05], 'rotation_matrix': [[0.9999998535139026, 0.00014190471691264417, 0.0005223363128699548], [-0.0001403937025978942, 0.9999958091701044, -0.002891700509291412], [-0.0005227444697894867, 0.002891626752968526, 0.9999956826071501]]}","[-0.1682711285843772, 0.002977444546918344, -8.734754743576216e-05]",533,710,"{'step': 630, 'failure': 'INSERTION_DEPTH_NOT_ACHIEVED'}","{'step': 642, 'failure': 'INSERTION_DEPTH_NOT_ACHIEVED'}",12,True,1,True,attempt_complete,,INSERTION_DEPTH_NOT_ACHIEVED,"['backout', 'realign', 'reinsert', 'verify']",156,0.21827986172706784,1.6381448518640649,798
1.0,149,baseline,False,False,True,True,-0.00011513080119363028,0.00886146544551327,0.0020907940260093036,0.0009853510701532502,"{'position_m': [-0.24061691064454446, 0.002661596457239423, -0.00022801710116905716], 'rotation_matrix': [[0.9999764851498829, 0.005728340934693034, 0.003770312642490532], [-0.005707091417249907, 0.9999679058620872, -0.005622842105851713], [-0.0038024011941608744, 0.005601192366640055, 0.9999770839320421]]}",0.12036743458031884,0.12038559185843849,True,True,0.0030000004917383194,"{'position_m': [-0.300254909971961, 0.0029876147825624337, 1.899957783352524e-05], 'rotation_matrix': [[0.9999999051031186, 0.00024314239968154457, -0.00036149070173462246], [-0.0002455037356179586, 0.9999785407336146, -0.006546586911275317], [0.00035989119155802724, 0.006546675037342301, 0.9999785055311368]]}","[-0.18000261760440442, 0.002958092392767993, 6.227732272819248e-05]",528,,"{'step': 630, 'failure': 'INSERTION_DEPTH_NOT_ACHIEVED'}",,,,0,False,disabled,,,[],0,0.0,1.1272571469975623,
1.0,149,v1,False,False,True,True,-0.00011513080119363028,0.00886146544551327,0.0020907940260093036,0.0009853510701532502,"{'position_m': [-0.24061691064454446, 0.002661596457239423, -0.00022801710116905716], 'rotation_matrix': [[0.9999764851498829, 0.005728340934693034, 0.003770312642490532], [-0.005707091417249907, 0.9999679058620872, -0.005622842105851713], [-0.0038024011941608744, 0.005601192366640055, 0.9999770839320421]]}",0.12036743458031884,0.12038559185843849,True,True,0.0030000004917383194,"{'position_m': [-0.300254909971961, 0.0029876147825624337, 1.899957783352524e-05], 'rotation_matrix': [[0.9999999051031186, 0.00024314239968154457, -0.00036149070173462246], [-0.0002455037356179586, 0.9999785407336146, -0.006546586911275317], [0.00035989119155802724, 0.006546675037342301, 0.9999785055311368]]}","[-0.18000261760440442, 0.002958092392767993, 6.227732272819248e-05]",528,,"{'step': 630, 'failure': 'INSERTION_DEPTH_NOT_ACHIEVED'}","{'step': 642, 'failure': 'INSERTION_DEPTH_NOT_ACHIEVED'}",12,True,0,False,disabled,,,[],0,0.0,1.1272571469975623,
1.0,149,v2,True,False,True,True,0.11993872386237824,0.006957306798231358,9.461296094092425e-05,0.0027550591293277783,"{'position_m': [-0.1205658721458902, -2.2979645620734613e-05, -3.559858279836618e-05], 'rotation_matrix': [[0.9999999039520937, 0.0003078891993964216, 0.00031192955062402865], [-0.00030571591581975903, 0.9999758470221132, -0.006943479688634323], [-0.00031405983899884837, 0.006943383659899395, 0.999975845103155]]}",0.00031357991674697827,0.00032754232789832015,True,True,0.0030000004917383194,"{'position_m': [-0.300254909971961, 0.0029876147825624337, 1.899957783352524e-05], 'rotation_matrix': [[0.9999999051031186, 0.00024314239968154457, -0.00036149070173462246], [-0.0002455037356179586, 0.9999785407336146, -0.006546586911275317], [0.00035989119155802724, 0.006546675037342301, 0.9999785055311368]]}","[-0.18000261760440442, 0.002958092392767993, 6.227732272819248e-05]",528,708,"{'step': 630, 'failure': 'INSERTION_DEPTH_NOT_ACHIEVED'}","{'step': 642, 'failure': 'INSERTION_DEPTH_NOT_ACHIEVED'}",12,True,1,True,attempt_complete,,INSERTION_DEPTH_NOT_ACHIEVED,"['backout', 'realign', 'reinsert', 'verify']",155,0.22952028725550006,1.3525820164120035,797
1.0,150,baseline,False,False,True,True,-1.8690551674471756e-05,0.004069933656188914,0.002775565714797765,0.00024712504007673095,"{'position_m': [-0.24270485819587484, 0.002950017159717167, -0.00014531739700626], 'rotation_matrix': [[0.9999954586874893, 0.0017396502950430858, 0.0024609390990050764], [-0.0017329124484641207, 0.9999947518012176, -0.002737404695640551], [-0.0024656883103939156, 0.002733127672230782, 0.9999932251741928]]}",0.12136204990283261,0.12139378452645257,True,True,0.0030000004917383194,"{'position_m': [-0.30250900321841684, 0.0029946551235409727, 5.2883291468183e-06], 'rotation_matrix': [[0.999999988539661, 9.975487906801054e-05, -0.00011388433722079747], [-0.00010012830633250801, 0.9999946035593972, -0.0032837214264254695], [0.00011355615541694995, 0.003283732791838713, 0.9999946020874072]]}","[-0.18116564525789475, 0.0029825052184844444, 1.906761452011322e-05]",528,528,"{'step': 630, 'failure': 'INSERTION_DEPTH_NOT_ACHIEVED'}",,,,0,False,disabled,,,[],0,0.0,0.9770302814876453,
1.0,150,v1,False,False,True,True,-1.8690551674471756e-05,0.004069933656188914,0.002775565714797765,0.00024712504007673095,"{'position_m': [-0.24270485819587484, 0.002950017159717167, -0.00014531739700626], 'rotation_matrix': [[0.9999954586874893, 0.0017396502950430858, 0.0024609390990050764], [-0.0017329124484641207, 0.9999947518012176, -0.002737404695640551], [-0.0024656883103939156, 0.002733127672230782, 0.9999932251741928]]}",0.12136204990283261,0.12139378452645257,True,True,0.0030000004917383194,"{'position_m': [-0.30250900321841684, 0.0029946551235409727, 5.2883291468183e-06], 'rotation_matrix': [[0.999999988539661, 9.975487906801054e-05, -0.00011388433722079747], [-0.00010012830633250801, 0.9999946035593972, -0.0032837214264254695], [0.00011355615541694995, 0.003283732791838713, 0.9999946020874072]]}","[-0.18116564525789475, 0.0029825052184844444, 1.906761452011322e-05]",528,528,"{'step': 630, 'failure': 'INSERTION_DEPTH_NOT_ACHIEVED'}","{'step': 642, 'failure': 'INSERTION_DEPTH_NOT_ACHIEVED'}",12,True,0,False,disabled,,,[],0,0.0,0.9770302814876453,
1.0,150,v2,True,False,True,True,0.12123134297330435,0.003531612078385151,4.6213226451268666e-05,0.002901210091405093,"{'position_m': [-0.12145537295116031, -1.0073636794477654e-05, -1.7941627179800106e-05], 'rotation_matrix': [[0.9999999771075101, 0.00014649191474849066, 0.00015596505128226168], [-0.00014594120955806498, 0.9999937760673596, -0.003525128041070144], [-0.00015648048332275825, 0.003525105198642956, 0.99999377455422]]}",0.00011201637785379637,0.00012117479608615284,True,True,0.0030000004917383194,"{'position_m': [-0.30250900321841684, 0.0029946551235409727, 5.2883291468183e-06], 'rotation_matrix': [[0.999999988539661, 9.975487906801054e-05, -0.00011388433722079747], [-0.00010012830633250801, 0.9999946035593972, -0.0032837214264254695], [0.00011355615541694995, 0.003283732791838713, 0.9999946020874072]]}","[-0.18116564525789475, 0.0029825052184844444, 1.906761452011322e-05]",528,528,"{'step': 630, 'failure': 'INSERTION_DEPTH_NOT_ACHIEVED'}","{'step': 642, 'failure': 'INSERTION_DEPTH_NOT_ACHIEVED'}",12,True,1,True,attempt_complete,,INSERTION_DEPTH_NOT_ACHIEVED,"['backout', 'realign', 'reinsert', 'verify']",155,0.23149809889938133,1.2082623698591175,797
1.0,151,baseline,False,False,True,True,-4.142153275002447e-05,0.005281617771010487,0.0024541939746638573,0.0005698428445134462,"{'position_m': [-0.231623897059715, 0.002807867595212897, -0.00015330189680360176], 'rotation_matrix': [[0.9999907157012863, 0.0034318619154389304, 0.0026059230651570273], [-0.003423887452192239, 0.9999894613845995, -0.0030584496811502664], [-0.0026163917793171074, 0.0030494988983056585, 0.9999919274926801]]}",0.11583319681894769,0.11585919278746226,True,True,0.0030000004917383194,"{'position_m': [-0.29171297908779614, 0.0029935584894644645, -1.6002276221000747e-05], 'rotation_matrix': [[0.9999999582604946, 0.00010821766439599564, 0.0002678953997860261], [-0.00010732291240892146, 0.9999944241223669, -0.003337694708515709], [-0.0002682551035598813, 0.003337665817887459, 0.9999943939973297]]}","[-0.1759212086346899, 0.0029811313789077504, -4.706401089178221e-05]",532,,"{'step': 630, 'failure': 'INSERTION_DEPTH_NOT_ACHIEVED'}",,,,0,False,disabled,,,[],0,0.0,1.104835449918068,
1.0,151,v1,False,False,True,True,-4.142153275002447e-05,0.005281617771010487,0.0024541939746638573,0.0005698428445134462,"{'position_m': [-0.231623897059715, 0.002807867595212897, -0.00015330189680360176], 'rotation_matrix': [[0.9999907157012863, 0.0034318619154389304, 0.0026059230651570273], [-0.003423887452192239, 0.9999894613845995, -0.0030584496811502664], [-0.0026163917793171074, 0.0030494988983056585, 0.9999919274926801]]}",0.11583319681894769,0.11585919278746226,True,True,0.0030000004917383194,"{'position_m': [-0.29171297908779614, 0.0029935584894644645, -1.6002276221000747e-05], 'rotation_matrix': [[0.9999999582604946, 0.00010821766439599564, 0.0002678953997860261], [-0.00010732291240892146, 0.9999944241223669, -0.003337694708515709], [-0.0002682551035598813, 0.003337665817887459, 0.9999943939973297]]}","[-0.1759212086346899, 0.0029811313789077504, -4.706401089178221e-05]",532,,"{'step': 630, 'failure': 'INSERTION_DEPTH_NOT_ACHIEVED'}","{'step': 642, 'failure': 'INSERTION_DEPTH_NOT_ACHIEVED'}",12,True,0,False,disabled,,,[],0,0.0,1.104835449918068,
1.0,151,v2,True,False,True,True,0.11540827714185203,0.003645384772326806,0.00022556636766102767,0.002726845876434049,"{'position_m': [-0.1161751932954501, -5.387223869635306e-05, -7.981000022498316e-05], 'rotation_matrix': [[0.9999993079379517, 0.00011670994558010344, 0.0011706845886236953], [-0.00011267002259017762, 0.9999940410774188, -0.0034503789819738586], [-0.0011710803061480818, 0.0034502446930384676, 0.9999933621692069]]}",0.0003834981443456287,0.0004449168607013344,True,True,0.0030000004917383194,"{'position_m': [-0.29171297908779614, 0.0029935584894644645, -1.6002276221000747e-05], 'rotation_matrix': [[0.9999999582604946, 0.00010821766439599564, 0.0002678953997860261], [-0.00010732291240892146, 0.9999944241223669, -0.003337694708515709], [-0.0002682551035598813, 0.003337665817887459, 0.9999943939973297]]}","[-0.1759212086346899, 0.0029811313789077504, -4.706401089178221e-05]",532,710,"{'step': 630, 'failure': 'INSERTION_DEPTH_NOT_ACHIEVED'}","{'step': 642, 'failure': 'INSERTION_DEPTH_NOT_ACHIEVED'}",12,True,1,True,attempt_complete,,INSERTION_DEPTH_NOT_ACHIEVED,"['backout', 'realign', 'reinsert', 'verify']",158,0.22645101530626524,1.3306841605785655,800
1.0,152,baseline,False,False,True,True,-5.1155173984726576e-05,0.010213668267110886,0.0025003705264336996,0.0007865340272368883,"{'position_m': [-0.24594522855425752, 0.0027231060520918264, -0.0004009293491319331], 'rotation_matrix': [[0.9999662983929472, 0.0045508962828421495, 0.00683311212625916], [-0.004509295754052406, 0.9999712813981774, -0.006091192879026462], [-0.006860636275864032, 0.006060175072539665, 0.999958102096273]]}",0.12300026365539189,0.12302567501162259,True,True,0.0030000004917383194,"{'position_m': [-0.30588969333663585, 0.002991355084767189, -0.0001528470515321093], 'rotation_matrix': [[0.9999971976513139, 0.00020501731363112952, 0.0023585286558284336], [-0.0001907226786779773, 0.9999816231368951, -0.006059456523548211], [-0.0023597276069687186, 0.006058989717935206, 0.9999788599411584]]}","[-0.1829409294015013, 0.002967905901456546, -0.0004429734570678776]",530,530,"{'step': 630, 'failure': 'INSERTION_DEPTH_NOT_ACHIEVED'}",,,,0,False,disabled,,,[],0,0.0,1.168822485526395,
1.0,152,v1,False,False,True,True,-5.1155173984726576e-05,0.010213668267110886,0.0025003705264336996,0.0007865340272368883,"{'position_m': [-0.24594522855425752, 0.0027231060520918264, -0.0004009293491319331], 'rotation_matrix': [[0.9999662983929472, 0.0045508962828421495, 0.00683311212625916], [-0.004509295754052406, 0.9999712813981774, -0.006091192879026462], [-0.006860636275864032, 0.006060175072539665, 0.999958102096273]]}",0.12300026365539189,0.12302567501162259,True,True,0.0030000004917383194,"{'position_m': [-0.30588969333663585, 0.002991355084767189, -0.0001528470515321093], 'rotation_matrix': [[0.9999971976513139, 0.00020501731363112952, 0.0023585286558284336], [-0.0001907226786779773, 0.9999816231368951, -0.006059456523548211], [-0.0023597276069687186, 0.006058989717935206, 0.9999788599411584]]}","[-0.1829409294015013, 0.002967905901456546, -0.0004429734570678776]",530,530,"{'step': 630, 'failure': 'INSERTION_DEPTH_NOT_ACHIEVED'}","{'step': 642, 'failure': 'INSERTION_DEPTH_NOT_ACHIEVED'}",12,True,0,False,disabled,,,[],0,0.0,1.168822485526395,
1.0,152,v2,True,False,True,True,0.12243439228500574,0.006405405174674297,0.00026331977885087656,0.0026036225432841467,"{'position_m': [-0.1234637114019593, -3.4504320456482815e-05, -9.145522695517981e-05], 'rotation_matrix': [[0.9999990786769365, 0.00021580496212265577, 0.0013401766663558954], [-0.0002074113923816512, 0.9999803843962396, -0.006260016235100298], [-0.0013415013205479416, 0.006259732499694554, 0.9999795078516558]]}",0.0005147161964014213,0.0005781609367399539,True,True,0.0030000004917383194,"{'position_m': [-0.30588969333663585, 0.002991355084767189, -0.0001528470515321093], 'rotation_matrix': [[0.9999971976513139, 0.00020501731363112952, 0.0023585286558284336], [-0.0001907226786779773, 0.9999816231368951, -0.006059456523548211], [-0.0023597276069687186, 0.006058989717935206, 0.9999788599411584]]}","[-0.1829409294015013, 0.002967905901456546, -0.0004429734570678776]",530,530,"{'step': 630, 'failure': 'INSERTION_DEPTH_NOT_ACHIEVED'}","{'step': 642, 'failure': 'INSERTION_DEPTH_NOT_ACHIEVED'}",12,True,1,True,attempt_complete,,INSERTION_DEPTH_NOT_ACHIEVED,"['backout', 'realign', 'reinsert', 'verify']",162,0.23174861003714706,1.3965382217365438,804
1.0,153,baseline,False,False,True,True,4.037873390705382e-06,0.009639021726853584,0.002398816263720349,0.0008074453103036339,"{'position_m': [-0.18180820544531964, 0.0026420918858969, -0.0004312396049499513], 'rotation_matrix': [[0.9999588754939966, 0.005551815048127741, 0.007171099668370474], [-0.005528370743218092, 0.9999793228246499, -0.003284971853903155], [-0.00718918894645635, 0.003245192263455107, 0.9999688916608687]]}",0.0909039530590739,0.09093559809685864,True,True,0.0030000004917383194,"{'position_m': [-0.24204801153139413, 0.002990143050488382, -3.1080096960067756e-05], 'rotation_matrix': [[0.9999998500760482, 0.00019451425862849797, 0.0005118711595784489], [-0.0001927903719310231, 0.999994317395434, -0.003365710729153672], [-0.0005125229295442993, 0.003365611540721783, 0.9999942049728106]]}","[-0.1511400342282148, 0.00297261686510501, -7.767252679176112e-05]",534,534,"{'step': 630, 'failure': 'INSERTION_DEPTH_NOT_ACHIEVED'}",,,,0,False,disabled,,,[],0,0.0,1.2423658563379851,
1.0,153,v1,False,False,True,True,4.037873390705382e-06,0.009639021726853584,0.002398816263720349,0.0008074453103036339,"{'position_m': [-0.18180820544531964, 0.0026420918858969, -0.0004312396049499513], 'rotation_matrix': [[0.9999588754939966, 0.005551815048127741, 0.007171099668370474], [-0.005528370743218092, 0.9999793228246499, -0.003284971853903155], [-0.00718918894645635, 0.003245192263455107, 0.9999688916608687]]}",0.0909039530590739,0.09093559809685864,True,True,0.0030000004917383194,"{'position_m': [-0.24204801153139413, 0.002990143050488382, -3.1080096960067756e-05], 'rotation_matrix': [[0.9999998500760482, 0.00019451425862849797, 0.0005118711595784489], [-0.0001927903719310231, 0.999994317395434, -0.003365710729153672], [-0.0005125229295442993, 0.003365611540721783, 0.9999942049728106]]}","[-0.1511400342282148, 0.00297261686510501, -7.767252679176112e-05]",534,534,"{'step': 630, 'failure': 'INSERTION_DEPTH_NOT_ACHIEVED'}","{'step': 642, 'failure': 'INSERTION_DEPTH_NOT_ACHIEVED'}",12,True,0,False,disabled,,,[],0,0.0,1.2423658563379851,
1.0,153,v2,True,False,True,True,0.09036311389255809,0.0037872843359463425,0.00024623034945490247,0.0026938170250805187,"{'position_m': [-0.0914527716548925, -5.3239766827435395e-05, -0.0001044273376464844], 'rotation_matrix': [[0.9999989404949156, 0.00021442167684392077, 0.0014398029001085812], [-0.00020938631114419845, 0.9999938653006046, -0.003496500897931755], [-0.001440543792936221, 0.0034961957183532464, 0.9999928506989837]]}",0.0005448770399065078,0.0005979300741808873,True,True,0.0030000004917383194,"{'position_m': [-0.24204801153139413, 0.002990143050488382, -3.1080096960067756e-05], 'rotation_matrix': [[0.9999998500760482, 0.00019451425862849797, 0.0005118711595784489], [-0.0001927903719310231, 0.999994317395434, -0.003365710729153672], [-0.0005125229295442993, 0.003365611540721783, 0.9999942049728106]]}","[-0.1511400342282148, 0.00297261686510501, -7.767252679176112e-05]",534,534,"{'step': 630, 'failure': 'INSERTION_DEPTH_NOT_ACHIEVED'}","{'step': 642, 'failure': 'INSERTION_DEPTH_NOT_ACHIEVED'}",12,True,1,True,attempt_complete,,INSERTION_DEPTH_NOT_ACHIEVED,"['backout', 'realign', 'reinsert', 'verify']",143,0.20120481621120123,1.4394433972224812,785
1.0,154,baseline,False,False,True,True,-8.067440077599852e-05,0.005459903193579498,0.002385266461605245,0.0005978416717591015,"{'position_m': [-0.21069771919000166, 0.0027999985681455095, -3.784894943237304e-05], 'rotation_matrix': [[0.9999918800302432, 0.003966838015440597, 0.0007099786890273584], [-0.003964195664764877, 0.9999853520148405, -0.003685228417197744], [-0.0007245869934509806, 0.003682383998813332, 0.9999929574860886]]}",0.10538962434813318,0.10541661356889379,True,True,0.0030000004917383194,"{'position_m': [-0.2702155093332741, 0.0029894833904985222, 0.00015373528003692624], 'rotation_matrix': [[0.9999968529499383, 0.00015210282467510296, -0.002504187482915263], [-0.0001628497260458248, 0.9999907763754288, -0.004291927775873056], [0.0025035115708920536, 0.004292322075207046, 0.9999876541242981]]}","[-0.16490689079845433, 0.0029723338568494215, 0.000417377454748627]",526,,"{'step': 630, 'failure': 'INSERTION_DEPTH_NOT_ACHIEVED'}",,,,0,False,disabled,,,[],0,0.0,1.1135449865917417,
1.0,154,v1,False,False,True,True,-8.067440077599852e-05,0.005459903193579498,0.002385266461605245,0.0005978416717591015,"{'position_m': [-0.21069771919000166, 0.0027999985681455095, -3.784894943237304e-05], 'rotation_matrix': [[0.9999918800302432, 0.003966838015440597, 0.0007099786890273584], [-0.003964195664764877, 0.9999853520148405, -0.003685228417197744], [-0.0007245869934509806, 0.003682383998813332, 0.9999929574860886]]}",0.10538962434813318,0.10541661356889379,True,True,0.0030000004917383194,"{'position_m': [-0.2702155093332741, 0.0029894833904985222, 0.00015373528003692624], 'rotation_matrix': [[0.9999968529499383, 0.00015210282467510296, -0.002504187482915263], [-0.0001628497260458248, 0.9999907763754288, -0.004291927775873056], [0.0025035115708920536, 0.004292322075207046, 0.9999876541242981]]}","[-0.16490689079845433, 0.0029723338568494215, 0.000417377454748627]",526,,"{'step': 630, 'failure': 'INSERTION_DEPTH_NOT_ACHIEVED'}","{'step': 642, 'failure': 'INSERTION_DEPTH_NOT_ACHIEVED'}",12,True,0,False,disabled,,,[],0,0.0,1.1135449865917417,
1.0,154,v2,True,False,True,True,0.10544425158005583,0.004510530276917137,0.0001466276800329854,0.0027596594132894905,"{'position_m': [-0.10517360288566548, 1.869814669727108e-05, 5.179643630981444e-05], 'rotation_matrix': [[0.9999995686122303, 0.00022792275940568913, -0.0009004590877954537], [-0.00023189502145105846, 0.9999902325341429, -0.004413735493818452], [0.0008994443018190204, 0.004413942401766423, 0.9999898540047402]]}",0.0001353016326986478,0.0001995149326811789,True,True,0.0030000004917383194,"{'position_m': [-0.2702155093332741, 0.0029894833904985222, 0.00015373528003692624], 'rotation_matrix': [[0.9999968529499383, 0.00015210282467510296, -0.002504187482915263], [-0.0001628497260458248, 0.9999907763754288, -0.004291927775873056], [0.0025035115708920536, 0.004292322075207046, 0.9999876541242981]]}","[-0.16490689079845433, 0.0029723338568494215, 0.000417377454748627]",526,707,"{'step': 630, 'failure': 'INSERTION_DEPTH_NOT_ACHIEVED'}","{'step': 642, 'failure': 'INSERTION_DEPTH_NOT_ACHIEVED'}",12,True,1,True,attempt_complete,,INSERTION_DEPTH_NOT_ACHIEVED,"['backout', 'realign', 'reinsert', 'verify']",140,0.21391130471643924,1.327113567165899,782
1.0,155,baseline,False,False,True,True,-0.00010362378541058093,0.007520626477376686,0.007077525037115702,,"{'position_m': [-0.22228878135510072, 0.005164495904767861, -0.005291803500026422], 'rotation_matrix': [[0.9999914855747679, 0.0041258890534028175, -7.627245546532492e-05], [-0.004126287053285935, 0.999971722225541, -0.006287169827440234], [5.033013348211224e-05, 0.006287431017848326, 0.9999802326436623]]}",0.11119667551699704,0.1114216855315128,True,True,0.0030000004917383194,"{'position_m': [-0.2823336259844664, 0.002987487563738492, -6.410330855226226e-05], 'rotation_matrix': [[0.9999994632274006, 0.0002520319352353264, 0.0010049999074815367], [-0.00024507832662664167, 0.999976073895649, -0.00691314493246506], [-0.0010067181950447685, 0.0069128949179827, 0.9999755989034576]]}","[-0.17124063388458607, 0.002960261064520268, -0.00017594270507350008]",532,,"{'step': 630, 'failure': 'INSERTION_DEPTH_NOT_ACHIEVED'}",,,,0,False,disabled,,,[],0,0.0,0.9112443744601515,
1.0,155,v1,False,False,True,True,-0.00010362378541058093,0.007520626477376686,0.007077525037115702,,"{'position_m': [-0.22228878135510072, 0.005164495904767861, -0.005291803500026422], 'rotation_matrix': [[0.9999914855747679, 0.0041258890534028175, -7.627245546532492e-05], [-0.004126287053285935, 0.999971722225541, -0.006287169827440234], [5.033013348211224e-05, 0.006287431017848326, 0.9999802326436623]]}",0.11119667551699704,0.1114216855315128,True,True,0.0030000004917383194,"{'position_m': [-0.2823336259844664, 0.002987487563738492, -6.410330855226226e-05], 'rotation_matrix': [[0.9999994632274006, 0.0002520319352353264, 0.0010049999074815367], [-0.00024507832662664167, 0.999976073895649, -0.00691314493246506], [-0.0010067181950447685, 0.0069128949179827, 0.9999755989034576]]}","[-0.17124063388458607, 0.002960261064520268, -0.00017594270507350008]",532,,"{'step': 630, 'failure': 'INSERTION_DEPTH_NOT_ACHIEVED'}","{'step': 642, 'failure': 'INSERTION_DEPTH_NOT_ACHIEVED'}",12,True,0,False,disabled,,,[],0,0.0,0.9112443744601515,
1.0,155,v2,False,False,False,True,-0.00011662346592311579,0.007825513890753578,0.012135201043788117,-0.001050750786695833,"{'position_m': [-0.2223014405049411, 0.004602509507810585, -0.011425024589916066], 'rotation_matrix': [[0.9999884203005059, 0.004812218282730733, 4.26625981336196e-05], [-0.00481186339757176, 0.9999693824761442, -0.006170906004873018], [-7.235703860816584e-05, 0.0061706292610414736, 0.9999809588682081]]}",0.11120967519750957,0.11186981255865558,True,True,0.0030000004917383194,"{'position_m': [-0.2823336259844664, 0.002987487563738492, -6.410330855226226e-05], 'rotation_matrix': [[0.9999994632274006, 0.0002520319352353264, 0.0010049999074815367], [-0.00024507832662664167, 0.999976073895649, -0.00691314493246506], [-0.0010067181950447685, 0.0069128949179827, 0.9999755989034576]]}","[-0.17124063388458607, 0.002960261064520268, -0.00017594270507350008]",532,715,"{'step': 630, 'failure': 'INSERTION_DEPTH_NOT_ACHIEVED'}","{'step': 642, 'failure': 'INSERTION_DEPTH_NOT_ACHIEVED'}",12,True,1,False,aborted,reinsert_physical_effect_not_completed,INSERTION_DEPTH_NOT_ACHIEVED,"['backout', 'realign']",171,0.12965078049987994,1.0404502934568158,
1.0,156,baseline,False,False,True,True,-5.559011109400325e-05,0.008773724590410995,0.0025375886086717704,0.0006289861593330622,"{'position_m': [-0.1951425579384227, 0.0027541538983117523, -0.0003848224878311157], 'rotation_matrix': [[0.999973387607204, 0.004214959959178002, 0.005954677985846576], [-0.0041858884712085605, 0.999979301566536, -0.004886182171129645], [-0.0059751497955450456, 0.004861126520199719, 0.9999703330768744]]}",0.09760037197478343,0.09763335477982384,True,True,0.0030000004917383194,"{'position_m': [-0.2551650696589764, 0.0029896433757820315, -0.00010946393013000488], 'rotation_matrix': [[0.9999984646990416, 0.00019523839174907855, 0.001741402173600471], [-0.00018773938988605207, 0.9999907139899972, -0.004305425379363339], [-0.0017422265872493305, 0.004305091839458009, 0.9999892153572321]]}","[-0.15762043755588406, 0.0029713303779483743, -0.0002794090425403609]",531,531,"{'step': 630, 'failure': 'INSERTION_DEPTH_NOT_ACHIEVED'}",,,,0,False,disabled,,,[],0,0.0,1.1136264914264726,
1.0,156,v1,False,False,True,True,-5.559011109400325e-05,0.008773724590410995,0.0025375886086717704,0.0006289861593330622,"{'position_m': [-0.1951425579384227, 0.0027541538983117523, -0.0003848224878311157], 'rotation_matrix': [[0.999973387607204, 0.004214959959178002, 0.005954677985846576], [-0.0041858884712085605, 0.999979301566536, -0.004886182171129645], [-0.0059751497955450456, 0.004861126520199719, 0.9999703330768744]]}",0.09760037197478343,0.09763335477982384,True,True,0.0030000004917383194,"{'position_m': [-0.2551650696589764, 0.0029896433757820315, -0.00010946393013000488], 'rotation_matrix': [[0.9999984646990416, 0.00019523839174907855, 0.001741402173600471], [-0.00018773938988605207, 0.9999907139899972, -0.004305425379363339], [-0.0017422265872493305, 0.004305091839458009, 0.9999892153572321]]}","[-0.15762043755588406, 0.0029713303779483743, -0.0002794090425403609]",531,531,"{'step': 630, 'failure': 'INSERTION_DEPTH_NOT_ACHIEVED'}","{'step': 642, 'failure': 'INSERTION_DEPTH_NOT_ACHIEVED'}",12,True,0,False,disabled,,,[],0,0.0,1.1136264914264726,
1.0,156,v2,True,False,True,True,0.09716055396268976,0.004655652176086407,0.00017698755806719852,0.002737471431153507,"{'position_m': [-0.0979289594593435, -3.456866120173493e-05, -7.16671347618103e-05], 'rotation_matrix': [[0.9999994842846063, 0.00018235623382606997, 0.0009990879468327316], [-0.00017781498078356413, 0.999989661970876, -0.0045436035484931565], [-0.0009999061726635417, 0.004543423552482795, 0.9999891786864838]]}",0.00038422790099966464,0.00042303153028728016,True,True,0.0030000004917383194,"{'position_m': [-0.2551650696589764, 0.0029896433757820315, -0.00010946393013000488], 'rotation_matrix': [[0.9999984646990416, 0.00019523839174907855, 0.001741402173600471], [-0.00018773938988605207, 0.9999907139899972, -0.004305425379363339], [-0.0017422265872493305, 0.004305091839458009, 0.9999892153572321]]}","[-0.15762043755588406, 0.0029713303779483743, -0.0002794090425403609]",531,531,"{'step': 630, 'failure': 'INSERTION_DEPTH_NOT_ACHIEVED'}","{'step': 642, 'failure': 'INSERTION_DEPTH_NOT_ACHIEVED'}",12,True,1,True,attempt_complete,,INSERTION_DEPTH_NOT_ACHIEVED,"['backout', 'realign', 'reinsert', 'verify']",145,0.20765454774510866,1.3149496584265932,787
1.0,157,baseline,False,False,True,True,-8.622852999069786e-05,0.0070501848050849945,0.002280878089944032,0.0007398114471593754,"{'position_m': [-0.2338771272168832, 0.002750336144174096, -0.0001292282279890001], 'rotation_matrix': [[0.9999891168696733, 0.004262111222391196, 0.0018975115649335], [-0.004252022011483828, 0.9999769692596854, -0.005289731470297384], [-0.001920013287700394, 0.0052816056405192565, 0.9999842089707384]]}",0.11698231397110322,0.11700454771885987,True,True,0.00299999862909317,"{'position_m': [-0.2934826393802128, 0.0029906865618130997, 9.295416177639612e-05], 'rotation_matrix': [[0.9999987914957018, 0.00013855558451121613, -0.0015484861914991195], [-0.00014678568627102812, 0.9999858587488372, -0.005316084678836542], [0.001547727720746977, 0.0053163055499336614, 0.9999846705996057]]}","[-0.176586695208522, 0.002973527889689229, 0.00027387747366041304]",527,,"{'step': 630, 'failure': 'INSERTION_DEPTH_NOT_ACHIEVED'}",,,,0,False,disabled,,,[],0,0.0,1.0974464416010543,
1.0,157,v1,False,False,True,True,-8.622852999069786e-05,0.0070501848050849945,0.002280878089944032,0.0007398114471593754,"{'position_m': [-0.2338771272168832, 0.002750336144174096, -0.0001292282279890001], 'rotation_matrix': [[0.9999891168696733, 0.004262111222391196, 0.0018975115649335], [-0.004252022011483828, 0.9999769692596854, -0.005289731470297384], [-0.001920013287700394, 0.0052816056405192565, 0.9999842089707384]]}",0.11698231397110322,0.11700454771885987,True,True,0.00299999862909317,"{'position_m': [-0.2934826393802128, 0.0029906865618130997, 9.295416177639612e-05], 'rotation_matrix': [[0.9999987914957018, 0.00013855558451121613, -0.0015484861914991195], [-0.00014678568627102812, 0.9999858587488372, -0.005316084678836542], [0.001547727720746977, 0.0053163055499336614, 0.9999846705996057]]}","[-0.176586695208522, 0.002973527889689229, 0.00027387747366041304]",527,,"{'step': 630, 'failure': 'INSERTION_DEPTH_NOT_ACHIEVED'}","{'step': 642, 'failure': 'INSERTION_DEPTH_NOT_ACHIEVED'}",12,True,0,False,disabled,,,[],0,0.0,1.0974464416010543,
1.0,157,v2,True,False,True,True,0.1168584175385383,0.0054406934446141145,4.042208746602998e-05,0.002851610974077684,"{'position_m': [-0.11693374760402571, 6.227642693044016e-06, 9.310521074511975e-06], 'rotation_matrix': [[0.9999999508994591, 0.00021846599718454535, -0.0002246634963760024], [-0.0002196830645124914, 0.9999852245674679, -0.00543160989959795], [0.00022347355480263604, 0.0054316589876683375, 0.9999852234609328]]}",3.766790257421493e-05,5.525229442703647e-05,True,True,0.00299999862909317,"{'position_m': [-0.2934826393802128, 0.0029906865618130997, 9.295416177639612e-05], 'rotation_matrix': [[0.9999987914957018, 0.00013855558451121613, -0.0015484861914991195], [-0.00014678568627102812, 0.9999858587488372, -0.005316084678836542], [0.001547727720746977, 0.0053163055499336614, 0.9999846705996057]]}","[-0.176586695208522, 0.002973527889689229, 0.00027387747366041304]",527,709,"{'step': 630, 'failure': 'INSERTION_DEPTH_NOT_ACHIEVED'}","{'step': 642, 'failure': 'INSERTION_DEPTH_NOT_ACHIEVED'}",12,True,1,True,attempt_complete,,INSERTION_DEPTH_NOT_ACHIEVED,"['backout', 'realign', 'reinsert', 'verify']",150,0.2277425726794915,1.3200693904052014,792
1.0,158,baseline,False,False,True,True,-6.204688000296943e-05,0.0038874816216675,0.002473576630653852,0.0005334643613676311,"{'position_m': [-0.17776300421742844, 0.0027916409621832707, -2.3692695004898707e-05], 'rotation_matrix': [[0.9999933551004818, 0.0035944747290824193, 0.0006078703015085182], [-0.003593650783206171, 0.9999926299844057, -0.001351166503412049], [-0.0006127225553462139, 0.001348973051461298, 0.9999989024207859]]}",0.08891282075094795,0.08894722185227551,True,True,0.00299999862909317,"{'position_m': [-0.23775619102213336, 0.0029919342002268983, -9.462042804982981e-06], 'rotation_matrix': [[0.9999999773016363, 0.00012691913294264666, 0.00017113813344901916], [-0.00012651925730281446, 0.9999972669158259, -0.002334556436677251], [-0.00017143396559284358, 0.0023345347314170997, 0.9999972602752387]]}","[-0.14890541916795558, 0.0029806928663059663, -2.4694083315672088e-05]",532,,"{'step': 630, 'failure': 'INSERTION_DEPTH_NOT_ACHIEVED'}",,,,0,False,disabled,,,[],0,0.0,0.940834300655728,
1.0,158,v1,False,False,True,True,-6.204688000296943e-05,0.0038874816216675,0.002473576630653852,0.0005334643613676311,"{'position_m': [-0.17776300421742844, 0.0027916409621832707, -2.3692695004898707e-05], 'rotation_matrix': [[0.9999933551004818, 0.0035944747290824193, 0.0006078703015085182], [-0.003593650783206171, 0.9999926299844057, -0.001351166503412049], [-0.0006127225553462139, 0.001348973051461298, 0.9999989024207859]]}",0.08891282075094795,0.08894722185227551,True,True,0.00299999862909317,"{'position_m': [-0.23775619102213336, 0.0029919342002268983, -9.462042804982981e-06], 'rotation_matrix': [[0.9999999773016363, 0.00012691913294264666, 0.00017113813344901916], [-0.00012651925730281446, 0.9999972669158259, -0.002334556436677251], [-0.00017143396559284358, 0.0023345347314170997, 0.9999972602752387]]}","[-0.14890541916795558, 0.0029806928663059663, -2.4694083315672088e-05]",532,,"{'step': 630, 'failure': 'INSERTION_DEPTH_NOT_ACHIEVED'}","{'step': 642, 'failure': 'INSERTION_DEPTH_NOT_ACHIEVED'}",12,True,0,False,disabled,,,[],0,0.0,0.940834300655728,
1.0,158,v2,True,False,True,True,0.08860860849552299,0.0025083171190854077,0.00011231413544665805,0.002858868714303197,"{'position_m': [-0.08909292207149522, -3.588583771808607e-05, -4.7348378955235255e-05], 'rotation_matrix': [[0.9999998066998069, 0.00015129327303695553, 0.000603084317471966], [-0.00014982731371085062, 0.9999970361402385, -0.002430074590324398], [-0.0006034501839531187, 0.0024299837620872823, 0.9999968655084832]]}",0.00024216537542198768,0.00026694294160813185,True,True,0.00299999862909317,"{'position_m': [-0.23775619102213336, 0.0029919342002268983, -9.462042804982981e-06], 'rotation_matrix': [[0.9999999773016363, 0.00012691913294264666, 0.00017113813344901916], [-0.00012651925730281446, 0.9999972669158259, -0.002334556436677251], [-0.00017143396559284358, 0.0023345347314170997, 0.9999972602752387]]}","[-0.14890541916795558, 0.0029806928663059663, -2.4694083315672088e-05]",532,709,"{'step': 630, 'failure': 'INSERTION_DEPTH_NOT_ACHIEVED'}","{'step': 642, 'failure': 'INSERTION_DEPTH_NOT_ACHIEVED'}",12,True,1,True,attempt_complete,,INSERTION_DEPTH_NOT_ACHIEVED,"['backout', 'realign', 'reinsert', 'verify']",137,0.19785204919905686,1.1386607341764803,779
1.0,159,baseline,False,False,True,True,-2.7283727133106672e-05,0.005351620504837035,0.002530627613407472,0.0004968079750963285,"{'position_m': [-0.23313393082141623, 0.0028363025603629004, -0.00017898537933190247], 'rotation_matrix': [[0.999990830412275, 0.0031029150370313436, 0.0029514419597645152], [-0.0030934265278032506, 0.9999900503354264, -0.003214022785995426], [-0.0029613854335390328, 0.0032048632458779322, 0.9999904794786246]]}",0.11658114164968712,0.11660860459015086,True,True,0.0030000004917383194,"{'position_m': [-0.2930938076457207, 0.002995064639154433, -4.584352488743448e-05], 'rotation_matrix': [[0.9999997459828146, 0.0001206799925262293, 0.0007024746582336744], [-0.00011838977390528763, 0.9999946813148662, -0.0032593443881127203], [-0.0007028642596485508, 0.003259260394367271, 0.999994441586309]]}","[-0.1765399793298496, 0.002981265854267193, -0.00012776506594535278]",531,,"{'step': 630, 'failure': 'INSERTION_DEPTH_NOT_ACHIEVED'}",,,,0,False,disabled,,,[],0,0.0,0.9728572079404982,
1.0,159,v1,False,False,True,True,-2.7283727133106672e-05,0.005351620504837035,0.002530627613407472,0.0004968079750963285,"{'position_m': [-0.23313393082141623, 0.0028363025603629004, -0.00017898537933190247], 'rotation_matrix': [[0.999990830412275, 0.0031029150370313436, 0.0029514419597645152], [-0.0030934265278032506, 0.9999900503354264, -0.003214022785995426], [-0.0029613854335390328, 0.0032048632458779322, 0.9999904794786246]]}",0.11658114164968712,0.11660860459015086,True,True,0.0030000004917383194,"{'position_m': [-0.2930938076457207, 0.002995064639154433, -4.584352488743448e-05], 'rotation_matrix': [[0.9999997459828146, 0.0001206799925262293, 0.0007024746582336744], [-0.00011838977390528763, 0.9999946813148662, -0.0032593443881127203], [-0.0007028642596485508, 0.003259260394367271, 0.999994441586309]]}","[-0.1765399793298496, 0.002981265854267193, -0.00012776506594535278]",531,,"{'step': 630, 'failure': 'INSERTION_DEPTH_NOT_ACHIEVED'}","{'step': 642, 'failure': 'INSERTION_DEPTH_NOT_ACHIEVED'}",12,True,0,False,disabled,,,[],0,0.0,0.9728572079404982,
1.0,159,v2,True,False,True,True,0.1162975296242241,0.0035778585469307153,0.00014360326915031945,0.002803828125657413,"{'position_m': [-0.1168101540308199, -2.8370868330612994e-05, -5.158786051327422e-05], 'rotation_matrix': [[0.9999997238181163, 0.0001308816989583823, 0.0007315966594844673], [-0.00012832044928982086, 0.9999938672545746, -0.003499855297374243], [-0.0007320502397958295, 0.0034997604519655693, 0.9999936078691831]]}",0.00025632829832991644,0.00029381302802185223,True,True,0.0030000004917383194,"{'position_m': [-0.2930938076457207, 0.002995064639154433, -4.584352488743448e-05], 'rotation_matrix': [[0.9999997459828146, 0.0001206799925262293, 0.0007024746582336744], [-0.00011838977390528763, 0.9999946813148662, -0.0032593443881127203], [-0.0007028642596485508, 0.003259260394367271, 0.999994441586309]]}","[-0.1765399793298496, 0.002981265854267193, -0.00012776506594535278]",531,710,"{'step': 630, 'failure': 'INSERTION_DEPTH_NOT_ACHIEVED'}","{'step': 642, 'failure': 'INSERTION_DEPTH_NOT_ACHIEVED'}",12,True,1,True,attempt_complete,,INSERTION_DEPTH_NOT_ACHIEVED,"['backout', 'realign', 'reinsert', 'verify']",156,0.22733512425125652,1.1989628338256872,798
2.0,142,baseline,False,False,True,True,-6.542585429834824e-05,0.004921580653782146,0.005519428766235021,,"{'position_m': [-0.2422298438413755, 0.005868237635515099, 2.644893377943156e-05], 'rotation_matrix': [[0.999995814805016, 0.002882089920343737, -0.00025284410765140776], [-0.0028830737492248014, 0.999987919577188, -0.003981028189212319], [0.00024136737197094906, 0.003981740496042528, 0.9999920437105555]]}",0.12114788822469401,0.1212735540635653,True,True,0.006000000983476639,"{'position_m': [-0.3018946107722702, 0.005996473204689512, -7.009584050879527e-05], 'rotation_matrix': [[0.999999473894333, 0.00016739408752691556, 0.0010120228634297541], [-0.00016266385852051985, 0.9999890714670662, -0.004672310659965763], [-0.001012793920684129, 0.004672143582292773, 0.9999885725961174]]}","[-0.1808122121040442, 0.005976777464161178, -0.0001927274222989968]",527,,"{'step': 630, 'failure': 'INSERTION_DEPTH_NOT_ACHIEVED'}",,,,0,False,disabled,,,[],0,0.0,1.05402653271852,
2.0,142,v1,False,False,True,True,-6.542585429834824e-05,0.004921580653782146,0.005519428766235021,,"{'position_m': [-0.2422298438413755, 0.005868237635515099, 2.644893377943156e-05], 'rotation_matrix': [[0.999995814805016, 0.002882089920343737, -0.00025284410765140776], [-0.0028830737492248014, 0.999987919577188, -0.003981028189212319], [0.00024136737197094906, 0.003981740496042528, 0.9999920437105555]]}",0.12114788822469401,0.1212735540635653,True,True,0.006000000983476639,"{'position_m': [-0.3018946107722702, 0.005996473204689512, -7.009584050879527e-05], 'rotation_matrix': [[0.999999473894333, 0.00016739408752691556, 0.0010120228634297541], [-0.00016266385852051985, 0.9999890714670662, -0.004672310659965763], [-0.001012793920684129, 0.004672143582292773, 0.9999885725961174]]}","[-0.1808122121040442, 0.005976777464161178, -0.0001927274222989968]",527,,"{'step': 630, 'failure': 'INSERTION_DEPTH_NOT_ACHIEVED'}","{'step': 642, 'failure': 'INSERTION_DEPTH_NOT_ACHIEVED'}",12,True,0,False,disabled,,,[],0,0.0,1.05402653271852,
2.0,142,v2,True,False,True,True,0.12099614166051184,0.005046877608425985,3.316036851784641e-05,0.0028645776455668535,"{'position_m': [-0.12116877925074668, -3.870603017087179e-06, -2.9209333483923047e-06], 'rotation_matrix': [[0.9999999683725229, 0.00023148890032215032, -9.832517983408566e-05], [-0.00023198157601537404, 0.9999872693169295, -0.005040574234943038], [9.715709110074455e-05, 0.005040596885152576, 0.9999872913910156]]}",8.632070988381924e-05,9.247094135503255e-05,True,True,0.006000000983476639,"{'position_m': [-0.3018946107722702, 0.005996473204689512, -7.009584050879527e-05], 'rotation_matrix': [[0.999999473894333, 0.00016739408752691556, 0.0010120228634297541], [-0.00016266385852051985, 0.9999890714670662, -0.004672310659965763], [-0.001012793920684129, 0.004672143582292773, 0.9999885725961174]]}","[-0.1808122121040442, 0.005976777464161178, -0.0001927274222989968]",527,707,"{'step': 630, 'failure': 'INSERTION_DEPTH_NOT_ACHIEVED'}","{'step': 642, 'failure': 'INSERTION_DEPTH_NOT_ACHIEVED'}",12,True,1,True,attempt_complete,,INSERTION_DEPTH_NOT_ACHIEVED,"['backout', 'realign', 'reinsert', 'verify']",152,0.22975284413396388,1.2837283182049835,794
2.0,143,baseline,False,False,True,False,-0.3693886360021355,0.3760800064596686,0.19968742274575152,,"{'position_m': [-0.5904060919696098, 0.13679923038306777, -0.08880036770917152], 'rotation_matrix': [[0.9301115026973217, -0.36727726928335636, -4.229720668891207e-06], [0.367277269307195, 0.9301115026150103, 1.238940660310859e-05], [-6.162355782467412e-07, -1.3077009850348017e-05, 0.9999999999143055]]}",0.4838988369198563,0.5234817582067499,False,False,0.006000000983476639,"{'position_m': [-0.5904060919696098, 0.13679923038306777, -0.08880036770917152], 'rotation_matrix': [[0.9301115026973217, -0.36727726928335636, -4.229720668891207e-06], [0.367277269307195, 0.9301115026150103, 1.238940660310859e-05], [-6.162355782467412e-07, -1.3077009850348017e-05, 0.9999999999143055]]}","[-0.4838988369198563, 0.1788562242839465, -0.08880043827443139]",,,"{'step': 168, 'failure': 'GRASP_FAILURE'}",,,,0,False,disabled,,,[],0,0.0,1.3339098325712289,
2.0,143,v1,False,False,True,False,-0.3693886360021355,0.3760800064596686,0.19968742274575152,,"{'position_m': [-0.5904060919696098, 0.13679923038306777, -0.08880036770917152], 'rotation_matrix': [[0.9301115026973217, -0.36727726928335636, -4.229720668891207e-06], [0.367277269307195, 0.9301115026150103, 1.238940660310859e-05], [-6.162355782467412e-07, -1.3077009850348017e-05, 0.9999999999143055]]}",0.4838988369198563,0.5234817582067499,False,False,0.006000000983476639,"{'position_m': [-0.5904060919696098, 0.13679923038306777, -0.08880036770917152], 'rotation_matrix': [[0.9301115026973217, -0.36727726928335636, -4.229720668891207e-06], [0.367277269307195, 0.9301115026150103, 1.238940660310859e-05], [-6.162355782467412e-07, -1.3077009850348017e-05, 0.9999999999143055]]}","[-0.4838988369198563, 0.1788562242839465, -0.08880043827443139]",,,"{'step': 168, 'failure': 'GRASP_FAILURE'}","{'step': 170, 'failure': 'GRASP_FAILURE'}",2,True,0,False,disabled,,,[],0,0.0,1.3339098325712289,
2.0,143,v2,False,False,False,False,-0.36938841477455825,0.3760797906020496,0.19968738267110062,,"{'position_m': [-0.5904058798196172, 0.13679920776615764, -0.08880037702239696], 'rotation_matrix': [[0.9301115819704747, -0.3672770685293514, -4.1069326295221815e-06], [0.36727706855190156, 0.930111581894533, 1.1898362020884247e-05], [-5.500899185521839e-07, -1.2575186499013121e-05, 0.9999999999207809]]}",0.48389861569227904,0.523481538420352,False,False,0.006000000983476639,"{'position_m': [-0.5904058751704137, 0.1367992219234706, -0.08880037329710665], 'rotation_matrix': [[0.9301115819704401, -0.36727706852966135, -4.0869485249696325e-06], [0.3672770685520095, 0.930111581895625, 1.1809327227406472e-05], [-5.359769277038648e-07, -1.2485034503063433e-05, 0.9999999999219181]]}","[-0.4838986110430794, 0.1788561928358327, -0.08880043467193233]",,,"{'step': 168, 'failure': 'GRASP_FAILURE'}","{'step': 170, 'failure': 'GRASP_FAILURE'}",2,True,1,False,aborted,acquisition_or_attachment_unavailable_consumes_single_episode,GRASP_FAILURE,[],0,0.0,0.4846633557921399,
2.0,144,baseline,False,False,True,True,-8.795529762534171e-05,0.005373298957263516,0.005512059416585985,,"{'position_m': [-0.17755495251385678, 0.005817519305285759, 3.940612077713013e-05], 'rotation_matrix': [[0.9999940519922265, 0.0034446776145610316, -0.00017371327025781093], [-0.003445364112968055, 0.9999855777444568, -0.004119923447645577], [0.00015951895684682615, 0.004120497447776176, 0.9999914979911007]]}",0.08882171780029563,0.08899258593842145,True,True,0.00599999725818634,"{'position_m': [-0.2373732090358906, 0.005987409548415305, -9.260326623916626e-05], 'rotation_matrix': [[0.9999989428857972, 0.00022735670570890734, 0.0014361532708191248], [-0.00022041785136875508, 0.9999883118297953, -0.004829867468905202], [-0.0014372345875719966, 0.00482954580936551, 0.9999873048414245]]}","[-0.14863954033494092, 0.005967851043140601, -0.0002201344987934031]",529,,"{'step': 630, 'failure': 'INSERTION_DEPTH_NOT_ACHIEVED'}",,,,0,False,disabled,,,[],0,0.0,1.165461192767905,
2.0,144,v1,False,False,True,True,-8.795529762534171e-05,0.005373298957263516,0.005512059416585985,,"{'position_m': [-0.17755495251385678, 0.005817519305285759, 3.940612077713013e-05], 'rotation_matrix': [[0.9999940519922265, 0.0034446776145610316, -0.00017371327025781093], [-0.003445364112968055, 0.9999855777444568, -0.004119923447645577], [0.00015951895684682615, 0.004120497447776176, 0.9999914979911007]]}",0.08882171780029563,0.08899258593842145,True,True,0.00599999725818634,"{'position_m': [-0.2373732090358906, 0.005987409548415305, -9.260326623916626e-05], 'rotation_matrix': [[0.9999989428857972, 0.00022735670570890734, 0.0014361532708191248], [-0.00022041785136875508, 0.9999883118297953, -0.004829867468905202], [-0.0014372345875719966, 0.00482954580936551, 0.9999873048414245]]}","[-0.14863954033494092, 0.005967851043140601, -0.0002201344987934031]",529,,"{'step': 630, 'failure': 'INSERTION_DEPTH_NOT_ACHIEVED'}","{'step': 642, 'failure': 'INSERTION_DEPTH_NOT_ACHIEVED'}",12,True,0,False,disabled,,,[],0,0.0,1.165461192767905,
2.0,144,v2,True,False,True,True,0.08845736313225368,0.005024282630376676,0.00010097576976567185,0.0027903062418895494,"{'position_m': [-0.08901014625078679, -2.2330844054366725e-05, -4.2885541915893555e-05], 'rotation_matrix': [[0.9999998239418721, 0.0002509793923502248, 0.0005377039793996633], [-0.0002482936111743486, 0.9999875232173162, -0.0049891642567109415], [-0.000538949447997449, 0.004989029869865235, 0.9999874094779645]]}",0.00027639937041661067,0.0002942664065884326,True,True,0.00599999725818634,"{'position_m': [-0.2373732090358906, 0.005987409548415305, -9.260326623916626e-05], 'rotation_matrix': [[0.9999989428857972, 0.00022735670570890734, 0.0014361532708191248], [-0.00022041785136875508, 0.9999883118297953, -0.004829867468905202], [-0.0014372345875719966, 0.00482954580936551, 0.9999873048414245]]}","[-0.14863954033494092, 0.005967851043140601, -0.0002201344987934031]",529,708,"{'step': 630, 'failure': 'INSERTION_DEPTH_NOT_ACHIEVED'}","{'step': 642, 'failure': 'INSERTION_DEPTH_NOT_ACHIEVED'}",12,True,1,True,attempt_complete,,INSERTION_DEPTH_NOT_ACHIEVED,"['backout', 'realign', 'reinsert', 'verify']",136,0.19847254231597417,1.36387160774734,778
2.0,145,baseline,False,False,True,True,-7.875761983043572e-05,0.00457281062726241,0.0057309854029577835,-0.002669921947008203,"{'position_m': [-0.19272141789154845, 0.005904555146750271, -0.00020493932547586743], 'rotation_matrix': [[0.9999927427370563, 0.002050558467284494, 0.003210869538204971], [-0.002042431489269379, 0.9999947079008505, -0.00253231986599953], [-0.0032160452159081176, 0.0025257435072356398, 0.9999916388014974]]}",0.09640043727156765,0.09657063994733786,True,True,0.006000000983476639,"{'position_m': [-0.25278560793038846, 0.0059933511308487555, -8.386364429155607e-05], 'rotation_matrix': [[0.9999991335478083, 0.00012544888342346056, 0.0013104068872050057], [-0.00012318986390650666, 0.9999985065895006, -0.0017238454181139977], [-0.001310621184712499, 0.0017236824956382603, 0.999997655592634]]}","[-0.15646401173678168, 0.005981485276241212, -0.0002101048781902137]",531,,"{'step': 630, 'failure': 'INSERTION_LATERAL_INTERFERENCE'}",,,,0,False,disabled,,,[],0,0.0,0.9550856960302889,
2.0,145,v1,False,False,True,True,-7.875761983043572e-05,0.00457281062726241,0.0057309854029577835,-0.002669921947008203,"{'position_m': [-0.19272141789154845, 0.005904555146750271, -0.00020493932547586743], 'rotation_matrix': [[0.9999927427370563, 0.002050558467284494, 0.003210869538204971], [-0.002042431489269379, 0.9999947079008505, -0.00253231986599953], [-0.0032160452159081176, 0.0025257435072356398, 0.9999916388014974]]}",0.09640043727156765,0.09657063994733786,True,True,0.006000000983476639,"{'position_m': [-0.25278560793038846, 0.0059933511308487555, -8.386364429155607e-05], 'rotation_matrix': [[0.9999991335478083, 0.00012544888342346056, 0.0013104068872050057], [-0.00012318986390650666, 0.9999985065895006, -0.0017238454181139977], [-0.001310621184712499, 0.0017236824956382603, 0.999997655592634]]}","[-0.15646401173678168, 0.005981485276241212, -0.0002101048781902137]",531,,"{'step': 630, 'failure': 'INSERTION_LATERAL_INTERFERENCE'}","{'step': 642, 'failure': 'INSERTION_LATERAL_INTERFERENCE'}",12,True,0,False,disabled,,,[],0,0.0,0.9550856960302889,
2.0,145,v2,True,False,True,True,0.09598608445891779,0.0022680704165585273,0.0001605010175556043,0.0028242553408302402,"{'position_m': [-0.096657241859307, -5.271763229567782e-05, -6.641816668474557e-05], 'rotation_matrix': [[0.9999996575511375, 0.00018890272117494308, 0.0008057377796870704], [-0.00018720083069973792, 0.9999977526964999, -0.0021117665114436094], [-0.0008061348873902356, 0.0021116149534898864, 0.9999974456111533]]}",0.0003355951928194212,0.00037200095440722853,True,True,0.006000000983476639,"{'position_m': [-0.25278560793038846, 0.0059933511308487555, -8.386364429155607e-05], 'rotation_matrix': [[0.9999991335478083, 0.00012544888342346056, 0.0013104068872050057], [-0.00012318986390650666, 0.9999985065895006, -0.0017238454181139977], [-0.001310621184712499, 0.0017236824956382603, 0.999997655592634]]}","[-0.15646401173678168, 0.005981485276241212, -0.0002101048781902137]",531,710,"{'step': 630, 'failure': 'INSERTION_LATERAL_INTERFERENCE'}","{'step': 642, 'failure': 'INSERTION_LATERAL_INTERFERENCE'}",12,True,1,True,attempt_complete,,INSERTION_LATERAL_INTERFERENCE,"['backout', 'realign', 'reinsert', 'verify']",144,0.20712574578604664,1.1621855848730127,786
2.0,146,baseline,False,False,True,True,-6.927916800412992e-05,0.004919160266214152,0.00551160239563732,,"{'position_m': [-0.2099175264569528, 0.005840033599134045, 1.750366922380366e-05], 'rotation_matrix': [[0.999995098664579, 0.003130404292620791, -5.670788104797342e-05], [-0.0031305969177426985, 0.9999879022442941, -0.003794038480913047], [4.483032066286353e-05, 0.0037941974145754716, 0.9999928010021981]]}",0.10499365994727049,0.10513822516140676,True,True,0.006000000983476639,"{'position_m': [-0.26987362181743657, 0.005992980177302215, -7.504678357816709e-05], 'rotation_matrix': [[0.9999993117369836, 0.0002216769545124835, 0.0011521219064327198], [-0.00021644477729159946, 0.9999896730729343, -0.004539482255121609], [-0.0011531163071551995, 0.004539229759994407, 0.9999890327978443]]}","[-0.16494931325374101, 0.0059702698430719875, -0.0001960367980729007]",530,,"{'step': 630, 'failure': 'INSERTION_DEPTH_NOT_ACHIEVED'}",,,,0,False,disabled,,,[],0,0.0,1.062634086104745,
2.0,146,v1,False,False,True,True,-6.927916800412992e-05,0.004919160266214152,0.00551160239563732,,"{'position_m': [-0.2099175264569528, 0.005840033599134045, 1.750366922380366e-05], 'rotation_matrix': [[0.999995098664579, 0.003130404292620791, -5.670788104797342e-05], [-0.0031305969177426985, 0.9999879022442941, -0.003794038480913047], [4.483032066286353e-05, 0.0037941974145754716, 0.9999928010021981]]}",0.10499365994727049,0.10513822516140676,True,True,0.006000000983476639,"{'position_m': [-0.26987362181743657, 0.005992980177302215, -7.504678357816709e-05], 'rotation_matrix': [[0.9999993117369836, 0.0002216769545124835, 0.0011521219064327198], [-0.00021644477729159946, 0.9999896730729343, -0.004539482255121609], [-0.0011531163071551995, 0.004539229759994407, 0.9999890327978443]]}","[-0.16494931325374101, 0.0059702698430719875, -0.0001960367980729007]",530,,"{'step': 630, 'failure': 'INSERTION_DEPTH_NOT_ACHIEVED'}","{'step': 642, 'failure': 'INSERTION_DEPTH_NOT_ACHIEVED'}",12,True,0,False,disabled,,,[],0,0.0,1.062634086104745,
2.0,146,v2,True,False,True,True,0.10452143887869916,0.004913926851393225,0.0001760371708897529,0.002732034492454901,"{'position_m': [-0.10532727347087317, -3.513556298166847e-05, -6.717327326855033e-05], 'rotation_matrix': [[0.9999995310054726, 0.00022417845112300753, 0.0009421957637984742], [-0.00021963680164387514, 0.9999883710586256, -0.0048176246420986125], [-0.0009432648146895309, 0.004817415441794935, 0.9999879513073899]]}",0.00040294190056719414,0.0004397172509324266,True,True,0.006000000983476639,"{'position_m': [-0.26987362181743657, 0.005992980177302215, -7.504678357816709e-05], 'rotation_matrix': [[0.9999993117369836, 0.0002216769545124835, 0.0011521219064327198], [-0.00021644477729159946, 0.9999896730729343, -0.004539482255121609], [-0.0011531163071551995, 0.004539229759994407, 0.9999890327978443]]}","[-0.16494931325374101, 0.0059702698430719875, -0.0001960367980729007]",530,708,"{'step': 630, 'failure': 'INSERTION_DEPTH_NOT_ACHIEVED'}","{'step': 642, 'failure': 'INSERTION_DEPTH_NOT_ACHIEVED'}",12,True,1,True,attempt_complete,,INSERTION_DEPTH_NOT_ACHIEVED,"['backout', 'realign', 'reinsert', 'verify']",149,0.21406616407717596,1.27665823733782,791
2.0,147,baseline,False,False,True,True,-0.00018346337567462512,0.007298860696749927,0.005247508109339607,-0.0021354155980952243,"{'position_m': [-0.1995171624607793, 0.005706846385010377, -0.00022349493330777777], 'rotation_matrix': [[0.9999804297478662, 0.004972627293132241, 0.0037964587547161086], [-0.004958319936096288, 0.9999806055583521, -0.0037687624709726096], [-0.0038151257756428116, 0.0037498646582107445, 0.9999856915628149]]}",0.09985128818045749,0.09998907986702525,True,True,0.00599999725818634,"{'position_m': [-0.2598479980015217, 0.00599327378267031, -0.0002334563269376045], 'rotation_matrix': [[0.9999929214018864, 0.00020796547776698936, 0.003756846613926708], [-0.00019088243819437035, 0.9999896442986326, -0.0045469615557184795], [-0.003757753320177414, 0.0045462122535633994, 0.9999826054707803]]}","[-0.16018087870521547, 0.005974248945262044, -0.0006079834265126381]",536,,"{'step': 630, 'failure': 'INSERTION_LATERAL_INTERFERENCE'}",,,,0,False,disabled,,,[],0,0.0,1.3253374183643079,
2.0,147,v1,False,False,True,True,-0.00018346337567462512,0.007298860696749927,0.005247508109339607,-0.0021354155980952243,"{'position_m': [-0.1995171624607793, 0.005706846385010377, -0.00022349493330777777], 'rotation_matrix': [[0.9999804297478662, 0.004972627293132241, 0.0037964587547161086], [-0.004958319936096288, 0.9999806055583521, -0.0037687624709726096], [-0.0038151257756428116, 0.0037498646582107445, 0.9999856915628149]]}",0.09985128818045749,0.09998907986702525,True,True,0.00599999725818634,"{'position_m': [-0.2598479980015217, 0.00599327378267031, -0.0002334563269376045], 'rotation_matrix': [[0.9999929214018864, 0.00020796547776698936, 0.003756846613926708], [-0.00019088243819437035, 0.9999896442986326, -0.0045469615557184795], [-0.003757753320177414, 0.0045462122535633994, 0.9999826054707803]]}","[-0.16018087870521547, 0.005974248945262044, -0.0006079834265126381]",536,,"{'step': 630, 'failure': 'INSERTION_LATERAL_INTERFERENCE'}","{'step': 642, 'failure': 'INSERTION_LATERAL_INTERFERENCE'}",12,True,0,False,disabled,,,[],0,0.0,1.3253374183643079,
2.0,147,v2,True,False,True,True,0.09883278431970483,0.005324189093303417,0.0004625416819838897,0.002448720121291593,"{'position_m': [-0.10050248777697655, -7.016726528847994e-05, -0.0001805424175402579], 'rotation_matrix': [[0.9999962122893211, 0.0001768084719623033, 0.0027466608407479224], [-0.00016428854013229984, 0.9999895997059088, -0.004557794344917942], [-0.0027474381313210548, 0.004557325836411868, 0.9999858410822297]]}",0.0008350404850780424,0.0009545875650205475,True,True,0.00599999725818634,"{'position_m': [-0.2598479980015217, 0.00599327378267031, -0.0002334563269376045], 'rotation_matrix': [[0.9999929214018864, 0.00020796547776698936, 0.003756846613926708], [-0.00019088243819437035, 0.9999896442986326, -0.0045469615557184795], [-0.003757753320177414, 0.0045462122535633994, 0.9999826054707803]]}","[-0.16018087870521547, 0.005974248945262044, -0.0006079834265126381]",536,710,"{'step': 630, 'failure': 'INSERTION_LATERAL_INTERFERENCE'}","{'step': 642, 'failure': 'INSERTION_LATERAL_INTERFERENCE'}",12,True,1,True,attempt_complete,,INSERTION_LATERAL_INTERFERENCE,"['backout', 'realign', 'reinsert', 'verify']",156,0.20869793031768538,1.5340076723105818,798
2.0,148,baseline,False,False,True,True,-0.00012001836944899869,0.0066095476628785215,0.005280284771019807,-0.002196172066810425,"{'position_m': [-0.21615094259030881, 0.005750221510662032, -0.00017084181308746338], 'rotation_matrix': [[0.9999856409346186, 0.004561084697340176, 0.0028132598465013784], [-0.0045501665250013805, 0.9999821391090608, -0.003875235149238695], [-0.0028308848749118635, 0.003862378703704137, 0.9999885339950527]]}",0.108136255985988,0.10826509717323579,True,True,0.00599999725818634,"{'position_m': [-0.27628679254753447, 0.005993068766654731, -3.110617399215698e-05], 'rotation_matrix': [[0.9999998545217692, 0.00014258079946234467, 0.0005202183739067706], [-0.00014108187244809357, 0.9999958421428826, -0.0028802418045249], [-0.0005206268780922362, 0.002880167992130145, 0.9999957167808227]]}","[-0.1682705706450066, 0.005977829633596991, -8.734233056572485e-05]",533,,"{'step': 630, 'failure': 'INSERTION_LATERAL_INTERFERENCE'}",,,,0,False,disabled,,,[],0,0.0,1.4230155479183941,
2.0,148,v1,False,False,True,True,-0.00012001836944899869,0.0066095476628785215,0.005280284771019807,-0.002196172066810425,"{'position_m': [-0.21615094259030881, 0.005750221510662032, -0.00017084181308746338], 'rotation_matrix': [[0.9999856409346186, 0.004561084697340176, 0.0028132598465013784], [-0.0045501665250013805, 0.9999821391090608, -0.003875235149238695], [-0.0028308848749118635, 0.003862378703704137, 0.9999885339950527]]}",0.108136255985988,0.10826509717323579,True,True,0.00599999725818634,"{'position_m': [-0.27628679254753447, 0.005993068766654731, -3.110617399215698e-05], 'rotation_matrix': [[0.9999998545217692, 0.00014258079946234467, 0.0005202183739067706], [-0.00014108187244809357, 0.9999958421428826, -0.0028802418045249], [-0.0005206268780922362, 0.002880167992130145, 0.9999957167808227]]}","[-0.1682705706450066, 0.005977829633596991, -8.734233056572485e-05]",533,,"{'step': 630, 'failure': 'INSERTION_LATERAL_INTERFERENCE'}","{'step': 642, 'failure': 'INSERTION_LATERAL_INTERFERENCE'}",12,True,0,False,disabled,,,[],0,0.0,1.4230155479183941,
2.0,148,v2,True,False,True,True,0.10751136036612718,0.0032986798252520816,0.00025238605759625167,0.0027091524768043038,"{'position_m': [-0.10852101552838925, -6.167814479281343e-05, -9.55536961555481e-05], 'rotation_matrix': [[0.9999990803367738, 0.00010843820727610827, 0.00135187527614207], [-0.00010437265347771076, 0.999995473362792, -0.0030070517579535985], [-0.0013521952359949636, 0.0030069078936689345, 0.9999945650217121]]}",0.0005048772504118171,0.0005644464191155571,True,True,0.00599999725818634,"{'position_m': [-0.27628679254753447, 0.005993068766654731, -3.110617399215698e-05], 'rotation_matrix': [[0.9999998545217692, 0.00014258079946234467, 0.0005202183739067706], [-0.00014108187244809357, 0.9999958421428826, -0.0028802418045249], [-0.0005206268780922362, 0.002880167992130145, 0.9999957167808227]]}","[-0.1682705706450066, 0.005977829633596991, -8.734233056572485e-05]",533,710,"{'step': 630, 'failure': 'INSERTION_LATERAL_INTERFERENCE'}","{'step': 642, 'failure': 'INSERTION_LATERAL_INTERFERENCE'}",12,True,1,True,attempt_complete,,INSERTION_LATERAL_INTERFERENCE,"['backout', 'realign', 'reinsert', 'verify']",155,0.21813099863078153,1.641134195839633,797
2.0,149,baseline,False,False,True,True,-9.205255720017014e-05,0.007288226964620923,0.005614395659746955,,"{'position_m': [-0.24059592743604105, 0.006030291355881466, -0.0002159175000781299], 'rotation_matrix': [[0.9999939071486657, 0.0034863072840768975, -0.00017699453847202297], [-0.0034873683106319627, 0.9999734547431147, -0.006397505090732263], [0.00015468617150879348, 0.006398083356829458, 0.9999795200910603]]}",0.12034435633632538,0.12047524866390044,True,True,0.006000000983476639,"{'position_m': [-0.3002510011787241, 0.005988042317640702, 1.90888585392817e-05], 'rotation_matrix': [[0.9999999045188296, 0.00024229903389994106, -0.0003636667562910374], [-0.0002446640250291213, 0.9999787323236123, -0.006517287777620861], [0.00036207988941198657, 0.006517376131514959, 0.9999786961263294]]}","[-0.1799987088814296, 0.0059586209049790765, 6.262979939316397e-05]",528,,"{'step': 630, 'failure': 'INSERTION_DEPTH_NOT_ACHIEVED'}",,,,0,False,disabled,,,[],0,0.0,1.1251396935070954,
2.0,149,v1,False,False,True,True,-9.205255720017014e-05,0.007288226964620923,0.005614395659746955,,"{'position_m': [-0.24059592743604105, 0.006030291355881466, -0.0002159175000781299], 'rotation_matrix': [[0.9999939071486657, 0.0034863072840768975, -0.00017699453847202297], [-0.0034873683106319627, 0.9999734547431147, -0.006397505090732263], [0.00015468617150879348, 0.006398083356829458, 0.9999795200910603]]}",0.12034435633632538,0.12047524866390044,True,True,0.006000000983476639,"{'position_m': [-0.3002510011787241, 0.005988042317640702, 1.90888585392817e-05], 'rotation_matrix': [[0.9999999045188296, 0.00024229903389994106, -0.0003636667562910374], [-0.0002446640250291213, 0.9999787323236123, -0.006517287777620861], [0.00036207988941198657, 0.006517376131514959, 0.9999786961263294]]}","[-0.1799987088814296, 0.0059586209049790765, 6.262979939316397e-05]",528,,"{'step': 630, 'failure': 'INSERTION_DEPTH_NOT_ACHIEVED'}","{'step': 642, 'failure': 'INSERTION_DEPTH_NOT_ACHIEVED'}",12,True,0,False,disabled,,,[],0,0.0,1.1251396935070954,
2.0,149,v2,True,False,True,True,0.11993880543452015,0.006954003703109223,9.812196132877536e-05,0.002750433584970402,"{'position_m': [-0.12056578948524996, -2.2651658331309674e-05, -3.699929196458796e-05], 'rotation_matrix': [[0.999999894900306, 0.00030790546040604806, 0.00033969634126487346], [-0.0003055409568132293, 0.9999758790732483, -0.0069388699662093975], [-0.00034182466342595145, 0.006938765445791152, 0.9999758680538184]]}",0.0003134983446050621,0.00032849525318506503,True,True,0.006000000983476639,"{'position_m': [-0.3002510011787241, 0.005988042317640702, 1.90888585392817e-05], 'rotation_matrix': [[0.9999999045188296, 0.00024229903389994106, -0.0003636667562910374], [-0.0002446640250291213, 0.9999787323236123, -0.006517287777620861], [0.00036207988941198657, 0.006517376131514959, 0.9999786961263294]]}","[-0.1799987088814296, 0.0059586209049790765, 6.262979939316397e-05]",528,708,"{'step': 630, 'failure': 'INSERTION_DEPTH_NOT_ACHIEVED'}","{'step': 642, 'failure': 'INSERTION_DEPTH_NOT_ACHIEVED'}",12,True,1,True,attempt_complete,,INSERTION_DEPTH_NOT_ACHIEVED,"['backout', 'realign', 'reinsert', 'verify']",155,0.22925764907098992,1.3543610134873847,797
2.0,150,baseline,False,False,True,True,-3.614862679150732e-05,0.003195688455396979,0.0057173142920888195,,"{'position_m': [-0.24272266253769445, 0.00593891514076381, 2.7565859066640515e-05], 'rotation_matrix': [[0.9999983122981394, 0.0018275345336784276, -0.00018846326009088808], [-0.0018280210737451432, 0.999994911103739, -0.00261459472547393], [0.0001836840388685315, 0.002614934827628621, 0.9999965641821079]]}",0.12137950797794965,0.12151408412066342,True,True,0.006000000983476639,"{'position_m': [-0.30250723029066484, 0.005994416414835067, 6.092975796404897e-06], 'rotation_matrix': [[0.9999999883395871, 9.949829953779758e-05, -0.0001158486657784964], [-9.987640765135972e-05, 0.9999946538039691, -0.0032683922932167453], [0.00011552284695342193, 0.0032684038256545122, 0.9999946520811518]]}","[-0.18116387235442039, 0.005982297076010726, 2.011090612754282e-05]",528,528,"{'step': 630, 'failure': 'INSERTION_DEPTH_NOT_ACHIEVED'}",,,,0,False,disabled,,,[],0,0.0,0.9807821885824709,
2.0,150,v1,False,False,True,True,-3.614862679150732e-05,0.003195688455396979,0.0057173142920888195,,"{'position_m': [-0.24272266253769445, 0.00593891514076381, 2.7565859066640515e-05], 'rotation_matrix': [[0.9999983122981394, 0.0018275345336784276, -0.00018846326009088808], [-0.0018280210737451432, 0.999994911103739, -0.00261459472547393], [0.0001836840388685315, 0.002614934827628621, 0.9999965641821079]]}",0.12137950797794965,0.12151408412066342,True,True,0.006000000983476639,"{'position_m': [-0.30250723029066484, 0.005994416414835067, 6.092975796404897e-06], 'rotation_matrix': [[0.9999999883395871, 9.949829953779758e-05, -0.0001158486657784964], [-9.987640765135972e-05, 0.9999946538039691, -0.0032683922932167453], [0.00011552284695342193, 0.0032684038256545122, 0.9999946520811518]]}","[-0.18116387235442039, 0.005982297076010726, 2.011090612754282e-05]",528,528,"{'step': 630, 'failure': 'INSERTION_DEPTH_NOT_ACHIEVED'}","{'step': 642, 'failure': 'INSERTION_DEPTH_NOT_ACHIEVED'}",12,True,0,False,disabled,,,[],0,0.0,0.9807821885824709,
2.0,150,v2,True,False,True,True,0.12123155071740958,0.0035419295142304695,4.954239554924852e-05,0.0029019090436317903,"{'position_m': [-0.12145516460385058, -1.210450803920058e-05, -1.755419697680525e-05], 'rotation_matrix': [[0.9999999721364553, 0.00018062966977581198, 0.00015198687906811464], [-0.00018009141306711375, 0.9999937389727476, -0.0035340603260402524], [-0.00015262428362378317, 0.0035340328560369855, 0.9999937436392295]]}",0.00011180863374855854,0.00012229317044494965,True,True,0.006000000983476639,"{'position_m': [-0.30250723029066484, 0.005994416414835067, 6.092975796404897e-06], 'rotation_matrix': [[0.9999999883395871, 9.949829953779758e-05, -0.0001158486657784964], [-9.987640765135972e-05, 0.9999946538039691, -0.0032683922932167453], [0.00011552284695342193, 0.0032684038256545122, 0.9999946520811518]]}","[-0.18116387235442039, 0.005982297076010726, 2.011090612754282e-05]",528,528,"{'step': 630, 'failure': 'INSERTION_DEPTH_NOT_ACHIEVED'}","{'step': 642, 'failure': 'INSERTION_DEPTH_NOT_ACHIEVED'}",12,True,1,True,attempt_complete,,INSERTION_DEPTH_NOT_ACHIEVED,"['backout', 'realign', 'reinsert', 'verify']",155,0.23142499796487265,1.2121616824324695,797
2.0,151,baseline,False,False,True,True,-6.120329156586446e-05,0.004186976167047339,0.005595739449733442,-0.002543277750243742,"{'position_m': [-0.23164430094654498, 0.005881512937084122, -7.061533723412158e-05], 'rotation_matrix': [[0.9999960885182467, 0.0025075468661413846, 0.0012390144953465145], [-0.0025036742596696165, 0.9999920070539416, -0.0031172814165125367], [-0.0012468213212173452, 0.003114167134623802, 0.9999943736839971]]}",0.11585297857776353,0.11598803794068178,True,True,0.006000000983476639,"{'position_m': [-0.29171199233575684, 0.005994145826219312, -1.6151272222380297e-05], 'rotation_matrix': [[0.9999999598655349, 0.00010812275524076047, 0.0002618747737602739], [-0.00010725129935147398, 0.9999944647943017, -0.0033254891242659535], [-0.0002622328852761732, 0.0033254609043894758, 0.9999944362563655]]}","[-0.17592022169680016, 0.0059817270078656535, -4.6515683546930197e-05]",532,,"{'step': 630, 'failure': 'INSERTION_LATERAL_INTERFERENCE'}",,,,0,False,disabled,,,[],0,0.0,1.1075315484020043,
2.0,151,v1,False,False,True,True,-6.120329156586446e-05,0.004186976167047339,0.005595739449733442,-0.002543277750243742,"{'position_m': [-0.23164430094654498, 0.005881512937084122, -7.061533723412158e-05], 'rotation_matrix': [[0.9999960885182467, 0.0025075468661413846, 0.0012390144953465145], [-0.0025036742596696165, 0.9999920070539416, -0.0031172814165125367], [-0.0012468213212173452, 0.003114167134623802, 0.9999943736839971]]}",0.11585297857776353,0.11598803794068178,True,True,0.006000000983476639,"{'position_m': [-0.29171199233575684, 0.005994145826219312, -1.6151272222380297e-05], 'rotation_matrix': [[0.9999999598655349, 0.00010812275524076047, 0.0002618747737602739], [-0.00010725129935147398, 0.9999944647943017, -0.0033254891242659535], [-0.0002622328852761732, 0.0033254609043894758, 0.9999944362563655]]}","[-0.17592022169680016, 0.0059817270078656535, -4.6515683546930197e-05]",532,,"{'step': 630, 'failure': 'INSERTION_LATERAL_INTERFERENCE'}","{'step': 642, 'failure': 'INSERTION_LATERAL_INTERFERENCE'}",12,True,0,False,disabled,,,[],0,0.0,1.1075315484020043,
2.0,151,v2,True,False,True,True,0.11540819925430405,0.003657864140912158,0.00022674821231191304,0.0027260103461062522,"{'position_m': [-0.11617526991174787, -5.316980641230764e-05, -7.966098860898055e-05], 'rotation_matrix': [[0.9999992969591908, 0.00013847818349008254, 0.0011776692729915644], [-0.00013440223722839927, 0.999994003755235, -0.003460403099868098], [-0.0011781414017337647, 0.003460242385678498, 0.9999933193304194]]}",0.00038357603189360934,0.0004455842502040389,True,True,0.006000000983476639,"{'position_m': [-0.29171199233575684, 0.005994145826219312, -1.6151272222380297e-05], 'rotation_matrix': [[0.9999999598655349, 0.00010812275524076047, 0.0002618747737602739], [-0.00010725129935147398, 0.9999944647943017, -0.0033254891242659535], [-0.0002622328852761732, 0.0033254609043894758, 0.9999944362563655]]}","[-0.17592022169680016, 0.0059817270078656535, -4.6515683546930197e-05]",532,710,"{'step': 630, 'failure': 'INSERTION_LATERAL_INTERFERENCE'}","{'step': 642, 'failure': 'INSERTION_LATERAL_INTERFERENCE'}",12,True,1,True,attempt_complete,,INSERTION_LATERAL_INTERFERENCE,"['backout', 'realign', 'reinsert', 'verify']",158,0.22638271183445047,1.3338756181633904,800
2.0,152,baseline,False,False,True,True,-0.00011170079694609869,0.006577970265622007,0.005334851290247891,-0.002221327350608933,"{'position_m': [-0.24600893013944092, 0.005795406336663556, -7.925798279221682e-05], 'rotation_matrix': [[0.9999919672429373, 0.0037964850234515676, 0.0012853602869509005], [-0.0037897292779586937, 0.9999792040799187, -0.005218175897041163], [-0.0013051442833439504, 0.005213262813189687, 0.9999855591403509]]}",0.12306080927835326,0.12317639148202182,True,True,0.006000000983476639,"{'position_m': [-0.30588749218793926, 0.005991907486115162, -0.00015237021505661762], 'rotation_matrix': [[0.9999972273132038, 0.00020519794288078255, 0.002345902749190618], [-0.00019104021335708597, 0.9999817786975259, -0.0060337199611023755], [-0.002347098110710986, 0.006033255069724989, 0.9999790452623105]]}","[-0.18293872460590177, 0.00596841926219881, -0.00044094383528692845]",530,,"{'step': 630, 'failure': 'INSERTION_LATERAL_INTERFERENCE'}",,,,0,False,disabled,,,[],0,0.0,1.1681661874389806,
2.0,152,v1,False,False,True,True,-0.00011170079694609869,0.006577970265622007,0.005334851290247891,-0.002221327350608933,"{'position_m': [-0.24600893013944092, 0.005795406336663556, -7.925798279221682e-05], 'rotation_matrix': [[0.9999919672429373, 0.0037964850234515676, 0.0012853602869509005], [-0.0037897292779586937, 0.9999792040799187, -0.005218175897041163], [-0.0013051442833439504, 0.005213262813189687, 0.9999855591403509]]}",0.12306080927835326,0.12317639148202182,True,True,0.006000000983476639,"{'position_m': [-0.30588749218793926, 0.005991907486115162, -0.00015237021505661762], 'rotation_matrix': [[0.9999972273132038, 0.00020519794288078255, 0.002345902749190618], [-0.00019104021335708597, 0.9999817786975259, -0.0060337199611023755], [-0.002347098110710986, 0.006033255069724989, 0.9999790452623105]]}","[-0.18293872460590177, 0.00596841926219881, -0.00044094383528692845]",530,,"{'step': 630, 'failure': 'INSERTION_LATERAL_INTERFERENCE'}","{'step': 642, 'failure': 'INSERTION_LATERAL_INTERFERENCE'}",12,True,0,False,disabled,,,[],0,0.0,1.1681661874389806,
2.0,152,v2,True,False,True,True,0.12243405345044271,0.006417140862576611,0.0002747256640061418,0.002592516359415497,"{'position_m': [-0.12346404113551998, -3.6603671424057745e-05, -9.598517995590435e-05], 'rotation_matrix': [[0.9999990046544205, 0.00022027822167162964, 0.0013936167598775568], [-0.0002115497643532987, 0.9999803822581453, -0.006260219289374016], [-0.001394968410236054, 0.006259918238995268, 0.9999794335318979]]}",0.0005150550309644536,0.000583742987440029,True,True,0.006000000983476639,"{'position_m': [-0.30588749218793926, 0.005991907486115162, -0.00015237021505661762], 'rotation_matrix': [[0.9999972273132038, 0.00020519794288078255, 0.002345902749190618], [-0.00019104021335708597, 0.9999817786975259, -0.0060337199611023755], [-0.002347098110710986, 0.006033255069724989, 0.9999790452623105]]}","[-0.18293872460590177, 0.00596841926219881, -0.00044094383528692845]",530,708,"{'step': 630, 'failure': 'INSERTION_LATERAL_INTERFERENCE'}","{'step': 642, 'failure': 'INSERTION_LATERAL_INTERFERENCE'}",12,True,1,True,attempt_complete,,INSERTION_LATERAL_INTERFERENCE,"['backout', 'realign', 'reinsert', 'verify']",161,0.2314605489876963,1.3995829558439092,803
2.0,153,baseline,False,False,True,True,-6.958446056302969e-05,0.004492132395700037,0.005533712363635672,,"{'position_m': [-0.18188507526442318, 0.005832406500218253, 3.1311064958572394e-05], 'rotation_matrix': [[0.9999945982628808, 0.0032866971511336953, -3.2663379493821915e-05], [-0.0032867817582338246, 0.9999899107719855, -0.0030619307487867956], [2.259941087653212e-05, 0.0030620215664416963, 0.9999953117456069]]}",0.09097757539302763,0.09114571408967885,True,True,0.006000000983476639,"{'position_m': [-0.24204745202215816, 0.005990521259615643, -3.1333416700363166e-05], 'rotation_matrix': [[0.9999998471747557, 0.00019451990923113785, 0.0005175060100927894], [-0.00019278473039686852, 0.99999436712474, -0.0033509032869744543], [-0.0005181549124492127, 0.0033508030076152056, 0.9999942518008247]]}","[-0.1511394749827295, 0.005972995587092807, -7.843783878290818e-05]",533,,"{'step': 630, 'failure': 'INSERTION_DEPTH_NOT_ACHIEVED'}",,,,0,False,disabled,,,[],0,0.0,1.241533929246021,
2.0,153,v1,False,False,True,True,-6.958446056302969e-05,0.004492132395700037,0.005533712363635672,,"{'position_m': [-0.18188507526442318, 0.005832406500218253, 3.1311064958572394e-05], 'rotation_matrix': [[0.9999945982628808, 0.0032866971511336953, -3.2663379493821915e-05], [-0.0032867817582338246, 0.9999899107719855, -0.0030619307487867956], [2.259941087653212e-05, 0.0030620215664416963, 0.9999953117456069]]}",0.09097757539302763,0.09114571408967885,True,True,0.006000000983476639,"{'position_m': [-0.24204745202215816, 0.005990521259615643, -3.1333416700363166e-05], 'rotation_matrix': [[0.9999998471747557, 0.00019451990923113785, 0.0005175060100927894], [-0.00019278473039686852, 0.99999436712474, -0.0033509032869744543], [-0.0005181549124492127, 0.0033508030076152056, 0.9999942518008247]]}","[-0.1511394749827295, 0.005972995587092807, -7.843783878290818e-05]",533,,"{'step': 630, 'failure': 'INSERTION_DEPTH_NOT_ACHIEVED'}","{'step': 642, 'failure': 'INSERTION_DEPTH_NOT_ACHIEVED'}",12,True,0,False,disabled,,,[],0,0.0,1.241533929246021,
2.0,153,v2,True,False,True,True,0.09036317049700968,0.0037845921443151512,0.00024342216919260876,0.002696118924452543,"{'position_m': [-0.0914527165107618, -5.1323718004411714e-05, -0.00010310113430023196], 'rotation_matrix': [[0.9999989565586397, 0.00021380756113413001, 0.0014286944946783442], [-0.00020880863826923266, 0.999993859555423, -0.0034981781547136206], [-0.0014294336587986536, 0.003497876180817911, 0.9999928607653352]]}",0.0005448204354549235,0.0005967274581781263,True,True,0.006000000983476639,"{'position_m': [-0.24204745202215816, 0.005990521259615643, -3.1333416700363166e-05], 'rotation_matrix': [[0.9999998471747557, 0.00019451990923113785, 0.0005175060100927894], [-0.00019278473039686852, 0.99999436712474, -0.0033509032869744543], [-0.0005181549124492127, 0.0033508030076152056, 0.9999942518008247]]}","[-0.1511394749827295, 0.005972995587092807, -7.843783878290818e-05]",533,710,"{'step': 630, 'failure': 'INSERTION_DEPTH_NOT_ACHIEVED'}","{'step': 642, 'failure': 'INSERTION_DEPTH_NOT_ACHIEVED'}",12,True,1,True,attempt_complete,,INSERTION_DEPTH_NOT_ACHIEVED,"['backout', 'realign', 'reinsert', 'verify']",143,0.20101664118250503,1.4424894765898881,785
2.0,154,baseline,False,False,True,True,-6.780588712687607e-05,0.004700020565626245,0.0055610792693748965,,"{'position_m': [-0.21068526270059057, 0.005864924659843297, 5.069375038146971e-05], 'rotation_matrix': [[0.9999957925584588, 0.002889366894238175, -0.00025772917872421853], [-0.0028903002219221436, 0.9999889867731577, -0.0036976339759500704], [0.0002470425190971893, 0.0036983633330737397, 0.9999931305157301]]}",0.10537675583448405,0.10552339206470165,True,True,0.006000000983476639,"{'position_m': [-0.2702120279233686, 0.005990330753152422, 0.00015284121036529538], 'rotation_matrix': [[0.9999968536807862, 0.000153085892364938, -0.002503835704899571], [-0.00016378051893079393, 0.99999086304901, -0.004271650083668083], [0.0025031588981105192, 0.004272046723204419, 0.9999877418310312]]}","[-0.16490340931158404, 0.005973083198681986, 0.0004164462454766978]",526,,"{'step': 630, 'failure': 'INSERTION_DEPTH_NOT_ACHIEVED'}",,,,0,False,disabled,,,[],0,0.0,1.1163295050326858,
2.0,154,v1,False,False,True,True,-6.780588712687607e-05,0.004700020565626245,0.0055610792693748965,,"{'position_m': [-0.21068526270059057, 0.005864924659843297, 5.069375038146971e-05], 'rotation_matrix': [[0.9999957925584588, 0.002889366894238175, -0.00025772917872421853], [-0.0028903002219221436, 0.9999889867731577, -0.0036976339759500704], [0.0002470425190971893, 0.0036983633330737397, 0.9999931305157301]]}",0.10537675583448405,0.10552339206470165,True,True,0.006000000983476639,"{'position_m': [-0.2702120279233686, 0.005990330753152422, 0.00015284121036529538], 'rotation_matrix': [[0.9999968536807862, 0.000153085892364938, -0.002503835704899571], [-0.00016378051893079393, 0.99999086304901, -0.004271650083668083], [0.0025031588981105192, 0.004272046723204419, 0.9999877418310312]]}","[-0.16490340931158404, 0.005973083198681986, 0.0004164462454766978]",526,,"{'step': 630, 'failure': 'INSERTION_DEPTH_NOT_ACHIEVED'}","{'step': 642, 'failure': 'INSERTION_DEPTH_NOT_ACHIEVED'}",12,True,0,False,disabled,,,[],0,0.0,1.1163295050326858,
2.0,154,v2,True,False,True,True,0.10544427374653075,0.004507681692547306,0.000145061547030227,0.002761182154442668,"{'position_m': [-0.10517358114679876, 2.174376448962793e-05, 5.0812959671020494e-05], 'rotation_matrix': [[0.9999995726727418, 0.00022869589239716396, -0.0008957413257198439], [-0.0002326455424637382, 0.9999902411427153, -0.00441174516326392], [0.0008947236363109408, 0.0044119516682315845, 0.9999898670247073]]}",0.0001353237991735673,0.00019838191210281932,True,True,0.006000000983476639,"{'position_m': [-0.2702120279233686, 0.005990330753152422, 0.00015284121036529538], 'rotation_matrix': [[0.9999968536807862, 0.000153085892364938, -0.002503835704899571], [-0.00016378051893079393, 0.99999086304901, -0.004271650083668083], [0.0025031588981105192, 0.004272046723204419, 0.9999877418310312]]}","[-0.16490340931158404, 0.005973083198681986, 0.0004164462454766978]",526,707,"{'step': 630, 'failure': 'INSERTION_DEPTH_NOT_ACHIEVED'}","{'step': 642, 'failure': 'INSERTION_DEPTH_NOT_ACHIEVED'}",12,True,1,True,attempt_complete,,INSERTION_DEPTH_NOT_ACHIEVED,"['backout', 'realign', 'reinsert', 'verify']",139,0.2137718888895761,1.3300574722350995,781
2.0,155,baseline,False,False,True,True,-9.940197082949909e-05,0.007474226039872816,0.008786361580632007,,"{'position_m': [-0.2222846396804766, 0.007907736906628106, -0.004635548909922625], 'rotation_matrix': [[0.9999922069516292, 0.003946637652167956, -0.00010043531601024458], [-0.003947195579002575, 0.9999720719667875, -0.006346253501938725], [7.538614802844923e-05, 0.006346600483113541, 0.9999798572867536]]}",0.11119245370241596,0.11153906002019885,True,True,0.006000000983476639,"{'position_m': [-0.28233102319091696, 0.0059878317496631665, -6.434172652388385e-05], 'rotation_matrix': [[0.9999994692939713, 0.0002529261063556707, 0.0009987192599377895], [-0.00024604383552948207, 0.9999762663449648, -0.006885216715150875], [-0.0010004370077345763, 0.006884967332407523, 0.9999757978824413]]}","[-0.1712380304170828, 0.005960497989114452, -0.00017548332677833468]",532,,"{'step': 630, 'failure': 'INSERTION_DEPTH_NOT_ACHIEVED'}",,,,0,False,disabled,,,[],0,0.0,0.9144994440444061,
2.0,155,v1,False,False,True,True,-9.940197082949909e-05,0.007474226039872816,0.008786361580632007,,"{'position_m': [-0.2222846396804766, 0.007907736906628106, -0.004635548909922625], 'rotation_matrix': [[0.9999922069516292, 0.003946637652167956, -0.00010043531601024458], [-0.003947195579002575, 0.9999720719667875, -0.006346253501938725], [7.538614802844923e-05, 0.006346600483113541, 0.9999798572867536]]}",0.11119245370241596,0.11153906002019885,True,True,0.006000000983476639,"{'position_m': [-0.28233102319091696, 0.0059878317496631665, -6.434172652388385e-05], 'rotation_matrix': [[0.9999994692939713, 0.0002529261063556707, 0.0009987192599377895], [-0.00024604383552948207, 0.9999762663449648, -0.006885216715150875], [-0.0010004370077345763, 0.006884967332407523, 0.9999757978824413]]}","[-0.1712380304170828, 0.005960497989114452, -0.00017548332677833468]",532,,"{'step': 630, 'failure': 'INSERTION_DEPTH_NOT_ACHIEVED'}","{'step': 642, 'failure': 'INSERTION_DEPTH_NOT_ACHIEVED'}",12,True,0,False,disabled,,,[],0,0.0,0.9144994440444061,
2.0,155,v2,False,False,False,True,-0.00011907199323633877,0.00784846268532052,0.012896207958969648,-0.001335733463164162,"{'position_m': [-0.22230382871028684, 0.004871600095592987, -0.012138544341873387], 'rotation_matrix': [[0.9999878773145446, 0.004923472920033989, 6.810548222576796e-05], [-0.004922964728530386, 0.9999692044318657, -0.006111841472359333], [-9.81948708594519e-05, 0.006111432099540795, 0.9999813202032626]]}",0.1112121237248228,0.1119573518939524,True,True,0.006000000983476639,"{'position_m': [-0.28233102319091696, 0.0059878317496631665, -6.434172652388385e-05], 'rotation_matrix': [[0.9999994692939713, 0.0002529261063556707, 0.0009987192599377895], [-0.00024604383552948207, 0.9999762663449648, -0.006885216715150875], [-0.0010004370077345763, 0.006884967332407523, 0.9999757978824413]]}","[-0.1712380304170828, 0.005960497989114452, -0.00017548332677833468]",532,714,"{'step': 630, 'failure': 'INSERTION_DEPTH_NOT_ACHIEVED'}","{'step': 642, 'failure': 'INSERTION_DEPTH_NOT_ACHIEVED'}",12,True,1,False,aborted,reinsert_physical_effect_not_completed,INSERTION_DEPTH_NOT_ACHIEVED,"['backout', 'realign']",171,0.12960696695299545,1.0434596540261984,
2.0,156,baseline,False,False,True,True,-6.655376240732869e-05,0.004505062650915472,0.005527005052423535,,"{'position_m': [-0.19515564255124374, 0.005831379806043781, 1.4737248420715332e-05], 'rotation_matrix': [[0.9999951310717665, 0.0031205493680609027, -2.0981691900464508e-06], [-0.0031205397126099696, 0.9999898522268339, -0.0032492576470941436], [-8.041320999005236e-06, 0.003249248374112128, 0.9999947211462372]]}",0.09761133562609675,0.0977676870318615,True,True,0.006000000983476639,"{'position_m': [-0.2551636730796261, 0.005989802308026577, -0.00010960549116134644], 'rotation_matrix': [[0.9999984663917556, 0.0001967436895948205, 0.001740260341938739], [-0.00018928620697897459, 0.9999908040204912, -0.004284395544725901], [-0.0017410872663274467, 0.0042840595668622895, 0.9999893076672164]]}","[-0.15761904081141836, 0.005971338426257008, -0.0002794394687609046]",531,,"{'step': 630, 'failure': 'INSERTION_DEPTH_NOT_ACHIEVED'}",,,,0,False,disabled,,,[],0,0.0,1.1096868454714852,
2.0,156,v1,False,False,True,True,-6.655376240732869e-05,0.004505062650915472,0.005527005052423535,,"{'position_m': [-0.19515564255124374, 0.005831379806043781, 1.4737248420715332e-05], 'rotation_matrix': [[0.9999951310717665, 0.0031205493680609027, -2.0981691900464508e-06], [-0.0031205397126099696, 0.9999898522268339, -0.0032492576470941436], [-8.041320999005236e-06, 0.003249248374112128, 0.9999947211462372]]}",0.09761133562609675,0.0977676870318615,True,True,0.006000000983476639,"{'position_m': [-0.2551636730796261, 0.005989802308026577, -0.00010960549116134644], 'rotation_matrix': [[0.9999984663917556, 0.0001967436895948205, 0.001740260341938739], [-0.00018928620697897459, 0.9999908040204912, -0.004284395544725901], [-0.0017410872663274467, 0.0042840595668622895, 0.9999893076672164]]}","[-0.15761904081141836, 0.005971338426257008, -0.0002794394687609046]",531,,"{'step': 630, 'failure': 'INSERTION_DEPTH_NOT_ACHIEVED'}","{'step': 642, 'failure': 'INSERTION_DEPTH_NOT_ACHIEVED'}",12,True,0,False,disabled,,,[],0,0.0,1.1096868454714852,
2.0,156,v2,True,False,True,True,0.09716074891581664,0.00465670738043918,0.00017978271472910115,0.0027351205415418363,"{'position_m': [-0.09792876415281473, -3.646018221695668e-05, -7.365643978118896e-05], 'rotation_matrix': [[0.9999994806616356, 0.00018219666184797435, 0.0010027366731991591], [-0.0001776385474336488, 0.9999896607108842, -0.004543887749182771], [-0.0010035541867945013, 0.004543707264681453, 0.9999891737430395]]}",0.00038403294787278663,0.0004240319912073001,True,True,0.006000000983476639,"{'position_m': [-0.2551636730796261, 0.005989802308026577, -0.00010960549116134644], 'rotation_matrix': [[0.9999984663917556, 0.0001967436895948205, 0.001740260341938739], [-0.00018928620697897459, 0.9999908040204912, -0.004284395544725901], [-0.0017410872663274467, 0.0042840595668622895, 0.9999893076672164]]}","[-0.15761904081141836, 0.005971338426257008, -0.0002794394687609046]",531,709,"{'step': 630, 'failure': 'INSERTION_DEPTH_NOT_ACHIEVED'}","{'step': 642, 'failure': 'INSERTION_DEPTH_NOT_ACHIEVED'}",12,True,1,True,attempt_complete,,INSERTION_DEPTH_NOT_ACHIEVED,"['backout', 'realign', 'reinsert', 'verify']",144,0.20750592063649184,1.3171641208689557,786
2.0,157,baseline,False,False,True,True,-4.249350643102667e-05,0.005364401919591897,0.005715215289461798,,"{'position_m': [-0.23383446801157726, 0.005928625088837709, 2.8895504732520563e-05], 'rotation_matrix': [[0.9999983200713859, 0.001826456870660646, -0.0001546276331771299], [-0.0018272132147308827, 0.9999856228839988, -0.00504136064648849], [0.00014541758228745337, 0.005041634715017192, 0.999987280305668]]}",0.11693857894754354,0.11707815736539319,True,True,0.00599999725818634,"{'position_m': [-0.293479382437588, 0.005991077859686577, 9.276050313942621e-05], 'rotation_matrix': [[0.9999987811148104, 0.00013976852008710315, -0.0015550670898290017], [-0.00014798983802699126, 0.999986007824925, -0.005287934698588506], [0.0015543062442508896, 0.005288158387329965, 0.9999848096411111]]}","[-0.1765834394793827, 0.005973778426936157, 0.0002744528186690329]",527,,"{'step': 630, 'failure': 'INSERTION_DEPTH_NOT_ACHIEVED'}",,,,0,False,disabled,,,[],0,0.0,1.0949377725840173,
2.0,157,v1,False,False,True,True,-4.249350643102667e-05,0.005364401919591897,0.005715215289461798,,"{'position_m': [-0.23383446801157726, 0.005928625088837709, 2.8895504732520563e-05], 'rotation_matrix': [[0.9999983200713859, 0.001826456870660646, -0.0001546276331771299], [-0.0018272132147308827, 0.9999856228839988, -0.00504136064648849], [0.00014541758228745337, 0.005041634715017192, 0.999987280305668]]}",0.11693857894754354,0.11707815736539319,True,True,0.00599999725818634,"{'position_m': [-0.293479382437588, 0.005991077859686577, 9.276050313942621e-05], 'rotation_matrix': [[0.9999987811148104, 0.00013976852008710315, -0.0015550670898290017], [-0.00014798983802699126, 0.999986007824925, -0.005287934698588506], [0.0015543062442508896, 0.005288158387329965, 0.9999848096411111]]}","[-0.1765834394793827, 0.005973778426936157, 0.0002744528186690329]",527,,"{'step': 630, 'failure': 'INSERTION_DEPTH_NOT_ACHIEVED'}","{'step': 642, 'failure': 'INSERTION_DEPTH_NOT_ACHIEVED'}",12,True,0,False,disabled,,,[],0,0.0,1.0949377725840173,
2.0,157,v2,True,False,True,True,0.11685819881552661,0.0054398250245443975,4.106158423320119e-05,0.0028510639166820333,"{'position_m': [-0.11693396634458456, 5.618785846559626e-06, 9.653247765469185e-06], 'rotation_matrix': [[0.9999999510495682, 0.00021581837561143903, -0.00022654644111211057], [-0.00021704551965052201, 0.9999852297172019, -0.005430767779731625], [0.00022537103547656416, 0.005430816684783233, 0.9999852276099046]]}",3.788662558590339e-05,5.58699391267496e-05,True,True,0.00599999725818634,"{'position_m': [-0.293479382437588, 0.005991077859686577, 9.276050313942621e-05], 'rotation_matrix': [[0.9999987811148104, 0.00013976852008710315, -0.0015550670898290017], [-0.00014798983802699126, 0.999986007824925, -0.005287934698588506], [0.0015543062442508896, 0.005288158387329965, 0.9999848096411111]]}","[-0.1765834394793827, 0.005973778426936157, 0.0002744528186690329]",527,708,"{'step': 630, 'failure': 'INSERTION_DEPTH_NOT_ACHIEVED'}","{'step': 642, 'failure': 'INSERTION_DEPTH_NOT_ACHIEVED'}",12,True,1,True,attempt_complete,,INSERTION_DEPTH_NOT_ACHIEVED,"['backout', 'realign', 'reinsert', 'verify']",150,0.22758355674774544,1.3224676185107556,792
2.0,158,baseline,False,False,True,True,-7.639798765095296e-05,0.0044183651005458985,0.005624531894197886,-0.0025699322814427307,"{'position_m': [-0.17777744961350053, 0.005860078383888466, -0.0001198647570774329], 'rotation_matrix': [[0.9999944163002891, 0.0027410120882494157, 0.0019116016781524632], [-0.002735475307541733, 0.9999920737329377, -0.002893034071768245], [-0.00191951636764948, 0.002887788778746294, 0.9999939880483699]]}",0.08892717185859593,0.08910486661118519,True,True,0.00599999725818634,"{'position_m': [-0.23775555151715208, 0.005991875706529729, -9.141636297295128e-06], 'rotation_matrix': [[0.9999999773207473, 0.00012641388159942212, 0.00017140021835276826], [-0.00012601513807192961, 0.9999972906222657, -0.002324407088381585], [-0.00017169359128729256, 0.002324385436643589, 0.9999972838731375]]}","[-0.14890477966127624, 0.005980679163992583, -2.4396744751852807e-05]",531,,"{'step': 630, 'failure': 'INSERTION_LATERAL_INTERFERENCE'}",,,,0,False,disabled,,,[],0,0.0,0.9441864853232949,
2.0,158,v1,False,False,True,True,-7.639798765095296e-05,0.0044183651005458985,0.005624531894197886,-0.0025699322814427307,"{'position_m': [-0.17777744961350053, 0.005860078383888466, -0.0001198647570774329], 'rotation_matrix': [[0.9999944163002891, 0.0027410120882494157, 0.0019116016781524632], [-0.002735475307541733, 0.9999920737329377, -0.002893034071768245], [-0.00191951636764948, 0.002887788778746294, 0.9999939880483699]]}",0.08892717185859593,0.08910486661118519,True,True,0.00599999725818634,"{'position_m': [-0.23775555151715208, 0.005991875706529729, -9.141636297295128e-06], 'rotation_matrix': [[0.9999999773207473, 0.00012641388159942212, 0.00017140021835276826], [-0.00012601513807192961, 0.9999972906222657, -0.002324407088381585], [-0.00017169359128729256, 0.002324385436643589, 0.9999972838731375]]}","[-0.14890477966127624, 0.005980679163992583, -2.4396744751852807e-05]",531,,"{'step': 630, 'failure': 'INSERTION_LATERAL_INTERFERENCE'}","{'step': 642, 'failure': 'INSERTION_LATERAL_INTERFERENCE'}",12,True,0,False,disabled,,,[],0,0.0,0.9441864853232949,
2.0,158,v2,True,False,True,True,0.08860866892713593,0.0025097991645604335,0.00011426927765459039,0.0028574727710605832,"{'position_m': [-0.08909286157857742, -3.7609012502779125e-05, -4.860007651367803e-05], 'rotation_matrix': [[0.9999998060098313, 0.0001502859694668258, 0.0006044786408746148], [-0.00014881587124287884, 0.9999970332631424, -0.0024313203717931248], [-0.0006048422408847105, 0.0024312299441252854, 0.9999968616384866]]}",0.00024210494380905168,0.00026771677503004165,True,True,0.00599999725818634,"{'position_m': [-0.23775555151715208, 0.005991875706529729, -9.141636297295128e-06], 'rotation_matrix': [[0.9999999773207473, 0.00012641388159942212, 0.00017140021835276826], [-0.00012601513807192961, 0.9999972906222657, -0.002324407088381585], [-0.00017169359128729256, 0.002324385436643589, 0.9999972838731375]]}","[-0.14890477966127624, 0.005980679163992583, -2.4396744751852807e-05]",531,708,"{'step': 630, 'failure': 'INSERTION_LATERAL_INTERFERENCE'}","{'step': 642, 'failure': 'INSERTION_LATERAL_INTERFERENCE'}",12,True,1,True,attempt_complete,,INSERTION_LATERAL_INTERFERENCE,"['backout', 'realign', 'reinsert', 'verify']",136,0.19787482088682887,1.142026957301623,778
2.0,159,baseline,False,False,True,True,-4.935622305309029e-05,0.0035773238014980306,0.005581414049937404,-0.0025489264714132417,"{'position_m': [-0.23315667869861248, 0.005878723600944621, -2.28361121360919e-05], 'rotation_matrix': [[0.9999966249976135, 0.002556591466344093, 0.0004624212976938976], [-0.0025554465907631292, 0.9999937097593317, -0.002459702114317228], [-0.00046870684238785684, 0.0024585121198880335, 0.9999968680111215]]}",0.1166032141456071,0.11673671972384331,True,True,0.006000000983476639,"{'position_m': [-0.29309247571430136, 0.0059951074265201625, -4.6238406592062156e-05], 'rotation_matrix': [[0.9999997461961696, 0.00012142696678884344, 0.0007020420844165923], [-0.00011914885508425138, 0.9999947307613328, -0.003244110528358932], [-0.0007024323076906812, 0.003244026057480674, 0.9999944914267237]]}","[-0.17653864737356295, 0.005981220167793038, -0.00012810960198285354]",531,,"{'step': 630, 'failure': 'INSERTION_LATERAL_INTERFERENCE'}",,,,0,False,disabled,,,[],0,0.0,0.9748914527824151,
2.0,159,v1,False,False,True,True,-4.935622305309029e-05,0.0035773238014980306,0.005581414049937404,-0.0025489264714132417,"{'position_m': [-0.23315667869861248, 0.005878723600944621, -2.28361121360919e-05], 'rotation_matrix': [[0.9999966249976135, 0.002556591466344093, 0.0004624212976938976], [-0.0025554465907631292, 0.9999937097593317, -0.002459702114317228], [-0.00046870684238785684, 0.0024585121198880335, 0.9999968680111215]]}",0.1166032141456071,0.11673671972384331,True,True,0.006000000983476639,"{'position_m': [-0.29309247571430136, 0.0059951074265201625, -4.6238406592062156e-05], 'rotation_matrix': [[0.9999997461961696, 0.00012142696678884344, 0.0007020420844165923], [-0.00011914885508425138, 0.9999947307613328, -0.003244110528358932], [-0.0007024323076906812, 0.003244026057480674, 0.9999944914267237]]}","[-0.17653864737356295, 0.005981220167793038, -0.00012810960198285354]",531,,"{'step': 630, 'failure': 'INSERTION_LATERAL_INTERFERENCE'}","{'step': 642, 'failure': 'INSERTION_LATERAL_INTERFERENCE'}",12,True,0,False,disabled,,,[],0,0.0,0.9748914527824151,
2.0,159,v2,True,False,True,True,0.11629710079089255,0.003576845981043538,0.0001432978292850475,0.0028047763830349876,"{'position_m': [-0.11681058363584998, -3.0226848244628568e-05, -5.170706980239636e-05], 'rotation_matrix': [[0.9999997304390771, 0.00013187582417358855, 0.0007223091721413472], [-0.00012934645365038754, 0.9999938641244949, -0.0035007117642348734], [-0.0007227663993912932, 0.0035006173924499234, 0.9999936116228961]]}",0.00025675713166146974,0.0002940382501254419,True,True,0.006000000983476639,"{'position_m': [-0.29309247571430136, 0.0059951074265201625, -4.6238406592062156e-05], 'rotation_matrix': [[0.9999997461961696, 0.00012142696678884344, 0.0007020420844165923], [-0.00011914885508425138, 0.9999947307613328, -0.003244110528358932], [-0.0007024323076906812, 0.003244026057480674, 0.9999944914267237]]}","[-0.17653864737356295, 0.005981220167793038, -0.00012810960198285354]",531,709,"{'step': 630, 'failure': 'INSERTION_LATERAL_INTERFERENCE'}","{'step': 642, 'failure': 'INSERTION_LATERAL_INTERFERENCE'}",12,True,1,True,attempt_complete,,INSERTION_LATERAL_INTERFERENCE,"['backout', 'realign', 'reinsert', 'verify']",155,0.22735487982927768,1.2022157726621179,797
4.0,140,baseline,False,False,True,True,-9.244479590830856e-05,0.005610119064036229,0.011700665036664466,-0.008623723100470177,"{'position_m': [-0.2299238303244183, 0.011909710566214036, -0.00023291950981582242], 'rotation_matrix': [[0.9999908186486859, 0.00199955689525996, 0.0037900383314741536], [-0.0019858205679020692, 0.9999914592548197, -0.0036246288208123447], [-0.0037972536132739533, 0.0036170692057499784, 0.9999862487431301]]}",0.11500866510325847,0.11560232960945763,True,True,0.012000001966953278,"{'position_m': [-0.29004927289927984, 0.01199407663004737, -8.782675346876372e-05], 'rotation_matrix': [[0.9999989951257704, 0.00012624604050815583, 0.0014120231536987272], [-0.00012200818013571326, 0.999995489690676, -0.003000951900501304], [-0.0014123956433327255, 0.003000776606546782, 0.9999945002240284]]}","[-0.17513316806827803, 0.011980055911139594, -0.00025013392237912874]",532,,"{'step': 630, 'failure': 'INSERTION_LATERAL_INTERFERENCE'}",,,,0,False,disabled,,,[],0,0.0,1.0230634910317489,
4.0,140,v1,False,False,True,True,-9.244479590830856e-05,0.005610119064036229,0.011700665036664466,-0.008623723100470177,"{'position_m': [-0.2299238303244183, 0.011909710566214036, -0.00023291950981582242], 'rotation_matrix': [[0.9999908186486859, 0.00199955689525996, 0.0037900383314741536], [-0.0019858205679020692, 0.9999914592548197, -0.0036246288208123447], [-0.0037972536132739533, 0.0036170692057499784, 0.9999862487431301]]}",0.11500866510325847,0.11560232960945763,True,True,0.012000001966953278,"{'position_m': [-0.29004927289927984, 0.01199407663004737, -8.782675346876372e-05], 'rotation_matrix': [[0.9999989951257704, 0.00012624604050815583, 0.0014120231536987272], [-0.00012200818013571326, 0.999995489690676, -0.003000951900501304], [-0.0014123956433327255, 0.003000776606546782, 0.9999945002240284]]}","[-0.17513316806827803, 0.011980055911139594, -0.00025013392237912874]",532,,"{'step': 630, 'failure': 'INSERTION_LATERAL_INTERFERENCE'}","{'step': 642, 'failure': 'INSERTION_LATERAL_INTERFERENCE'}",12,True,0,False,disabled,,,[],0,0.0,1.0230634910317489,
4.0,140,v2,True,False,True,True,0.11445501046338775,0.003539058342670766,0.00026882825865060065,0.0026897261097180956,"{'position_m': [-0.11537730962185183, -6.173873980503968e-05, -9.244651596544665e-05], 'rotation_matrix': [[0.9999989511536282, 0.00011179380134830166, 0.0014440200102060288], [-0.00010713030673863033, 0.9999947803949429, -0.00322919587017], [-0.0014443734770735043, 0.0032290377849329968, 0.9999937435305495]]}",0.00046120984396240405,0.0005338381335357557,True,True,0.012000001966953278,"{'position_m': [-0.29004927289927984, 0.01199407663004737, -8.782675346876372e-05], 'rotation_matrix': [[0.9999989951257704, 0.00012624604050815583, 0.0014120231536987272], [-0.00012200818013571326, 0.999995489690676, -0.003000951900501304], [-0.0014123956433327255, 0.003000776606546782, 0.9999945002240284]]}","[-0.17513316806827803, 0.011980055911139594, -0.00025013392237912874]",532,715,"{'step': 630, 'failure': 'INSERTION_LATERAL_INTERFERENCE'}","{'step': 642, 'failure': 'INSERTION_LATERAL_INTERFERENCE'}",12,True,1,True,attempt_complete,,INSERTION_LATERAL_INTERFERENCE,"['backout', 'realign', 'reinsert', 'verify']",164,0.23676445538463273,1.259805161991991,806
4.0,141,baseline,False,False,True,True,-6.140996703536683e-05,0.00540208090136818,0.011562063838681694,-0.0084840431079524,"{'position_m': [-0.2434518366322403, 0.011870913206319875, -3.1747079202887975e-05], 'rotation_matrix': [[0.9999965766419259, 0.002544880963756254, 0.0006085107309860786], [-0.0025419766871341734, 0.9999855976158333, -0.004726829320742443], [-0.0006205311849380436, 0.004725266319021084, 0.9999886433351446]]}",0.12175683160313995,0.12230456803507027,True,True,0.012000001966953278,"{'position_m': [-0.3033665168868205, 0.011988517493686155, -6.847102719060292e-05], 'rotation_matrix': [[0.9999994247264146, 0.00018857434372172098, 0.001055929238437241], [-0.00018273948894021407, 0.999984730463406, -0.005523173572147646], [-0.0010569546437187226, 0.005522977434842393, 0.9999841896585843]]}","[-0.18167116525887744, 0.01196627893453001, -0.00019709756820819157]",530,,"{'step': 630, 'failure': 'INSERTION_LATERAL_INTERFERENCE'}",,,,0,False,disabled,,,[],0,0.0,1.2732715123640708,
4.0,141,v1,False,False,True,True,-6.140996703536683e-05,0.00540208090136818,0.011562063838681694,-0.0084840431079524,"{'position_m': [-0.2434518366322403, 0.011870913206319875, -3.1747079202887975e-05], 'rotation_matrix': [[0.9999965766419259, 0.002544880963756254, 0.0006085107309860786], [-0.0025419766871341734, 0.9999855976158333, -0.004726829320742443], [-0.0006205311849380436, 0.004725266319021084, 0.9999886433351446]]}",0.12175683160313995,0.12230456803507027,True,True,0.012000001966953278,"{'position_m': [-0.3033665168868205, 0.011988517493686155, -6.847102719060292e-05], 'rotation_matrix': [[0.9999994247264146, 0.00018857434372172098, 0.001055929238437241], [-0.00018273948894021407, 0.999984730463406, -0.005523173572147646], [-0.0010569546437187226, 0.005522977434842393, 0.9999841896585843]]}","[-0.18167116525887744, 0.01196627893453001, -0.00019709756820819157]",530,,"{'step': 630, 'failure': 'INSERTION_LATERAL_INTERFERENCE'}","{'step': 642, 'failure': 'INSERTION_LATERAL_INTERFERENCE'}",12,True,0,False,disabled,,,[],0,0.0,1.2732715123640708,
4.0,141,v2,True,False,True,True,0.12135088358471235,0.0057877203022198825,0.00017594416964278518,0.002714884679025951,"{'position_m': [-0.12203991067136845, -2.601110385630939e-05, -6.244338958188028e-05], 'rotation_matrix': [[0.9999995972229053, 0.00016937626985799505, 0.0008813998559774638], [-0.00016433394403219079, 0.9999836400502701, -0.005717746598653683], [-0.0008823538869110017, 0.005717599451761719, 0.9999832651140353]]}",0.00034453805139222915,0.00038686279181183027,True,True,0.012000001966953278,"{'position_m': [-0.3033665168868205, 0.011988517493686155, -6.847102719060292e-05], 'rotation_matrix': [[0.9999994247264146, 0.00018857434372172098, 0.001055929238437241], [-0.00018273948894021407, 0.999984730463406, -0.005523173572147646], [-0.0010569546437187226, 0.005522977434842393, 0.9999841896585843]]}","[-0.18167116525887744, 0.01196627893453001, -0.00019709756820819157]",530,714,"{'step': 630, 'failure': 'INSERTION_LATERAL_INTERFERENCE'}","{'step': 642, 'failure': 'INSERTION_LATERAL_INTERFERENCE'}",12,True,1,True,attempt_complete,,INSERTION_LATERAL_INTERFERENCE,"['backout', 'realign', 'reinsert', 'verify']",164,0.24406872631159318,1.5173013199051457,806
4.0,142,baseline,False,False,True,True,-5.617653911883791e-05,0.004971009259128708,0.011566030642744847,,"{'position_m': [-0.24222067138041897, 0.011888668280949767, 1.772594367041496e-06], 'rotation_matrix': [[0.9999964495313131, 0.0026647046324797985, 1.6552603881609533e-05], [-0.002664611708192932, 0.9999876448040872, -0.004196437014738181], [-2.7734664524028505e-05, 0.004196378009157863, 0.9999911947824301]]}",0.1211386389095145,0.12168953488972933,True,True,0.012000001966953278,"{'position_m': [-0.30188867957246057, 0.011996572947028175, -6.969352558440367e-05], 'rotation_matrix': [[0.9999994740160812, 0.00016510184556877458, 0.0010122790826733031], [-0.00016041506255256747, 0.9999892766525292, -0.004628266085544899], [-0.0010130323629254693, 0.004628101266339, 0.9999887771590739]]}","[-0.18080628088949297, 0.011977149496253009, -0.0001923539785483198]",527,,"{'step': 630, 'failure': 'INSERTION_DEPTH_NOT_ACHIEVED'}",,,,0,False,disabled,,,[],0,0.0,1.0594916117328288,
4.0,142,v1,False,False,True,True,-5.617653911883791e-05,0.004971009259128708,0.011566030642744847,,"{'position_m': [-0.24222067138041897, 0.011888668280949767, 1.772594367041496e-06], 'rotation_matrix': [[0.9999964495313131, 0.0026647046324797985, 1.6552603881609533e-05], [-0.002664611708192932, 0.9999876448040872, -0.004196437014738181], [-2.7734664524028505e-05, 0.004196378009157863, 0.9999911947824301]]}",0.1211386389095145,0.12168953488972933,True,True,0.012000001966953278,"{'position_m': [-0.30188867957246057, 0.011996572947028175, -6.969352558440367e-05], 'rotation_matrix': [[0.9999994740160812, 0.00016510184556877458, 0.0010122790826733031], [-0.00016041506255256747, 0.9999892766525292, -0.004628266085544899], [-0.0010130323629254693, 0.004628101266339, 0.9999887771590739]]}","[-0.18080628088949297, 0.011977149496253009, -0.0001923539785483198]",527,,"{'step': 630, 'failure': 'INSERTION_DEPTH_NOT_ACHIEVED'}","{'step': 642, 'failure': 'INSERTION_DEPTH_NOT_ACHIEVED'}",12,True,0,False,disabled,,,[],0,0.0,1.0594916117328288,
4.0,142,v2,True,False,True,True,0.12099616393713303,0.005047232013949502,3.334883448570502e-05,0.0028647626468575743,"{'position_m': [-0.12116875699266234, -4.053732430711888e-06, -2.295084577692684e-06], 'rotation_matrix': [[0.9999999685256157, 0.00022835503145085878, -0.00010393626281954312], [-0.00022887606969464427, 0.9999872680932208, -0.005040958956515295], [0.00010278381117167667, 0.005040982586377549, 0.9999872888842396]]}",8.629843326263265e-05,9.251791364454783e-05,True,True,0.012000001966953278,"{'position_m': [-0.30188867957246057, 0.011996572947028175, -6.969352558440367e-05], 'rotation_matrix': [[0.9999994740160812, 0.00016510184556877458, 0.0010122790826733031], [-0.00016041506255256747, 0.9999892766525292, -0.004628266085544899], [-0.0010130323629254693, 0.004628101266339, 0.9999887771590739]]}","[-0.18080628088949297, 0.011977149496253009, -0.0001923539785483198]",527,712,"{'step': 630, 'failure': 'INSERTION_DEPTH_NOT_ACHIEVED'}","{'step': 642, 'failure': 'INSERTION_DEPTH_NOT_ACHIEVED'}",12,True,1,True,attempt_complete,,INSERTION_DEPTH_NOT_ACHIEVED,"['backout', 'realign', 'reinsert', 'verify']",157,0.24129863732309217,1.3007414879500852,799
4.0,143,baseline,False,False,True,False,-0.3693886360021355,0.3760800064596686,0.19968742274575152,,"{'position_m': [-0.5904060919696098, 0.13679923038306777, -0.08880036770917152], 'rotation_matrix': [[0.9301115026973217, -0.36727726928335636, -4.229720668891207e-06], [0.367277269307195, 0.9301115026150103, 1.238940660310859e-05], [-6.162355782467412e-07, -1.3077009850348017e-05, 0.9999999999143055]]}",0.4838988369198563,0.5234817582067499,False,False,0.012000001966953278,"{'position_m': [-0.5904060919696098, 0.13679923038306777, -0.08880036770917152], 'rotation_matrix': [[0.9301115026973217, -0.36727726928335636, -4.229720668891207e-06], [0.367277269307195, 0.9301115026150103, 1.238940660310859e-05], [-6.162355782467412e-07, -1.3077009850348017e-05, 0.9999999999143055]]}","[-0.4838988369198563, 0.1788562242839465, -0.08880043827443139]",,,"{'step': 168, 'failure': 'GRASP_FAILURE'}",,,,0,False,disabled,,,[],0,0.0,1.3339098325712289,
4.0,143,v1,False,False,True,False,-0.3693886360021355,0.3760800064596686,0.19968742274575152,,"{'position_m': [-0.5904060919696098, 0.13679923038306777, -0.08880036770917152], 'rotation_matrix': [[0.9301115026973217, -0.36727726928335636, -4.229720668891207e-06], [0.367277269307195, 0.9301115026150103, 1.238940660310859e-05], [-6.162355782467412e-07, -1.3077009850348017e-05, 0.9999999999143055]]}",0.4838988369198563,0.5234817582067499,False,False,0.012000001966953278,"{'position_m': [-0.5904060919696098, 0.13679923038306777, -0.08880036770917152], 'rotation_matrix': [[0.9301115026973217, -0.36727726928335636, -4.229720668891207e-06], [0.367277269307195, 0.9301115026150103, 1.238940660310859e-05], [-6.162355782467412e-07, -1.3077009850348017e-05, 0.9999999999143055]]}","[-0.4838988369198563, 0.1788562242839465, -0.08880043827443139]",,,"{'step': 168, 'failure': 'GRASP_FAILURE'}","{'step': 170, 'failure': 'GRASP_FAILURE'}",2,True,0,False,disabled,,,[],0,0.0,1.3339098325712289,
4.0,143,v2,False,False,False,False,-0.36938841477455825,0.3760797906020496,0.19968738267110062,,"{'position_m': [-0.5904058798196172, 0.13679920776615764, -0.08880037702239696], 'rotation_matrix': [[0.9301115819704747, -0.3672770685293514, -4.1069326295221815e-06], [0.36727706855190156, 0.930111581894533, 1.1898362020884247e-05], [-5.500899185521839e-07, -1.2575186499013121e-05, 0.9999999999207809]]}",0.48389861569227904,0.523481538420352,False,False,0.012000001966953278,"{'position_m': [-0.5904058751704137, 0.1367992219234706, -0.08880037329710665], 'rotation_matrix': [[0.9301115819704401, -0.36727706852966135, -4.0869485249696325e-06], [0.3672770685520095, 0.930111581895625, 1.1809327227406472e-05], [-5.359769277038648e-07, -1.2485034503063433e-05, 0.9999999999219181]]}","[-0.4838986110430794, 0.1788561928358327, -0.08880043467193233]",,,"{'step': 168, 'failure': 'GRASP_FAILURE'}","{'step': 170, 'failure': 'GRASP_FAILURE'}",2,True,1,False,aborted,acquisition_or_attachment_unavailable_consumes_single_episode,GRASP_FAILURE,[],0,0.0,0.4846633557921399,
4.0,144,baseline,False,False,True,True,-8.022309853425447e-05,0.005344456306382272,0.01155451805124248,,"{'position_m': [-0.1775472939631671, 0.011838340325153166, 2.7418136596679688e-05], 'rotation_matrix': [[0.9999948819852227, 0.0031988423194393907, -5.840527500000282e-05], [-0.0031990630403721416, 0.9999857197565049, -0.004280920313309219], [4.4710451894093214e-05, 0.00428108524565241, 0.9999908351130499]]}",0.08881398560120454,0.08956244149065754,True,True,0.01199999451637268,"{'position_m': [-0.23736927255739954, 0.011986500461546782, -9.148567914962769e-05], 'rotation_matrix': [[0.9999989485321047, 0.00022883906066958488, 0.0014319802265982673], [-0.00022198479282191713, 0.9999885276824252, -0.004784895640173606], [-0.001433058769490046, 0.004784572731175532, 0.9999875270253842]]}","[-0.14863560335543174, 0.011966802915661318, -0.00021864637565392636]",529,,"{'step': 630, 'failure': 'INSERTION_DEPTH_NOT_ACHIEVED'}",,,,0,False,disabled,,,[],0,0.0,1.1708308029150198,
4.0,144,v1,False,False,True,True,-8.022309853425447e-05,0.005344456306382272,0.01155451805124248,,"{'position_m': [-0.1775472939631671, 0.011838340325153166, 2.7418136596679688e-05], 'rotation_matrix': [[0.9999948819852227, 0.0031988423194393907, -5.840527500000282e-05], [-0.0031990630403721416, 0.9999857197565049, -0.004280920313309219], [4.4710451894093214e-05, 0.00428108524565241, 0.9999908351130499]]}",0.08881398560120454,0.08956244149065754,True,True,0.01199999451637268,"{'position_m': [-0.23736927255739954, 0.011986500461546782, -9.148567914962769e-05], 'rotation_matrix': [[0.9999989485321047, 0.00022883906066958488, 0.0014319802265982673], [-0.00022198479282191713, 0.9999885276824252, -0.004784895640173606], [-0.001433058769490046, 0.004784572731175532, 0.9999875270253842]]}","[-0.14863560335543174, 0.011966802915661318, -0.00021864637565392636]",529,,"{'step': 630, 'failure': 'INSERTION_DEPTH_NOT_ACHIEVED'}","{'step': 642, 'failure': 'INSERTION_DEPTH_NOT_ACHIEVED'}",12,True,0,False,disabled,,,[],0,0.0,1.1708308029150198,
4.0,144,v2,True,False,True,True,0.08845784102344693,0.005023287591568376,0.0001012188917218395,0.002790279953784485,"{'position_m': [-0.08900966853818855, -2.297820022308554e-05, -4.3176114559173584e-05], 'rotation_matrix': [[0.9999998259545785, 0.0002489527529453611, 0.0005348956343141717], [-0.00024628132901182884, 0.9999875267055451, -0.004988564807014391], [-0.0005361308793453748, 0.004988432203969824, 0.9999874139747094]]}",0.00027592147922335386,0.0002939012193547369,True,True,0.01199999451637268,"{'position_m': [-0.23736927255739954, 0.011986500461546782, -9.148567914962769e-05], 'rotation_matrix': [[0.9999989485321047, 0.00022883906066958488, 0.0014319802265982673], [-0.00022198479282191713, 0.9999885276824252, -0.004784895640173606], [-0.001433058769490046, 0.004784572731175532, 0.9999875270253842]]}","[-0.14863560335543174, 0.011966802915661318, -0.00021864637565392636]",529,713,"{'step': 630, 'failure': 'INSERTION_DEPTH_NOT_ACHIEVED'}","{'step': 642, 'failure': 'INSERTION_DEPTH_NOT_ACHIEVED'}",12,True,1,True,attempt_complete,,INSERTION_DEPTH_NOT_ACHIEVED,"['backout', 'realign', 'reinsert', 'verify']",140,0.20983263000478858,1.3806103959640361,782
4.0,145,baseline,False,False,True,True,-8.022479623734369e-05,0.004758035091142594,0.011733660627103251,-0.008680932405457812,"{'position_m': [-0.19272284076658883, 0.011910058240749685, -0.00021617479918753908], 'rotation_matrix': [[0.9999922828056401, 0.0019714597366073147, 0.0033981871154214935], [-0.0019623315048556554, 0.9999944634166109, -0.0026874506858576494], [-0.003403466501896444, 0.0026807615766423877, 0.9999906149225296]]}",0.09640190444797456,0.09711336660268992,True,True,0.012000001966953278,"{'position_m': [-0.2527849205490116, 0.011994130210950632, -8.41467645279313e-05], 'rotation_matrix': [[0.9999991333312981, 0.00012526986077646956, 0.0013105892242089095], [-0.00012303261467973736, 0.9999985355144289, -0.001706995012667309], [-0.0013108011398974841, 0.0017068322880491316, 0.9999976842592746]]}","[-0.15646332437625943, 0.011982279502852735, -0.00021040533201226874]",531,,"{'step': 630, 'failure': 'INSERTION_LATERAL_INTERFERENCE'}",,,,0,False,disabled,,,[],0,0.0,0.961361705123058,
4.0,145,v1,False,False,True,True,-8.022479623734369e-05,0.004758035091142594,0.011733660627103251,-0.008680932405457812,"{'position_m': [-0.19272284076658883, 0.011910058240749685, -0.00021617479918753908], 'rotation_matrix': [[0.9999922828056401, 0.0019714597366073147, 0.0033981871154214935], [-0.0019623315048556554, 0.9999944634166109, -0.0026874506858576494], [-0.003403466501896444, 0.0026807615766423877, 0.9999906149225296]]}",0.09640190444797456,0.09711336660268992,True,True,0.012000001966953278,"{'position_m': [-0.2527849205490116, 0.011994130210950632, -8.41467645279313e-05], 'rotation_matrix': [[0.9999991333312981, 0.00012526986077646956, 0.0013105892242089095], [-0.00012303261467973736, 0.9999985355144289, -0.001706995012667309], [-0.0013108011398974841, 0.0017068322880491316, 0.9999976842592746]]}","[-0.15646332437625943, 0.011982279502852735, -0.00021040533201226874]",531,,"{'step': 630, 'failure': 'INSERTION_LATERAL_INTERFERENCE'}","{'step': 642, 'failure': 'INSERTION_LATERAL_INTERFERENCE'}",12,True,0,False,disabled,,,[],0,0.0,0.961361705123058,
4.0,145,v2,True,False,True,True,0.09598625444466914,0.00226694655920755,0.0001615536361178736,0.0028238616082643785,"{'position_m': [-0.0966570719018105, -5.4283499155425233e-05, -6.685775094050059e-05], 'rotation_matrix': [[0.9999996578444759, 0.0001886682218646856, 0.0008054286019467955], [-0.00018696784553609775, 0.9999977549954434, -0.002110698248787503], [-0.0008058250154414059, 0.0021105469373499984, 0.9999974481155787]]}",0.00033542520706807133,0.00037230316528276365,True,True,0.012000001966953278,"{'position_m': [-0.2527849205490116, 0.011994130210950632, -8.41467645279313e-05], 'rotation_matrix': [[0.9999991333312981, 0.00012526986077646956, 0.0013105892242089095], [-0.00012303261467973736, 0.9999985355144289, -0.001706995012667309], [-0.0013108011398974841, 0.0017068322880491316, 0.9999976842592746]]}","[-0.15646332437625943, 0.011982279502852735, -0.00021040533201226874]",531,712,"{'step': 630, 'failure': 'INSERTION_LATERAL_INTERFERENCE'}","{'step': 642, 'failure': 'INSERTION_LATERAL_INTERFERENCE'}",12,True,1,True,attempt_complete,,INSERTION_LATERAL_INTERFERENCE,"['backout', 'realign', 'reinsert', 'verify']",146,0.21369044977003093,1.1750114765038924,788
4.0,146,baseline,False,False,True,True,-6.415075910573553e-05,0.004986359621561697,0.01154870650864595,,"{'position_m': [-0.20991246322866133, 0.01185568375966006, 1.4255155710773665e-05], 'rotation_matrix': [[0.9999957198796525, 0.0029257560841316824, -1.317999665400187e-05], [-0.002925785451649013, 0.9999875681610711, -0.004037734859892977], [1.3664054699636529e-06, 0.004037756139744307, 0.999991848228519]]}",0.10498853153837209,0.10562179877566275,True,True,0.012000001966953278,"{'position_m': [-0.2698698437886472, 0.011992957205806249, -7.451785255724035e-05], 'rotation_matrix': [[0.9999993192014802, 0.00022291407772223877, 0.0011453846035327049], [-0.0002177575428758452, 0.9999898504931803, -0.0045001658057384104], [-0.001146376128754043, 0.004499913325895278, 0.9999892182427922]]}","[-0.16494553444174398, 0.011970109130459986, -0.00019480065800689083]",530,,"{'step': 630, 'failure': 'INSERTION_DEPTH_NOT_ACHIEVED'}",,,,0,False,disabled,,,[],0,0.0,1.0682427623911874,
4.0,146,v1,False,False,True,True,-6.415075910573553e-05,0.004986359621561697,0.01154870650864595,,"{'position_m': [-0.20991246322866133, 0.01185568375966006, 1.4255155710773665e-05], 'rotation_matrix': [[0.9999957198796525, 0.0029257560841316824, -1.317999665400187e-05], [-0.002925785451649013, 0.9999875681610711, -0.004037734859892977], [1.3664054699636529e-06, 0.004037756139744307, 0.999991848228519]]}",0.10498853153837209,0.10562179877566275,True,True,0.012000001966953278,"{'position_m': [-0.2698698437886472, 0.011992957205806249, -7.451785255724035e-05], 'rotation_matrix': [[0.9999993192014802, 0.00022291407772223877, 0.0011453846035327049], [-0.0002177575428758452, 0.9999898504931803, -0.0045001658057384104], [-0.001146376128754043, 0.004499913325895278, 0.9999892182427922]]}","[-0.16494553444174398, 0.011970109130459986, -0.00019480065800689083]",530,,"{'step': 630, 'failure': 'INSERTION_DEPTH_NOT_ACHIEVED'}","{'step': 642, 'failure': 'INSERTION_DEPTH_NOT_ACHIEVED'}",12,True,0,False,disabled,,,[],0,0.0,1.0682427623911874,
4.0,146,v2,True,False,True,True,0.10452165087093686,0.004913257949945849,0.00017779380320836767,0.0027310051334951124,"{'position_m': [-0.1053270618137569, -3.747944540289494e-05, -6.855908123840995e-05], 'rotation_matrix': [[0.9999995341994053, 0.0002241702669261936, 0.0009388017169233494], [-0.0002196449865358934, 0.9999883711513882, -0.00481760501423762], [-0.0009398707635422932, 0.0048173965671038654, 0.9999879545940856]]}",0.0004027299083294994,0.00044022950323937036,True,True,0.012000001966953278,"{'position_m': [-0.2698698437886472, 0.011992957205806249, -7.451785255724035e-05], 'rotation_matrix': [[0.9999993192014802, 0.00022291407772223877, 0.0011453846035327049], [-0.0002177575428758452, 0.9999898504931803, -0.0045001658057384104], [-0.001146376128754043, 0.004499913325895278, 0.9999892182427922]]}","[-0.16494553444174398, 0.011970109130459986, -0.00019480065800689083]",530,713,"{'step': 630, 'failure': 'INSERTION_DEPTH_NOT_ACHIEVED'}","{'step': 642, 'failure': 'INSERTION_DEPTH_NOT_ACHIEVED'}",12,True,1,True,attempt_complete,,INSERTION_DEPTH_NOT_ACHIEVED,"['backout', 'realign', 'reinsert', 'verify']",153,0.22601063361298065,1.2942136359834209,795
4.0,147,baseline,False,False,True,True,-0.0001926608541373831,0.007697076036644964,0.011258785058136078,-0.008153445162726522,"{'position_m': [-0.19952618439189404, 0.011717181991700337, -0.000258721246853], 'rotation_matrix': [[0.999978668423704, 0.004834718981168847, 0.004391832183632869], [-0.004816795109281878, 0.9999800650947946, -0.0040826336947988925], [-0.004411483019492014, 0.004061392050003833, 0.9999820217944847]]}",0.09986048565892025,0.10049316811117423,True,True,0.01199999451637268,"{'position_m': [-0.2598478256787386, 0.011992357669433663, -0.00023259202813506443], 'rotation_matrix': [[0.9999929273876396, 0.00020917762205725738, 0.0037551856706821017], [-0.0001922365269307599, 0.9999898060934077, -0.004511181041207456], [-0.003756091028793008, 0.0045104272515213515, 0.9999827737647246]]}","[-0.16018070578584537, 0.01197319787294645, -0.0006069534507436226]",536,,"{'step': 630, 'failure': 'INSERTION_LATERAL_INTERFERENCE'}",,,,0,False,disabled,,,[],0,0.0,1.3308675004915727,
4.0,147,v1,False,False,True,True,-0.0001926608541373831,0.007697076036644964,0.011258785058136078,-0.008153445162726522,"{'position_m': [-0.19952618439189404, 0.011717181991700337, -0.000258721246853], 'rotation_matrix': [[0.999978668423704, 0.004834718981168847, 0.004391832183632869], [-0.004816795109281878, 0.9999800650947946, -0.0040826336947988925], [-0.004411483019492014, 0.004061392050003833, 0.9999820217944847]]}",0.09986048565892025,0.10049316811117423,True,True,0.01199999451637268,"{'position_m': [-0.2598478256787386, 0.011992357669433663, -0.00023259202813506443], 'rotation_matrix': [[0.9999929273876396, 0.00020917762205725738, 0.0037551856706821017], [-0.0001922365269307599, 0.9999898060934077, -0.004511181041207456], [-0.003756091028793008, 0.0045104272515213515, 0.9999827737647246]]}","[-0.16018070578584537, 0.01197319787294645, -0.0006069534507436226]",536,,"{'step': 630, 'failure': 'INSERTION_LATERAL_INTERFERENCE'}","{'step': 642, 'failure': 'INSERTION_LATERAL_INTERFERENCE'}",12,True,0,False,disabled,,,[],0,0.0,1.3308675004915727,
4.0,147,v2,True,False,True,True,0.09883283852863703,0.005323605080106735,0.00046078683852913754,0.002449955712240482,"{'position_m': [-0.10050243414875024, -6.753209235409001e-05, -0.000179491885662303], 'rotation_matrix': [[0.9999962181157338, 0.0001745150285081244, 0.0027446855437451246], [-0.00016200248634549695, 0.9999895973766026, -0.004558387189976729], [-0.00274545249888548, 0.0045579253048016145, 0.9999858438035467]]}",0.0008349862761458382,0.0009536910358777477,True,True,0.01199999451637268,"{'position_m': [-0.2598478256787386, 0.011992357669433663, -0.00023259202813506443], 'rotation_matrix': [[0.9999929273876396, 0.00020917762205725738, 0.0037551856706821017], [-0.0001922365269307599, 0.9999898060934077, -0.004511181041207456], [-0.003756091028793008, 0.0045104272515213515, 0.9999827737647246]]}","[-0.16018070578584537, 0.01197319787294645, -0.0006069534507436226]",536,716,"{'step': 630, 'failure': 'INSERTION_LATERAL_INTERFERENCE'}","{'step': 642, 'failure': 'INSERTION_LATERAL_INTERFERENCE'}",12,True,1,True,attempt_complete,,INSERTION_LATERAL_INTERFERENCE,"['backout', 'realign', 'reinsert', 'verify']",162,0.2211698820501086,1.5520179867187556,804
4.0,148,baseline,False,False,True,True,-0.00015528890390895111,0.008234935643388775,0.01148860668895514,-0.00837046858681259,"{'position_m': [-0.2161851308012355, 0.011812134785220673, -0.0003785267472267151], 'rotation_matrix': [[0.9999756209269128, 0.0034547049038811273, 0.006068160006267122], [-0.003428182695333008, 0.9999845503140667, -0.004375693839882816], [-0.006083182986067361, 0.004354784403396892, 0.999972014977198]]}",0.10817152652044795,0.10877990270917455,True,True,0.01199999451637268,"{'position_m': [-0.27630414305163287, 0.011941265908299905, -0.00018323957920074463], 'rotation_matrix': [[0.9999952812490915, 0.00100528544073969, 0.0029029090120778625], [-0.0009956343697681055, 0.9999939793380292, -0.0033241540117954927], [-0.002906233258274805, 0.003321248089955997, 0.9999902615122676]]}","[-0.16828841513681325, 0.01183372122963584, -0.0004971599613956444]",534,,"{'step': 630, 'failure': 'INSERTION_LATERAL_INTERFERENCE'}",,,,0,False,disabled,,,[],0,0.0,1.4293460142028596,
4.0,148,v1,False,False,True,True,-0.00015528890390895111,0.008234935643388775,0.01148860668895514,-0.00837046858681259,"{'position_m': [-0.2161851308012355, 0.011812134785220673, -0.0003785267472267151], 'rotation_matrix': [[0.9999756209269128, 0.0034547049038811273, 0.006068160006267122], [-0.003428182695333008, 0.9999845503140667, -0.004375693839882816], [-0.006083182986067361, 0.004354784403396892, 0.999972014977198]]}",0.10817152652044795,0.10877990270917455,True,True,0.01199999451637268,"{'position_m': [-0.27630414305163287, 0.011941265908299905, -0.00018323957920074463], 'rotation_matrix': [[0.9999952812490915, 0.00100528544073969, 0.0029029090120778625], [-0.0009956343697681055, 0.9999939793380292, -0.0033241540117954927], [-0.002906233258274805, 0.003321248089955997, 0.9999902615122676]]}","[-0.16828841513681325, 0.01183372122963584, -0.0004971599613956444]",534,,"{'step': 630, 'failure': 'INSERTION_LATERAL_INTERFERENCE'}","{'step': 642, 'failure': 'INSERTION_LATERAL_INTERFERENCE'}",12,True,0,False,disabled,,,[],0,0.0,1.4293460142028596,
4.0,148,v2,True,False,True,True,0.1075110373094159,0.0032964795105767464,0.0002535618391616489,0.002708313064184828,"{'position_m': [-0.10852133803868658, -6.203720715017808e-05, -9.611248970031738e-05], 'rotation_matrix': [[0.9999990752781458, 0.00011494394595014675, 0.001355075917512094], [-0.00011087429301188218, 0.9999954849639403, -0.0030029583121544104], [-0.0013554149711733857, 0.003002805292168901, 0.9999945729905902]]}",0.000505200307123102,0.0005652618478159609,True,True,0.01199999451637268,"{'position_m': [-0.27630414305163287, 0.011941265908299905, -0.00018323957920074463], 'rotation_matrix': [[0.9999952812490915, 0.00100528544073969, 0.0029029090120778625], [-0.0009956343697681055, 0.9999939793380292, -0.0033241540117954927], [-0.002906233258274805, 0.003321248089955997, 0.9999902615122676]]}","[-0.16828841513681325, 0.01183372122963584, -0.0004971599613956444]",534,715,"{'step': 630, 'failure': 'INSERTION_LATERAL_INTERFERENCE'}","{'step': 642, 'failure': 'INSERTION_LATERAL_INTERFERENCE'}",12,True,1,True,attempt_complete,,INSERTION_LATERAL_INTERFERENCE,"['backout', 'realign', 'reinsert', 'verify']",160,0.23011386232754655,1.6594361670698592,802
4.0,149,baseline,False,False,True,True,-9.297802231351959e-05,0.007323546417415299,0.011619849118099306,,"{'position_m': [-0.2405968275085649, 0.012044457989222027, -0.0002367048730054922], 'rotation_matrix': [[0.9999936959877256, 0.0035476897014772857, -0.00014792765219084382], [-0.00354856442420545, 0.9999731922788407, -0.006404874252617842], [0.0001252011801623225, 0.006405358807015858, 0.9999794776410251]]}",0.12034528180143873,0.12090495335343004,True,True,0.012000001966953278,"{'position_m': [-0.3002434030424707, 0.011988316999619521, 1.9848565262304704e-05], 'rotation_matrix': [[0.9999999007660462, 0.00023907222830483988, -0.00037591537345055634], [-0.0002414950549373113, 0.9999791154360734, -0.006458356743554598], [0.0003743635088840396, 0.006458446884370084, 0.9999790739389527]]}","[-0.17999111119645705, 0.011959276662912043, 6.486663965644748e-05]",528,,"{'step': 630, 'failure': 'INSERTION_DEPTH_NOT_ACHIEVED'}",,,,0,False,disabled,,,[],0,0.0,1.1313742973098497,
4.0,149,v1,False,False,True,True,-9.297802231351959e-05,0.007323546417415299,0.011619849118099306,,"{'position_m': [-0.2405968275085649, 0.012044457989222027, -0.0002367048730054922], 'rotation_matrix': [[0.9999936959877256, 0.0035476897014772857, -0.00014792765219084382], [-0.00354856442420545, 0.9999731922788407, -0.006404874252617842], [0.0001252011801623225, 0.006405358807015858, 0.9999794776410251]]}",0.12034528180143873,0.12090495335343004,True,True,0.012000001966953278,"{'position_m': [-0.3002434030424707, 0.011988316999619521, 1.9848565262304704e-05], 'rotation_matrix': [[0.9999999007660462, 0.00023907222830483988, -0.00037591537345055634], [-0.0002414950549373113, 0.9999791154360734, -0.006458356743554598], [0.0003743635088840396, 0.006458446884370084, 0.9999790739389527]]}","[-0.17999111119645705, 0.011959276662912043, 6.486663965644748e-05]",528,,"{'step': 630, 'failure': 'INSERTION_DEPTH_NOT_ACHIEVED'}","{'step': 642, 'failure': 'INSERTION_DEPTH_NOT_ACHIEVED'}",12,True,0,False,disabled,,,[],0,0.0,1.1313742973098497,
4.0,149,v2,True,False,True,True,0.11993862615555718,0.006955477779121711,9.962545546978208e-05,0.0027498823494448085,"{'position_m': [-0.1205659685476692, -2.3688531810196447e-05, -3.756553604589342e-05], 'rotation_matrix': [[0.9999998930995612, 0.0003141510663457776, 0.0003392786085692883], [-0.0003117888951410381, 0.9999758686866951, -0.006940088758425331], [-0.0003414506576148811, 0.006939982233224284, 0.9999758597376495]]}",0.00031367762356802886,0.0003291183417934156,True,True,0.012000001966953278,"{'position_m': [-0.3002434030424707, 0.011988316999619521, 1.9848565262304704e-05], 'rotation_matrix': [[0.9999999007660462, 0.00023907222830483988, -0.00037591537345055634], [-0.0002414950549373113, 0.9999791154360734, -0.006458356743554598], [0.0003743635088840396, 0.006458446884370084, 0.9999790739389527]]}","[-0.17999111119645705, 0.011959276662912043, 6.486663965644748e-05]",528,712,"{'step': 630, 'failure': 'INSERTION_DEPTH_NOT_ACHIEVED'}","{'step': 642, 'failure': 'INSERTION_DEPTH_NOT_ACHIEVED'}",12,True,1,True,attempt_complete,,INSERTION_DEPTH_NOT_ACHIEVED,"['backout', 'realign', 'reinsert', 'verify']",159,0.24042275638592767,1.3717516673713896,801
4.0,150,baseline,False,False,True,True,-4.6976410492824416e-05,0.0038448637720901262,0.011574315489098793,,"{'position_m': [-0.2427332778437768, 0.011892525139032432, 5.03527140429079e-06], 'rotation_matrix': [[0.9999965612536644, 0.002622447072896103, 1.5880668650550775e-05], [-0.002622392055911792, 0.9999926087118339, -0.002811686612256792], [-2.3254050598166388e-05, 0.0028116352982404465, 0.9999960470752864]]}",0.12139033576165097,0.12194088073885455,True,True,0.012000001966953278,"{'position_m': [-0.3025041867853417, 0.011994749612830095, 5.809821617016254e-06], 'rotation_matrix': [[0.9999999879113983, 9.915930965269493e-05, -0.000119769088073593], [-9.95467331497044e-05, 0.9999947491765542, -0.0032390908860865345], [0.00011944727317109072, 0.0032391027695519055, 0.9999947469590015]]}","[-0.1811608289010551, 0.011982670277817277, 2.030395500893187e-05]",528,528,"{'step': 630, 'failure': 'INSERTION_DEPTH_NOT_ACHIEVED'}",,,,0,False,disabled,,,[],0,0.0,0.9861918710811952,
4.0,150,v1,False,False,True,True,-4.6976410492824416e-05,0.0038448637720901262,0.011574315489098793,,"{'position_m': [-0.2427332778437768, 0.011892525139032432, 5.03527140429079e-06], 'rotation_matrix': [[0.9999965612536644, 0.002622447072896103, 1.5880668650550775e-05], [-0.002622392055911792, 0.9999926087118339, -0.002811686612256792], [-2.3254050598166388e-05, 0.0028116352982404465, 0.9999960470752864]]}",0.12139033576165097,0.12194088073885455,True,True,0.012000001966953278,"{'position_m': [-0.3025041867853417, 0.011994749612830095, 5.809821617016254e-06], 'rotation_matrix': [[0.9999999879113983, 9.915930965269493e-05, -0.000119769088073593], [-9.95467331497044e-05, 0.9999947491765542, -0.0032390908860865345], [0.00011944727317109072, 0.0032391027695519055, 0.9999947469590015]]}","[-0.1811608289010551, 0.011982670277817277, 2.030395500893187e-05]",528,528,"{'step': 630, 'failure': 'INSERTION_DEPTH_NOT_ACHIEVED'}","{'step': 642, 'failure': 'INSERTION_DEPTH_NOT_ACHIEVED'}",12,True,0,False,disabled,,,[],0,0.0,0.9861918710811952,
4.0,150,v2,True,False,True,True,0.12123166685144092,0.003544454023872361,4.992570026036518e-05,0.0029020697564947767,"{'position_m': [-0.12145504840510399, -1.2421465835062798e-05, -1.746479000734289e-05], 'rotation_matrix': [[0.9999999716031318, 0.00018433660273599656, 0.00015104221985458413], [-0.00018380130042110445, 0.999993729885538, -0.003536439832868342], [-0.00015169316810714824, 0.0035364119706881, 0.9999937353701555]]}",0.0001116924997172225,0.00012234291985877064,True,True,0.012000001966953278,"{'position_m': [-0.3025041867853417, 0.011994749612830095, 5.809821617016254e-06], 'rotation_matrix': [[0.9999999879113983, 9.915930965269493e-05, -0.000119769088073593], [-9.95467331497044e-05, 0.9999947491765542, -0.0032390908860865345], [0.00011944727317109072, 0.0032391027695519055, 0.9999947469590015]]}","[-0.1811608289010551, 0.011982670277817277, 2.030395500893187e-05]",528,528,"{'step': 630, 'failure': 'INSERTION_DEPTH_NOT_ACHIEVED'}","{'step': 642, 'failure': 'INSERTION_DEPTH_NOT_ACHIEVED'}",12,True,1,True,attempt_complete,,INSERTION_DEPTH_NOT_ACHIEVED,"['backout', 'realign', 'reinsert', 'verify']",157,0.23784233284855094,1.223992768230788,799
4.0,151,baseline,False,False,True,True,-7.973566800646703e-05,0.005105999797551436,0.011580480135026525,-0.008511980559530483,"{'position_m': [-0.23166260876423045, 0.01187569999297453, -0.0001340793514658326], 'rotation_matrix': [[0.9999941491857287, 0.0026148600941743915, 0.002205470697600487], [-0.0026064809905708745, 0.999989407403074, -0.003793591766989229], [-0.0022153670476634433, 0.0037878210539398238, 0.9999903722339067]]}",0.11587151095420413,0.11644876371592783,True,True,0.012000001966953278,"{'position_m': [-0.29171000256844637, 0.01199464828153217, -1.6359857261561414e-05], 'rotation_matrix': [[0.9999999607127993, 0.00010819745068117667, 0.0002585879169211715], [-0.00010734313919608915, 0.9999945443058822, -0.003301489954622088], [-0.00025894371894113387, 0.00330146206727703, 0.9999945166331503]]}","[-0.17591823183138344, 0.01198221882887986, -4.634341017696551e-05]",531,,"{'step': 630, 'failure': 'INSERTION_LATERAL_INTERFERENCE'}",,,,0,False,disabled,,,[],0,0.0,1.1138417059004422,
4.0,151,v1,False,False,True,True,-7.973566800646703e-05,0.005105999797551436,0.011580480135026525,-0.008511980559530483,"{'position_m': [-0.23166260876423045, 0.01187569999297453, -0.0001340793514658326], 'rotation_matrix': [[0.9999941491857287, 0.0026148600941743915, 0.002205470697600487], [-0.0026064809905708745, 0.999989407403074, -0.003793591766989229], [-0.0022153670476634433, 0.0037878210539398238, 0.9999903722339067]]}",0.11587151095420413,0.11644876371592783,True,True,0.012000001966953278,"{'position_m': [-0.29171000256844637, 0.01199464828153217, -1.6359857261561414e-05], 'rotation_matrix': [[0.9999999607127993, 0.00010819745068117667, 0.0002585879169211715], [-0.00010734313919608915, 0.9999945443058822, -0.003301489954622088], [-0.00025894371894113387, 0.00330146206727703, 0.9999945166331503]]}","[-0.17591823183138344, 0.01198221882887986, -4.634341017696551e-05]",531,,"{'step': 630, 'failure': 'INSERTION_LATERAL_INTERFERENCE'}","{'step': 642, 'failure': 'INSERTION_LATERAL_INTERFERENCE'}",12,True,0,False,disabled,,,[],0,0.0,1.1138417059004422,
4.0,151,v2,True,False,True,True,0.11540817116421938,0.003655647319241133,0.0002245067396363524,0.0027280185608475893,"{'position_m': [-0.11617529928467075, -5.195571704298894e-05, -7.875201776968081e-05], 'rotation_matrix': [[0.9999993080380278, 0.00013997921073160427, 0.0011680450698231747], [-0.0001359355546979059, 0.9999940005745995, -0.0034612622454372184], [-0.001168522566981166, 0.003461101071520893, 0.9999933276449311]]}",0.0003836041219782843,0.0004444720447237096,True,True,0.012000001966953278,"{'position_m': [-0.29171000256844637, 0.01199464828153217, -1.6359857261561414e-05], 'rotation_matrix': [[0.9999999607127993, 0.00010819745068117667, 0.0002585879169211715], [-0.00010734313919608915, 0.9999945443058822, -0.003301489954622088], [-0.00025894371894113387, 0.00330146206727703, 0.9999945166331503]]}","[-0.17591823183138344, 0.01198221882887986, -4.634341017696551e-05]",531,715,"{'step': 630, 'failure': 'INSERTION_LATERAL_INTERFERENCE'}","{'step': 642, 'failure': 'INSERTION_LATERAL_INTERFERENCE'}",12,True,1,True,attempt_complete,,INSERTION_LATERAL_INTERFERENCE,"['backout', 'realign', 'reinsert', 'verify']",163,0.23796122027871122,1.3517561833382719,805
4.0,152,baseline,False,False,True,True,-0.00011589924530351625,0.006748991233224328,0.011340126283645589,-0.00822446094128828,"{'position_m': [-0.2460131036655775, 0.011798213061630035, -9.28403925410728e-05], 'rotation_matrix': [[0.9999917645393865, 0.003762669346244751, 0.0015209118301637676], [-0.003754413315622458, 0.999978397708826, -0.00539522903542551], [-0.0015411794378911274, 0.005389474471602234, 0.9999842890420131]]}",0.12306500772671068,0.12358638513567904,True,True,0.012000001966953278,"{'position_m': [-0.3058830989818862, 0.011990923412889772, -0.0001511185188812423], 'rotation_matrix': [[0.9999972334605899, 0.00020318048591093805, 0.0023434566044429435], [-0.0001891622349640851, 0.9999820985164952, -0.005980540460166501], [-0.002344629782209901, 0.005980080621276784, 0.9999793704606849]]}","[-0.18293433064403308, 0.011967666084742586, -0.0004393886603229055]",530,,"{'step': 630, 'failure': 'INSERTION_LATERAL_INTERFERENCE'}",,,,0,False,disabled,,,[],0,0.0,1.173645756053016,
4.0,152,v1,False,False,True,True,-0.00011589924530351625,0.006748991233224328,0.011340126283645589,-0.00822446094128828,"{'position_m': [-0.2460131036655775, 0.011798213061630035, -9.28403925410728e-05], 'rotation_matrix': [[0.9999917645393865, 0.003762669346244751, 0.0015209118301637676], [-0.003754413315622458, 0.999978397708826, -0.00539522903542551], [-0.0015411794378911274, 0.005389474471602234, 0.9999842890420131]]}",0.12306500772671068,0.12358638513567904,True,True,0.012000001966953278,"{'position_m': [-0.3058830989818862, 0.011990923412889772, -0.0001511185188812423], 'rotation_matrix': [[0.9999972334605899, 0.00020318048591093805, 0.0023434566044429435], [-0.0001891622349640851, 0.9999820985164952, -0.005980540460166501], [-0.002344629782209901, 0.005980080621276784, 0.9999793704606849]]}","[-0.18293433064403308, 0.011967666084742586, -0.0004393886603229055]",530,,"{'step': 630, 'failure': 'INSERTION_LATERAL_INTERFERENCE'}","{'step': 642, 'failure': 'INSERTION_LATERAL_INTERFERENCE'}",12,True,0,False,disabled,,,[],0,0.0,1.173645756053016,
4.0,152,v2,True,False,True,True,0.12243395247255258,0.006417720515112044,0.0002734768477933024,0.0025938929175456545,"{'position_m': [-0.12346414348749268, -3.663107951845512e-05, -9.563500266730406e-05], 'rotation_matrix': [[0.9999990158304476, 0.00022506346079673894, 0.0013848048870559327], [-0.00021638677488011631, 0.9999803663118905, -0.006262600697899194], [-0.0013861871808153448, 0.006262294880974919, 0.9999794308624171]]}",0.0005151560088545865,0.000583245488399137,True,True,0.012000001966953278,"{'position_m': [-0.3058830989818862, 0.011990923412889772, -0.0001511185188812423], 'rotation_matrix': [[0.9999972334605899, 0.00020318048591093805, 0.0023434566044429435], [-0.0001891622349640851, 0.9999820985164952, -0.005980540460166501], [-0.002344629782209901, 0.005980080621276784, 0.9999793704606849]]}","[-0.18293433064403308, 0.011967666084742586, -0.0004393886603229055]",530,713,"{'step': 630, 'failure': 'INSERTION_LATERAL_INTERFERENCE'}","{'step': 642, 'failure': 'INSERTION_LATERAL_INTERFERENCE'}",12,True,1,True,attempt_complete,,INSERTION_LATERAL_INTERFERENCE,"['backout', 'realign', 'reinsert', 'verify']",166,0.24346360694333646,1.4170608495516568,808
4.0,153,baseline,False,False,True,True,-6.900539143939177e-05,0.004846500683769338,0.011519599317033825,-0.008521257478142134,"{'position_m': [-0.181884458582283, 0.011829128061256829, 4.0046870708465585e-06], 'rotation_matrix': [[0.9999941845146926, 0.003405589771892951, 0.00018137006694039247], [-0.003404945036732934, 0.9999882732667632, -0.003443788357960268], [-0.0001930960704704336, 0.003443150775550429, 0.9999940536956432]]}",0.09097699632390399,0.09170340794400525,True,True,0.012000001966953278,"{'position_m': [-0.2420465128151125, 0.011990915696590257, -3.165751695632935e-05], 'rotation_matrix': [[0.9999998476070785, 0.0001960368349261538, 0.0005160962896443873], [-0.0001943209479902112, 0.9999944609524718, -0.0033226952531298184], [-0.0005167448016233578, 0.003322594458454322, 0.9999943466544576]]}","[-0.15113853573638222, 0.011973250369612375, -7.863374869670379e-05]",533,,"{'step': 630, 'failure': 'INSERTION_LATERAL_INTERFERENCE'}",,,,0,False,disabled,,,[],0,0.0,1.2469227491655133,
4.0,153,v1,False,False,True,True,-6.900539143939177e-05,0.004846500683769338,0.011519599317033825,-0.008521257478142134,"{'position_m': [-0.181884458582283, 0.011829128061256829, 4.0046870708465585e-06], 'rotation_matrix': [[0.9999941845146926, 0.003405589771892951, 0.00018137006694039247], [-0.003404945036732934, 0.9999882732667632, -0.003443788357960268], [-0.0001930960704704336, 0.003443150775550429, 0.9999940536956432]]}",0.09097699632390399,0.09170340794400525,True,True,0.012000001966953278,"{'position_m': [-0.2420465128151125, 0.011990915696590257, -3.165751695632935e-05], 'rotation_matrix': [[0.9999998476070785, 0.0001960368349261538, 0.0005160962896443873], [-0.0001943209479902112, 0.9999944609524718, -0.0033226952531298184], [-0.0005167448016233578, 0.003322594458454322, 0.9999943466544576]]}","[-0.15113853573638222, 0.011973250369612375, -7.863374869670379e-05]",533,,"{'step': 630, 'failure': 'INSERTION_LATERAL_INTERFERENCE'}","{'step': 642, 'failure': 'INSERTION_LATERAL_INTERFERENCE'}",12,True,0,False,disabled,,,[],0,0.0,1.2469227491655133,
4.0,153,v2,True,False,True,True,0.09036327380532141,0.0037852805083543424,0.00024309072003996174,0.002696346228073552,"{'position_m': [-0.09145261329223561, -5.0928616873561744e-05, -0.00010292604565620425], 'rotation_matrix': [[0.9999989575462928, 0.00021457016823575123, 0.0014278886411884806], [-0.0002095725923772775, 0.9999938558007833, -0.00349920562582669], [-0.0014286306930960334, 0.003498902731742651, 0.999992858321507]]}",0.000544717127143185,0.0005964979855562564,True,True,0.012000001966953278,"{'position_m': [-0.2420465128151125, 0.011990915696590257, -3.165751695632935e-05], 'rotation_matrix': [[0.9999998476070785, 0.0001960368349261538, 0.0005160962896443873], [-0.0001943209479902112, 0.9999944609524718, -0.0033226952531298184], [-0.0005167448016233578, 0.003322594458454322, 0.9999943466544576]]}","[-0.15113853573638222, 0.011973250369612375, -7.863374869670379e-05]",533,715,"{'step': 630, 'failure': 'INSERTION_LATERAL_INTERFERENCE'}","{'step': 642, 'failure': 'INSERTION_LATERAL_INTERFERENCE'}",12,True,1,True,attempt_complete,,INSERTION_LATERAL_INTERFERENCE,"['backout', 'realign', 'reinsert', 'verify']",148,0.2124725975719426,1.4593379628894199,790
4.0,154,baseline,False,False,True,True,-6.931664689122097e-05,0.004705014648260125,0.01154924679106499,,"{'position_m': [-0.21068675389590297, 0.011859896632983712, 5.2973628044128404e-05], 'rotation_matrix': [[0.9999956067769848, 0.0029515826259964902, -0.00027310571338767786], [-0.002952560811981677, 0.9999889672741809, -0.003653452417637655], [0.00026231923360641823, 0.0036542427284332888, 0.9999932888268304]]}",0.1053782665942484,0.10600926455668587,True,True,0.012000001966953278,"{'position_m': [-0.2702059197771082, 0.011990751698109559, 0.00015346705913543698], 'rotation_matrix': [[0.9999968300683535, 0.00015166608845214327, -0.002513334566149512], [-0.00016229009177708964, 0.9999910513766949, -0.004227390265620455], [0.0025126709235192943, 0.004227784754379679, 0.9999879060873187]]}","[-0.16489730365192415, 0.011973661098957653, 0.0004180737956545101]",526,,"{'step': 630, 'failure': 'INSERTION_DEPTH_NOT_ACHIEVED'}",,,,0,False,disabled,,,[],0,0.0,1.1226921819009406,
4.0,154,v1,False,False,True,True,-6.931664689122097e-05,0.004705014648260125,0.01154924679106499,,"{'position_m': [-0.21068675389590297, 0.011859896632983712, 5.2973628044128404e-05], 'rotation_matrix': [[0.9999956067769848, 0.0029515826259964902, -0.00027310571338767786], [-0.002952560811981677, 0.9999889672741809, -0.003653452417637655], [0.00026231923360641823, 0.0036542427284332888, 0.9999932888268304]]}",0.1053782665942484,0.10600926455668587,True,True,0.012000001966953278,"{'position_m': [-0.2702059197771082, 0.011990751698109559, 0.00015346705913543698], 'rotation_matrix': [[0.9999968300683535, 0.00015166608845214327, -0.002513334566149512], [-0.00016229009177708964, 0.9999910513766949, -0.004227390265620455], [0.0025126709235192943, 0.004227784754379679, 0.9999879060873187]]}","[-0.16489730365192415, 0.011973661098957653, 0.0004180737956545101]",526,,"{'step': 630, 'failure': 'INSERTION_DEPTH_NOT_ACHIEVED'}","{'step': 642, 'failure': 'INSERTION_DEPTH_NOT_ACHIEVED'}",12,True,0,False,disabled,,,[],0,0.0,1.1226921819009406,
4.0,154,v2,True,False,True,True,0.10544414520396564,0.004511640369091262,0.00014743091780386531,0.0027588482420983565,"{'position_m': [-0.10517370841932266, 1.941543409270678e-05, 5.17219305038452e-05], 'rotation_matrix': [[0.9999995606125968, 0.000229066682770895, -0.0009090121383368829], [-0.00023307606994541155, 0.9999902352581298, -0.004413056076628346], [0.0009079923779516399, 0.0044132660065638344, 0.9999898492649795]]}",0.00013519525660846132,0.0002000340794312754,True,True,0.012000001966953278,"{'position_m': [-0.2702059197771082, 0.011990751698109559, 0.00015346705913543698], 'rotation_matrix': [[0.9999968300683535, 0.00015166608845214327, -0.002513334566149512], [-0.00016229009177708964, 0.9999910513766949, -0.004227390265620455], [0.0025126709235192943, 0.004227784754379679, 0.9999879060873187]]}","[-0.16489730365192415, 0.011973661098957653, 0.0004180737956545101]",526,711,"{'step': 630, 'failure': 'INSERTION_DEPTH_NOT_ACHIEVED'}","{'step': 642, 'failure': 'INSERTION_DEPTH_NOT_ACHIEVED'}",12,True,1,True,attempt_complete,,INSERTION_DEPTH_NOT_ACHIEVED,"['backout', 'realign', 'reinsert', 'verify']",144,0.22487815512922352,1.347530635101279,786
4.0,155,baseline,False,False,True,True,-8.560774385768521e-05,0.007391005790628435,0.013529537045354395,,"{'position_m': [-0.2222711032050235, 0.013461090475575307, -0.00342258693708434], 'rotation_matrix': [[0.9999945270924002, 0.003303741270556548, -0.00017629198481133634], [-0.0033048342510824213, 0.9999727003152804, -0.00660883459764903], [0.000154453292485198, 0.00660938104389753, 0.999978145874397]]}",0.11117865947544414,0.11199885131294152,True,True,0.012000001966953278,"{'position_m': [-0.28232580112494177, 0.011988160087429289, -6.306767602701122e-05], 'rotation_matrix': [[0.9999994852858346, 0.00025419506122520516, 0.0009822489178072976], [-0.0002474835041028613, 0.9999766655587041, -0.006826938553303713], [-0.0009839613716411254, 0.0068266919489776545, 0.9999762137656338]]}","[-0.17123280657452272, 0.011960666389705275, -0.00017237894758862155]",532,,"{'step': 630, 'failure': 'INSERTION_DEPTH_NOT_ACHIEVED'}",,,,0,False,disabled,,,[],0,0.0,0.9196367215970183,
4.0,155,v1,False,False,True,True,-8.560774385768521e-05,0.007391005790628435,0.013529537045354395,,"{'position_m': [-0.2222711032050235, 0.013461090475575307, -0.00342258693708434], 'rotation_matrix': [[0.9999945270924002, 0.003303741270556548, -0.00017629198481133634], [-0.0033048342510824213, 0.9999727003152804, -0.00660883459764903], [0.000154453292485198, 0.00660938104389753, 0.999978145874397]]}",0.11117865947544414,0.11199885131294152,True,True,0.012000001966953278,"{'position_m': [-0.28232580112494177, 0.011988160087429289, -6.306767602701122e-05], 'rotation_matrix': [[0.9999994852858346, 0.00025419506122520516, 0.0009822489178072976], [-0.0002474835041028613, 0.9999766655587041, -0.006826938553303713], [-0.0009839613716411254, 0.0068266919489776545, 0.9999762137656338]]}","[-0.17123280657452272, 0.011960666389705275, -0.00017237894758862155]",532,,"{'step': 630, 'failure': 'INSERTION_DEPTH_NOT_ACHIEVED'}","{'step': 642, 'failure': 'INSERTION_DEPTH_NOT_ACHIEVED'}",12,True,0,False,disabled,,,[],0,0.0,0.9196367215970183,
4.0,155,v2,False,False,False,True,-0.00011666630544343581,0.00785792295743446,0.011897865254245844,-0.0009502007992165835,"{'position_m': [-0.22230148352403623, 0.004509181774987974, -0.011206215938964703], 'rotation_matrix': [[0.9999884219169419, 0.004811877646580266, 4.3192336732015145e-05], [-0.0048115164841531785, 0.9999691283722915, -0.006212214700249998], [-7.308342036616557e-05, 0.006211934954072051, 0.9999807030752842]]}",0.11120971803702989,0.1118443587468044,True,True,0.012000001966953278,"{'position_m': [-0.28232580112494177, 0.011988160087429289, -6.306767602701122e-05], 'rotation_matrix': [[0.9999994852858346, 0.00025419506122520516, 0.0009822489178072976], [-0.0002474835041028613, 0.9999766655587041, -0.006826938553303713], [-0.0009839613716411254, 0.0068266919489776545, 0.9999762137656338]]}","[-0.17123280657452272, 0.011960666389705275, -0.00017237894758862155]",532,716,"{'step': 630, 'failure': 'INSERTION_DEPTH_NOT_ACHIEVED'}","{'step': 642, 'failure': 'INSERTION_DEPTH_NOT_ACHIEVED'}",12,True,1,False,aborted,reinsert_physical_effect_not_completed,INSERTION_DEPTH_NOT_ACHIEVED,"['backout', 'realign']",172,0.1334217137104455,1.0530174365494867,
4.0,156,baseline,False,False,True,True,-6.982845332516308e-05,0.004556689295643471,0.011579002805699123,-0.008522182854295277,"{'position_m': [-0.1951589746367375, 0.011855270597490903, -3.049522638320923e-05], 'rotation_matrix': [[0.9999957194638348, 0.002839169505189136, 0.000707227352727126], [-0.0028366817113607006, 0.999989871913678, -0.003494181869130811], [-0.0007171407644758696, 0.0034921607332616964, 0.9999936452410769]]}",0.09761461031701459,0.09829895957392935,True,True,0.012000001966953278,"{'position_m': [-0.2551610557642407, 0.011989704007125929, -0.00010876357555389404], 'rotation_matrix': [[0.9999984799455506, 0.00020127654331009105, 0.0017319337001304625], [-0.0001939096738967816, 0.9999909385627446, -0.004252668743250514], [-0.0017327739687863926, 0.004252326440263465, 0.9999894575515377]]}","[-0.15761642217393096, 0.011970789130284407, -0.00027778663435824207]",532,,"{'step': 630, 'failure': 'INSERTION_LATERAL_INTERFERENCE'}",,,,0,False,disabled,,,[],0,0.0,1.1157334593639336,
4.0,156,v1,False,False,True,True,-6.982845332516308e-05,0.004556689295643471,0.011579002805699123,-0.008522182854295277,"{'position_m': [-0.1951589746367375, 0.011855270597490903, -3.049522638320923e-05], 'rotation_matrix': [[0.9999957194638348, 0.002839169505189136, 0.000707227352727126], [-0.0028366817113607006, 0.999989871913678, -0.003494181869130811], [-0.0007171407644758696, 0.0034921607332616964, 0.9999936452410769]]}",0.09761461031701459,0.09829895957392935,True,True,0.012000001966953278,"{'position_m': [-0.2551610557642407, 0.011989704007125929, -0.00010876357555389404], 'rotation_matrix': [[0.9999984799455506, 0.00020127654331009105, 0.0017319337001304625], [-0.0001939096738967816, 0.9999909385627446, -0.004252668743250514], [-0.0017327739687863926, 0.004252326440263465, 0.9999894575515377]]}","[-0.15761642217393096, 0.011970789130284407, -0.00027778663435824207]",532,,"{'step': 630, 'failure': 'INSERTION_LATERAL_INTERFERENCE'}","{'step': 642, 'failure': 'INSERTION_LATERAL_INTERFERENCE'}",12,True,0,False,disabled,,,[],0,0.0,1.1157334593639336,
4.0,156,v2,True,False,True,True,0.09716072490359906,0.004654363557270161,0.00017772527886545324,0.002737106289616431,"{'position_m': [-0.09792878893280395, -3.58893520911512e-05, -7.24494457244873e-05], 'rotation_matrix': [[0.9999994885326012, 0.0001819964773364206, 0.0009948928675347028], [-0.00017747467205735568, 0.9999896637843648, -0.004543217711461781], [-0.0009957094337267483, 0.004543038819468639, 0.9999891846220177]]}",0.00038405696009036205,0.00042318556608378447,True,True,0.012000001966953278,"{'position_m': [-0.2551610557642407, 0.011989704007125929, -0.00010876357555389404], 'rotation_matrix': [[0.9999984799455506, 0.00020127654331009105, 0.0017319337001304625], [-0.0001939096738967816, 0.9999909385627446, -0.004252668743250514], [-0.0017327739687863926, 0.004252326440263465, 0.9999894575515377]]}","[-0.15761642217393096, 0.011970789130284407, -0.00027778663435824207]",532,714,"{'step': 630, 'failure': 'INSERTION_LATERAL_INTERFERENCE'}","{'step': 642, 'failure': 'INSERTION_LATERAL_INTERFERENCE'}",12,True,1,True,attempt_complete,,INSERTION_LATERAL_INTERFERENCE,"['backout', 'realign', 'reinsert', 'verify']",149,0.21944857955156977,1.335157900559222,791
4.0,157,baseline,False,False,True,True,-4.276585087271967e-05,0.00540905544706362,0.011703498949702943,,"{'position_m': [-0.23383472660593882, 0.01192483416946023, 2.339708892649184e-05], 'rotation_matrix': [[0.9999982024448625, 0.0018933723639366175, -0.00010123307038433585], [-0.001893860898158243, 0.9999853757453029, -0.005065726643151512], [9.164028309673022e-05, 0.005065909258582162, 0.9999871640003394]]}",0.11693885129198524,0.11752304807634431,True,True,0.01199999451637268,"{'position_m': [-0.2934731845150261, 0.011991287165200246, 9.419112751305406e-05], 'rotation_matrix': [[0.9999987661752017, 0.00013911774541536468, -0.0015647026320396572], [-0.00014729911815776202, 0.9999863136097008, -0.005229808433426304], [0.001563953657750521, 0.005230032460076849, 0.9999851002937107]]}","[-0.1765772433032026, 0.011974068474898675, 0.0002770111879153994]",527,,"{'step': 630, 'failure': 'INSERTION_DEPTH_NOT_ACHIEVED'}",,,,0,False,disabled,,,[],0,0.0,1.1013184722221092,
4.0,157,v1,False,False,True,True,-4.276585087271967e-05,0.00540905544706362,0.011703498949702943,,"{'position_m': [-0.23383472660593882, 0.01192483416946023, 2.339708892649184e-05], 'rotation_matrix': [[0.9999982024448625, 0.0018933723639366175, -0.00010123307038433585], [-0.001893860898158243, 0.9999853757453029, -0.005065726643151512], [9.164028309673022e-05, 0.005065909258582162, 0.9999871640003394]]}",0.11693885129198524,0.11752304807634431,True,True,0.01199999451637268,"{'position_m': [-0.2934731845150261, 0.011991287165200246, 9.419112751305406e-05], 'rotation_matrix': [[0.9999987661752017, 0.00013911774541536468, -0.0015647026320396572], [-0.00014729911815776202, 0.9999863136097008, -0.005229808433426304], [0.001563953657750521, 0.005230032460076849, 0.9999851002937107]]}","[-0.1765772433032026, 0.011974068474898675, 0.0002770111879153994]",527,,"{'step': 630, 'failure': 'INSERTION_DEPTH_NOT_ACHIEVED'}","{'step': 642, 'failure': 'INSERTION_DEPTH_NOT_ACHIEVED'}",12,True,0,False,disabled,,,[],0,0.0,1.1013184722221092,
4.0,157,v2,True,False,True,True,0.11685826714316212,0.005440679334037319,4.0289668345870414e-05,0.0028516093756063565,"{'position_m': [-0.11693389803475446, 6.236283063892179e-06, 9.206212942837804e-06], 'rotation_matrix': [[0.9999999512018865, 0.00021615637084892878, -0.0002255496567853162], [-0.00021737829486816, 0.9999852248446021, -0.005431651605817013], [0.00022437223815525745, 0.005431700370362463, 0.9999852230349133]]}",3.7818297950395485e-05,5.525831191128733e-05,True,True,0.01199999451637268,"{'position_m': [-0.2934731845150261, 0.011991287165200246, 9.419112751305406e-05], 'rotation_matrix': [[0.9999987661752017, 0.00013911774541536468, -0.0015647026320396572], [-0.00014729911815776202, 0.9999863136097008, -0.005229808433426304], [0.001563953657750521, 0.005230032460076849, 0.9999851002937107]]}","[-0.1765772433032026, 0.011974068474898675, 0.0002770111879153994]",527,713,"{'step': 630, 'failure': 'INSERTION_DEPTH_NOT_ACHIEVED'}","{'step': 642, 'failure': 'INSERTION_DEPTH_NOT_ACHIEVED'}",12,True,1,True,attempt_complete,,INSERTION_DEPTH_NOT_ACHIEVED,"['backout', 'realign', 'reinsert', 'verify']",154,0.2382270164909825,1.3394971952705592,796
4.0,158,baseline,False,False,True,True,-7.297839751477242e-05,0.004466902936860119,0.011641392889046625,-0.008587269782304369,"{'position_m': [-0.1777740726363551, 0.011871246613065187, -0.0001141724503001252], 'rotation_matrix': [[0.9999948959020856, 0.002629511999395887, 0.0018148929504788205], [-0.0026238336406704636, 0.9999916777813191, -0.0031240782845546166], [-0.0018230926478790934, 0.0031193003617754787, 0.9999934731279249]]}",0.08892375226845975,0.08968252753964702,True,True,0.01199999451637268,"{'position_m': [-0.23775443485887002, 0.01199178628717226, -8.575329087487431e-06], 'rotation_matrix': [[0.9999999776762466, 0.00012623070687443146, 0.00016945003708627142], [-0.00012583988842081967, 0.9999973368886769, -0.0023044261491281573], [-0.00016974047516370313, 0.0023044047741109567, 0.999997330449841]]}","[-0.1489036629714078, 0.011980605315702237, -2.365690166300437e-05]",531,,"{'step': 630, 'failure': 'INSERTION_LATERAL_INTERFERENCE'}",,,,0,False,disabled,,,[],0,0.0,0.9504494468475838,
4.0,158,v1,False,False,True,True,-7.297839751477242e-05,0.004466902936860119,0.011641392889046625,-0.008587269782304369,"{'position_m': [-0.1777740726363551, 0.011871246613065187, -0.0001141724503001252], 'rotation_matrix': [[0.9999948959020856, 0.002629511999395887, 0.0018148929504788205], [-0.0026238336406704636, 0.9999916777813191, -0.0031240782845546166], [-0.0018230926478790934, 0.0031193003617754787, 0.9999934731279249]]}",0.08892375226845975,0.08968252753964702,True,True,0.01199999451637268,"{'position_m': [-0.23775443485887002, 0.01199178628717226, -8.575329087487431e-06], 'rotation_matrix': [[0.9999999776762466, 0.00012623070687443146, 0.00016945003708627142], [-0.00012583988842081967, 0.9999973368886769, -0.0023044261491281573], [-0.00016974047516370313, 0.0023044047741109567, 0.999997330449841]]}","[-0.1489036629714078, 0.011980605315702237, -2.365690166300437e-05]",531,,"{'step': 630, 'failure': 'INSERTION_LATERAL_INTERFERENCE'}","{'step': 642, 'failure': 'INSERTION_LATERAL_INTERFERENCE'}",12,True,0,False,disabled,,,[],0,0.0,0.9504494468475838,
4.0,158,v2,True,False,True,True,0.08860865520454471,0.0025066619042973456,0.00011323948833288996,0.002858633088375896,"{'position_m': [-0.08909287565132058, -3.7845677817166463e-05, -4.7981678326612084e-05], 'rotation_matrix': [[0.9999998099507306, 0.0001472173579902687, 0.0005986865225456202], [-0.0001457623192306156, 0.9999970376443099, -0.0024297028523644505], [-0.0005990424434578199, 0.00242961512466518, 0.999996869054347]]}",0.0002421186664002678,0.0002672912836912923,True,True,0.01199999451637268,"{'position_m': [-0.23775443485887002, 0.01199178628717226, -8.575329087487431e-06], 'rotation_matrix': [[0.9999999776762466, 0.00012623070687443146, 0.00016945003708627142], [-0.00012583988842081967, 0.9999973368886769, -0.0023044261491281573], [-0.00016974047516370313, 0.0023044047741109567, 0.999997330449841]]}","[-0.1489036629714078, 0.011980605315702237, -2.365690166300437e-05]",531,713,"{'step': 630, 'failure': 'INSERTION_LATERAL_INTERFERENCE'}","{'step': 642, 'failure': 'INSERTION_LATERAL_INTERFERENCE'}",12,True,1,True,attempt_complete,,INSERTION_LATERAL_INTERFERENCE,"['backout', 'realign', 'reinsert', 'verify']",141,0.20983644072183377,1.1602447870584278,783
4.0,159,baseline,False,False,True,True,-7.266827622731675e-05,0.004543908971517594,0.011644887274880958,-0.008583792828623007,"{'position_m': [-0.23317983296407918, 0.011903510046053245, -0.00012650349244430176], 'rotation_matrix': [[0.9999952712225405, 0.0022758698105489615, 0.002068320372555659], [-0.0022689383949182147, 0.9999918233173214, -0.0033474194627204855], [-0.0020759217514547436, 0.0033427107420124984, 0.9999922583869225]]}",0.11662652619878133,0.1172064418572619,True,True,0.012000001966953278,"{'position_m': [-0.29308983247931, 0.011995175792623325, -4.531453646402682e-05], 'rotation_matrix': [[0.9999997513052704, 0.00012098889888432606, 0.0006948029099974628], [-0.00011875426198067315, 0.9999948236714858, -0.0032153580919331527], [-0.0006951883361044096, 0.0032152747814837425, 0.9999945893459908]]}","[-0.17653600354308613, 0.011981334525244731, -0.0001263414190197569]",531,,"{'step': 630, 'failure': 'INSERTION_LATERAL_INTERFERENCE'}",,,,0,False,disabled,,,[],0,0.0,0.9809351160046221,
4.0,159,v1,False,False,True,True,-7.266827622731675e-05,0.004543908971517594,0.011644887274880958,-0.008583792828623007,"{'position_m': [-0.23317983296407918, 0.011903510046053245, -0.00012650349244430176], 'rotation_matrix': [[0.9999952712225405, 0.0022758698105489615, 0.002068320372555659], [-0.0022689383949182147, 0.9999918233173214, -0.0033474194627204855], [-0.0020759217514547436, 0.0033427107420124984, 0.9999922583869225]]}",0.11662652619878133,0.1172064418572619,True,True,0.012000001966953278,"{'position_m': [-0.29308983247931, 0.011995175792623325, -4.531453646402682e-05], 'rotation_matrix': [[0.9999997513052704, 0.00012098889888432606, 0.0006948029099974628], [-0.00011875426198067315, 0.9999948236714858, -0.0032153580919331527], [-0.0006951883361044096, 0.0032152747814837425, 0.9999945893459908]]}","[-0.17653600354308613, 0.011981334525244731, -0.0001263414190197569]",531,,"{'step': 630, 'failure': 'INSERTION_LATERAL_INTERFERENCE'}","{'step': 642, 'failure': 'INSERTION_LATERAL_INTERFERENCE'}",12,True,0,False,disabled,,,[],0,0.0,0.9809351160046221,
4.0,159,v2,True,False,True,True,0.1162976577040068,0.0035869764015233913,0.00014363831381142424,0.0028051320792043186,"{'position_m': [-0.11681002611467114, -2.9837090510011574e-05, -5.09322094202444e-05], 'rotation_matrix': [[0.9999997252220505, 0.00015687032039845552, 0.0007245326259119569], [-0.00015432658606634098, 0.9999938294795164, -0.003509584903779607], [-0.0007250787048768694, 0.003509472124776413, 0.9999935789125234]]}",0.0002562002185472201,0.00029371843179860625,True,True,0.012000001966953278,"{'position_m': [-0.29308983247931, 0.011995175792623325, -4.531453646402682e-05], 'rotation_matrix': [[0.9999997513052704, 0.00012098889888432606, 0.0006948029099974628], [-0.00011875426198067315, 0.9999948236714858, -0.0032153580919331527], [-0.0006951883361044096, 0.0032152747814837425, 0.9999945893459908]]}","[-0.17653600354308613, 0.011981334525244731, -0.0001263414190197569]",531,712,"{'step': 630, 'failure': 'INSERTION_LATERAL_INTERFERENCE'}","{'step': 642, 'failure': 'INSERTION_LATERAL_INTERFERENCE'}",12,True,1,True,attempt_complete,,INSERTION_LATERAL_INTERFERENCE,"['backout', 'realign', 'reinsert', 'verify']",158,0.2341002364773148,1.2149821097448206,800
8.0,140,baseline,False,False,True,True,-9.51679000099348e-05,0.005893505169961463,0.02370742541492085,-0.020635241221743476,"{'position_m': [-0.22992646314693388, 0.023916582937612386, -0.0002484465529844749], 'rotation_matrix': [[0.9999900330190699, 0.001928658641502269, 0.004026678328865341], [-0.0019131537642153224, 0.9999907553732625, -0.0038508454508467214], [-0.0040340680700830635, 0.003843103414741395, 0.9999844783050132]]}",0.1150113882073601,0.11742938915445368,True,True,0.024000003933906555,"{'position_m': [-0.29004718532128443, 0.023993889619943136, -8.65229350612181e-05], 'rotation_matrix': [[0.9999990039539486, 0.00012746781317019804, 0.0014056468500804032], [-0.00012332055869675922, 0.9999956407935034, -0.0029501162739592043], [-0.001406016767445562, 0.002949939990352656, 0.999994660471196]]}","[-0.17513107947578177, 0.023979718087451515, -0.0002480970676648206]",532,,"{'step': 630, 'failure': 'INSERTION_LATERAL_INTERFERENCE'}",,,,0,False,disabled,,,[],0,0.0,1.0354801533416615,
8.0,140,v1,False,False,True,True,-9.51679000099348e-05,0.005893505169961463,0.02370742541492085,-0.020635241221743476,"{'position_m': [-0.22992646314693388, 0.023916582937612386, -0.0002484465529844749], 'rotation_matrix': [[0.9999900330190699, 0.001928658641502269, 0.004026678328865341], [-0.0019131537642153224, 0.9999907553732625, -0.0038508454508467214], [-0.0040340680700830635, 0.003843103414741395, 0.9999844783050132]]}",0.1150113882073601,0.11742938915445368,True,True,0.024000003933906555,"{'position_m': [-0.29004718532128443, 0.023993889619943136, -8.65229350612181e-05], 'rotation_matrix': [[0.9999990039539486, 0.00012746781317019804, 0.0014056468500804032], [-0.00012332055869675922, 0.9999956407935034, -0.0029501162739592043], [-0.001406016767445562, 0.002949939990352656, 0.999994660471196]]}","[-0.17513107947578177, 0.023979718087451515, -0.0002480970676648206]",532,,"{'step': 630, 'failure': 'INSERTION_LATERAL_INTERFERENCE'}","{'step': 642, 'failure': 'INSERTION_LATERAL_INTERFERENCE'}",12,True,0,False,disabled,,,[],0,0.0,1.0354801533416615,
8.0,140,v2,True,False,True,True,0.11445464238429143,0.003545491972609241,0.0002717085749915854,0.0026878554717802774,"{'position_m': [-0.11537767649734676, -6.486250894342448e-05, -9.349704782005701e-05], 'rotation_matrix': [[0.9999989406798987, 0.00011999454171773529, 0.0014506000104178062], [-0.00011530422593925504, 0.9999947671493107, -0.003233013908264888], [-0.0014509803636668316, 0.003232843223156919, 0.9999937216706304]]}",0.00046157792305873135,0.0005356115465327181,True,True,0.024000003933906555,"{'position_m': [-0.29004718532128443, 0.023993889619943136, -8.65229350612181e-05], 'rotation_matrix': [[0.9999990039539486, 0.00012746781317019804, 0.0014056468500804032], [-0.00012332055869675922, 0.9999956407935034, -0.0029501162739592043], [-0.001406016767445562, 0.002949939990352656, 0.999994660471196]]}","[-0.17513107947578177, 0.023979718087451515, -0.0002480970676648206]",532,717,"{'step': 630, 'failure': 'INSERTION_LATERAL_INTERFERENCE'}","{'step': 642, 'failure': 'INSERTION_LATERAL_INTERFERENCE'}",12,True,1,True,attempt_complete,,INSERTION_LATERAL_INTERFERENCE,"['backout', 'realign', 'reinsert', 'verify']",166,0.24579590895381934,1.2812634167808443,808
8.0,141,baseline,False,False,True,True,-7.019025819365865e-05,0.006065727437861182,0.02364414148840586,-0.020541760705229617,"{'position_m': [-0.24346062386210457, 0.023901993196624973, -8.369253566676534e-05], 'rotation_matrix': [[0.9999966336589106, 0.0021390119053652412, 0.0014687746306668264], [-0.0021309268943388395, 0.9999826908046874, -0.005484272202258638], [-0.0014804801308927684, 0.005481123888965566, 0.9999838825998627]]}",0.12176561189429824,0.12403995189742949,True,True,0.024000003933906555,"{'position_m': [-0.303356746259891, 0.02399058750503696, -6.900747750392687e-05], 'rotation_matrix': [[0.99999945164993, 0.00019145350439065268, 0.0010295850597261576], [-0.0001858641106907799, 0.999985261115037, -0.0054261410987832765], [-0.0010306087385190826, 0.005425946760446919, 0.9999847483573844]]}","[-0.1816613913554794, 0.02396796869371943, -0.0001944278424798605]",530,,"{'step': 630, 'failure': 'INSERTION_LATERAL_INTERFERENCE'}",,,,0,False,disabled,,,[],0,0.0,1.2856613110947537,
8.0,141,v1,False,False,True,True,-7.019025819365865e-05,0.006065727437861182,0.02364414148840586,-0.020541760705229617,"{'position_m': [-0.24346062386210457, 0.023901993196624973, -8.369253566676534e-05], 'rotation_matrix': [[0.9999966336589106, 0.0021390119053652412, 0.0014687746306668264], [-0.0021309268943388395, 0.9999826908046874, -0.005484272202258638], [-0.0014804801308927684, 0.005481123888965566, 0.9999838825998627]]}",0.12176561189429824,0.12403995189742949,True,True,0.024000003933906555,"{'position_m': [-0.303356746259891, 0.02399058750503696, -6.900747750392687e-05], 'rotation_matrix': [[0.99999945164993, 0.00019145350439065268, 0.0010295850597261576], [-0.0001858641106907799, 0.999985261115037, -0.0054261410987832765], [-0.0010306087385190826, 0.005425946760446919, 0.9999847483573844]]}","[-0.1816613913554794, 0.02396796869371943, -0.0001944278424798605]",530,,"{'step': 630, 'failure': 'INSERTION_LATERAL_INTERFERENCE'}","{'step': 642, 'failure': 'INSERTION_LATERAL_INTERFERENCE'}",12,True,0,False,disabled,,,[],0,0.0,1.2856613110947537,
8.0,141,v2,True,False,True,True,0.12135096953986671,0.005789799580730607,0.00017700731524775143,0.002713958300953303,"{'position_m': [-0.12203982419450296, -2.622148005469236e-05, -6.285317151450964e-05], 'rotation_matrix': [[0.9999995929358818, 0.00017378449953364388, 0.0008853965315930001], [-0.00016871804876391784, 0.9999836315577243, -0.005719104024697783], [-0.000886375930661695, 0.005718952314280555, 0.999983253820851]]}",0.00034445209623787387,0.00038727101137818514,True,True,0.024000003933906555,"{'position_m': [-0.303356746259891, 0.02399058750503696, -6.900747750392687e-05], 'rotation_matrix': [[0.99999945164993, 0.00019145350439065268, 0.0010295850597261576], [-0.0001858641106907799, 0.999985261115037, -0.0054261410987832765], [-0.0010306087385190826, 0.005425946760446919, 0.9999847483573844]]}","[-0.1816613913554794, 0.02396796869371943, -0.0001944278424798605]",530,716,"{'step': 630, 'failure': 'INSERTION_LATERAL_INTERFERENCE'}","{'step': 642, 'failure': 'INSERTION_LATERAL_INTERFERENCE'}",12,True,1,True,attempt_complete,,INSERTION_LATERAL_INTERFERENCE,"['backout', 'realign', 'reinsert', 'verify']",166,0.2522389025880129,1.537861035764032,808
8.0,142,baseline,False,False,True,True,-5.617328467570626e-05,0.0052702399201432605,0.023559154969949855,-0.020530053526711514,"{'position_m': [-0.24222065308033558, 0.023887279189295896, -1.0735603022027617e-06], 'rotation_matrix': [[0.9999963252718623, 0.0027102540397767098, 6.297468627084446e-05], [-0.0027099417462011634, 0.9999861147050791, -0.004519581039454497], [-7.52230246190328e-05, 0.0045193937734916015, 0.9999897846585316]]}",0.12113863565507137,0.1234082769966028,True,True,0.024000003933906555,"{'position_m': [-0.3018765697504908, 0.023997867551313917, -6.876968644844642e-05], 'rotation_matrix': [[0.9999994967012933, 0.00016333491556874477, 0.0009899085133383816], [-0.0001588270216930238, 0.9999896259887171, -0.004552218022255334], [-0.0009906417801626107, 0.00455205850690897, 0.9999891486372302]]}","[-0.18079416832074185, 0.02397863638443637, -0.0001887190325175275]",527,,"{'step': 630, 'failure': 'INSERTION_LATERAL_INTERFERENCE'}",,,,0,False,disabled,,,[],0,0.0,1.0717662113816855,
8.0,142,v1,False,False,True,True,-5.617328467570626e-05,0.0052702399201432605,0.023559154969949855,-0.020530053526711514,"{'position_m': [-0.24222065308033558, 0.023887279189295896, -1.0735603022027617e-06], 'rotation_matrix': [[0.9999963252718623, 0.0027102540397767098, 6.297468627084446e-05], [-0.0027099417462011634, 0.9999861147050791, -0.004519581039454497], [-7.52230246190328e-05, 0.0045193937734916015, 0.9999897846585316]]}",0.12113863565507137,0.1234082769966028,True,True,0.024000003933906555,"{'position_m': [-0.3018765697504908, 0.023997867551313917, -6.876968644844642e-05], 'rotation_matrix': [[0.9999994967012933, 0.00016333491556874477, 0.0009899085133383816], [-0.0001588270216930238, 0.9999896259887171, -0.004552218022255334], [-0.0009906417801626107, 0.00455205850690897, 0.9999891486372302]]}","[-0.18079416832074185, 0.02397863638443637, -0.0001887190325175275]",527,,"{'step': 630, 'failure': 'INSERTION_LATERAL_INTERFERENCE'}","{'step': 642, 'failure': 'INSERTION_LATERAL_INTERFERENCE'}",12,True,0,False,disabled,,,[],0,0.0,1.0717662113816855,
8.0,142,v2,True,False,True,True,0.1209956453579863,0.005046624008039924,3.376126534404363e-05,0.002864297102498199,"{'position_m': [-0.12116927547033562, -4.0856793883392374e-06, -2.4291950296581243e-06], 'rotation_matrix': [[0.9999999676875634, 0.0002320682071900555, -0.00010377484680509805], [-0.00023258830504083815, 0.9999872711441423, -0.005040183763655659], [0.00010260385946009124, 0.005040207737610766, 0.9999872928084682]]}",8.681701240935424e-05,9.315050553441397e-05,True,True,0.024000003933906555,"{'position_m': [-0.3018765697504908, 0.023997867551313917, -6.876968644844642e-05], 'rotation_matrix': [[0.9999994967012933, 0.00016333491556874477, 0.0009899085133383816], [-0.0001588270216930238, 0.9999896259887171, -0.004552218022255334], [-0.0009906417801626107, 0.00455205850690897, 0.9999891486372302]]}","[-0.18079416832074185, 0.02397863638443637, -0.0001887190325175275]",527,714,"{'step': 630, 'failure': 'INSERTION_LATERAL_INTERFERENCE'}","{'step': 642, 'failure': 'INSERTION_LATERAL_INTERFERENCE'}",12,True,1,True,attempt_complete,,INSERTION_LATERAL_INTERFERENCE,"['backout', 'realign', 'reinsert', 'verify']",159,0.2496373680809466,1.3213597163173736,801
8.0,143,baseline,False,False,True,False,-0.3693886360021355,0.3760800064596686,0.19968742274575152,,"{'position_m': [-0.5904060919696098, 0.13679923038306777, -0.08880036770917152], 'rotation_matrix': [[0.9301115026973217, -0.36727726928335636, -4.229720668891207e-06], [0.367277269307195, 0.9301115026150103, 1.238940660310859e-05], [-6.162355782467412e-07, -1.3077009850348017e-05, 0.9999999999143055]]}",0.4838988369198563,0.5234817582067499,False,False,0.024000003933906555,"{'position_m': [-0.5904060919696098, 0.13679923038306777, -0.08880036770917152], 'rotation_matrix': [[0.9301115026973217, -0.36727726928335636, -4.229720668891207e-06], [0.367277269307195, 0.9301115026150103, 1.238940660310859e-05], [-6.162355782467412e-07, -1.3077009850348017e-05, 0.9999999999143055]]}","[-0.4838988369198563, 0.1788562242839465, -0.08880043827443139]",,,"{'step': 168, 'failure': 'GRASP_FAILURE'}",,,,0,False,disabled,,,[],0,0.0,1.3339098325712289,
8.0,143,v1,False,False,True,False,-0.3693886360021355,0.3760800064596686,0.19968742274575152,,"{'position_m': [-0.5904060919696098, 0.13679923038306777, -0.08880036770917152], 'rotation_matrix': [[0.9301115026973217, -0.36727726928335636, -4.229720668891207e-06], [0.367277269307195, 0.9301115026150103, 1.238940660310859e-05], [-6.162355782467412e-07, -1.3077009850348017e-05, 0.9999999999143055]]}",0.4838988369198563,0.5234817582067499,False,False,0.024000003933906555,"{'position_m': [-0.5904060919696098, 0.13679923038306777, -0.08880036770917152], 'rotation_matrix': [[0.9301115026973217, -0.36727726928335636, -4.229720668891207e-06], [0.367277269307195, 0.9301115026150103, 1.238940660310859e-05], [-6.162355782467412e-07, -1.3077009850348017e-05, 0.9999999999143055]]}","[-0.4838988369198563, 0.1788562242839465, -0.08880043827443139]",,,"{'step': 168, 'failure': 'GRASP_FAILURE'}","{'step': 170, 'failure': 'GRASP_FAILURE'}",2,True,0,False,disabled,,,[],0,0.0,1.3339098325712289,
8.0,143,v2,False,False,False,False,-0.36938841477455825,0.3760797906020496,0.19968738267110062,,"{'position_m': [-0.5904058798196172, 0.13679920776615764, -0.08880037702239696], 'rotation_matrix': [[0.9301115819704747, -0.3672770685293514, -4.1069326295221815e-06], [0.36727706855190156, 0.930111581894533, 1.1898362020884247e-05], [-5.500899185521839e-07, -1.2575186499013121e-05, 0.9999999999207809]]}",0.48389861569227904,0.523481538420352,False,False,0.024000003933906555,"{'position_m': [-0.5904058751704137, 0.1367992219234706, -0.08880037329710665], 'rotation_matrix': [[0.9301115819704401, -0.36727706852966135, -4.0869485249696325e-06], [0.3672770685520095, 0.930111581895625, 1.1809327227406472e-05], [-5.359769277038648e-07, -1.2485034503063433e-05, 0.9999999999219181]]}","[-0.4838986110430794, 0.1788561928358327, -0.08880043467193233]",,,"{'step': 168, 'failure': 'GRASP_FAILURE'}","{'step': 170, 'failure': 'GRASP_FAILURE'}",2,True,1,False,aborted,acquisition_or_attachment_unavailable_consumes_single_episode,GRASP_FAILURE,[],0,0.0,0.4846633557921399,
8.0,144,baseline,False,False,True,True,-7.982518369314962e-05,0.005634148606502084,0.0235477335978489,,"{'position_m': [-0.17754687856022075, 0.02383697140104475, 1.68532133102417e-05], 'rotation_matrix': [[0.9999946849000914, 0.003259928577067362, 5.511115790428674e-05], [-0.0032596409316035077, 0.9999841301861477, -0.0045950099946268745], [-7.008968769386384e-05, 0.004594805929103579, 0.9999894413672124]]}",0.08881358768636344,0.09188225680357785,True,True,0.02399998903274536,"{'position_m': [-0.2373613939966372, 0.023987609538525575, -9.05841588973999e-05], 'rotation_matrix': [[0.9999989691395791, 0.0002280803579855732, 0.001417638575174072], [-0.00022141734232835475, 0.9999889376539781, -0.004698461879070092], [-0.001418694519632979, 0.004698143145846003, 0.9999879573059074]]}","[-0.14862772296609067, 0.023967962344657437, -0.00021647026146635258]",529,,"{'step': 630, 'failure': 'INSERTION_DEPTH_NOT_ACHIEVED'}",,,,0,False,disabled,,,[],0,0.0,1.1828754659339353,
8.0,144,v1,False,False,True,True,-7.982518369314962e-05,0.005634148606502084,0.0235477335978489,,"{'position_m': [-0.17754687856022075, 0.02383697140104475, 1.68532133102417e-05], 'rotation_matrix': [[0.9999946849000914, 0.003259928577067362, 5.511115790428674e-05], [-0.0032596409316035077, 0.9999841301861477, -0.0045950099946268745], [-7.008968769386384e-05, 0.004594805929103579, 0.9999894413672124]]}",0.08881358768636344,0.09188225680357785,True,True,0.02399998903274536,"{'position_m': [-0.2373613939966372, 0.023987609538525575, -9.05841588973999e-05], 'rotation_matrix': [[0.9999989691395791, 0.0002280803579855732, 0.001417638575174072], [-0.00022141734232835475, 0.9999889376539781, -0.004698461879070092], [-0.001418694519632979, 0.004698143145846003, 0.9999879573059074]]}","[-0.14862772296609067, 0.023967962344657437, -0.00021647026146635258]",529,,"{'step': 630, 'failure': 'INSERTION_DEPTH_NOT_ACHIEVED'}","{'step': 642, 'failure': 'INSERTION_DEPTH_NOT_ACHIEVED'}",12,True,0,False,disabled,,,[],0,0.0,1.1828754659339353,
8.0,144,v2,True,False,True,True,0.08845747646335131,0.005023162934577614,0.00010124102665088822,0.0027903184472277305,"{'position_m': [-0.0890100330722282, -2.3014480135090056e-05, -4.313141107559204e-05], 'rotation_matrix': [[0.9999998256609364, 0.00024988359562435063, 0.0005350105470476206], [-0.0002472116857462519, 0.9999875273944977, -0.004988380681231854], [-0.0005362503885730967, 0.004988247550703009, 0.9999874148317536]]}",0.0002762860393189792,0.0002942511189441671,True,True,0.02399998903274536,"{'position_m': [-0.2373613939966372, 0.023987609538525575, -9.05841588973999e-05], 'rotation_matrix': [[0.9999989691395791, 0.0002280803579855732, 0.001417638575174072], [-0.00022141734232835475, 0.9999889376539781, -0.004698461879070092], [-0.001418694519632979, 0.004698143145846003, 0.9999879573059074]]}","[-0.14862772296609067, 0.023967962344657437, -0.00021647026146635258]",529,715,"{'step': 630, 'failure': 'INSERTION_DEPTH_NOT_ACHIEVED'}","{'step': 642, 'failure': 'INSERTION_DEPTH_NOT_ACHIEVED'}",12,True,1,True,attempt_complete,,INSERTION_DEPTH_NOT_ACHIEVED,"['backout', 'realign', 'reinsert', 'verify']",142,0.21823848016280356,1.4010815988613623,784
8.0,145,baseline,False,False,True,True,-7.719976055178823e-05,0.004764911942151628,0.023765434368206363,-0.020716957680345205,"{'position_m': [-0.19271984917266757, 0.023926640555448374, -0.00021719179978240004], 'rotation_matrix': [[0.9999926299939825, 0.0017486120631814873, 0.003417939959998716], [-0.0017389592734553079, 0.9999944974317292, -0.002825088831935727], [-0.003422861136961823, 0.0028191243526244822, 0.9999901682314286]]}",0.096398879412289,0.09928514401789705,True,True,0.024000003933906555,"{'position_m': [-0.2527835801252702, 0.02399622929603118, -8.468692796841575e-05], 'rotation_matrix': [[0.9999991404931909, 0.00012508836630210533, 0.0013051305603864135], [-0.00012290244859964922, 0.9999985899506362, -0.0016748109526659911], [-0.0013053382194538315, 0.0016746491094129597, 0.9999977458187057]]}","[-0.1564619832626725, 0.02398439112574875, -0.00021041929777981675]",531,,"{'step': 630, 'failure': 'INSERTION_LATERAL_INTERFERENCE'}",,,,0,False,disabled,,,[],0,0.0,0.9737297340264885,
8.0,145,v1,False,False,True,True,-7.719976055178823e-05,0.004764911942151628,0.023765434368206363,-0.020716957680345205,"{'position_m': [-0.19271984917266757, 0.023926640555448374, -0.00021719179978240004], 'rotation_matrix': [[0.9999926299939825, 0.0017486120631814873, 0.003417939959998716], [-0.0017389592734553079, 0.9999944974317292, -0.002825088831935727], [-0.003422861136961823, 0.0028191243526244822, 0.9999901682314286]]}",0.096398879412289,0.09928514401789705,True,True,0.024000003933906555,"{'position_m': [-0.2527835801252702, 0.02399622929603118, -8.468692796841575e-05], 'rotation_matrix': [[0.9999991404931909, 0.00012508836630210533, 0.0013051305603864135], [-0.00012290244859964922, 0.9999985899506362, -0.0016748109526659911], [-0.0013053382194538315, 0.0016746491094129597, 0.9999977458187057]]}","[-0.1564619832626725, 0.02398439112574875, -0.00021041929777981675]",531,,"{'step': 630, 'failure': 'INSERTION_LATERAL_INTERFERENCE'}","{'step': 642, 'failure': 'INSERTION_LATERAL_INTERFERENCE'}",12,True,0,False,disabled,,,[],0,0.0,0.9737297340264885,
8.0,145,v2,True,False,True,True,0.09598639128595254,0.002268263683479503,0.00015961684092099184,0.0028250620828930515,"{'position_m': [-0.09665693537779797, -5.203623439493916e-05, -6.61015170092769e-05], 'rotation_matrix': [[0.9999996611383436, 0.00019280187905364946, 0.0008003440716177322], [-0.0001911098439315245, 0.9999977479291399, -0.0021136730294381606], [-0.0008007497893179513, 0.0021135193595647993, 0.9999974459145838]]}",0.0003352883657846695,0.00037134326994864406,True,True,0.024000003933906555,"{'position_m': [-0.2527835801252702, 0.02399622929603118, -8.468692796841575e-05], 'rotation_matrix': [[0.9999991404931909, 0.00012508836630210533, 0.0013051305603864135], [-0.00012290244859964922, 0.9999985899506362, -0.0016748109526659911], [-0.0013053382194538315, 0.0016746491094129597, 0.9999977458187057]]}","[-0.1564619832626725, 0.02398439112574875, -0.00021041929777981675]",531,717,"{'step': 630, 'failure': 'INSERTION_LATERAL_INTERFERENCE'}","{'step': 642, 'failure': 'INSERTION_LATERAL_INTERFERENCE'}",12,True,1,True,attempt_complete,,INSERTION_LATERAL_INTERFERENCE,"['backout', 'realign', 'reinsert', 'verify']",151,0.226942942156017,1.200647031670376,793
8.0,146,baseline,False,False,True,True,-6.962735456743363e-05,0.005501631838155616,0.02356780854948296,-0.020494744117501774,"{'position_m': [-0.20991794459661522, 0.023866203975661908, -2.6343178327003583e-05], 'rotation_matrix': [[0.9999957653647167, 0.0028483764047282437, 0.0005966611195759233], [-0.002845559614242482, 0.9999850480529252, -0.004669738865369682], [-0.0006099533723308034, 0.004668021255943465, 0.9999889187058214]]}",0.10499400813383379,0.10760661384800026,True,True,0.024000003933906555,"{'position_m': [-0.26986245815454873, 0.023993323621710808, -7.339293529227053e-05], 'rotation_matrix': [[0.9999993382047515, 0.0002252832382406607, 0.0011282010114664405], [-0.00022029590346974603, 0.9999902128644467, -0.004418783207363905], [-0.0011291854474002481, 0.004418531744973057, 0.9999896007046495]]}","[-0.16493814681373903, 0.023970209210451038, -0.00019187201914570043]",530,,"{'step': 630, 'failure': 'INSERTION_LATERAL_INTERFERENCE'}",,,,0,False,disabled,,,[],0,0.0,1.0805130328425796,
8.0,146,v1,False,False,True,True,-6.962735456743363e-05,0.005501631838155616,0.02356780854948296,-0.020494744117501774,"{'position_m': [-0.20991794459661522, 0.023866203975661908, -2.6343178327003583e-05], 'rotation_matrix': [[0.9999957653647167, 0.0028483764047282437, 0.0005966611195759233], [-0.002845559614242482, 0.9999850480529252, -0.004669738865369682], [-0.0006099533723308034, 0.004668021255943465, 0.9999889187058214]]}",0.10499400813383379,0.10760661384800026,True,True,0.024000003933906555,"{'position_m': [-0.26986245815454873, 0.023993323621710808, -7.339293529227053e-05], 'rotation_matrix': [[0.9999993382047515, 0.0002252832382406607, 0.0011282010114664405], [-0.00022029590346974603, 0.9999902128644467, -0.004418783207363905], [-0.0011291854474002481, 0.004418531744973057, 0.9999896007046495]]}","[-0.16493814681373903, 0.023970209210451038, -0.00019187201914570043]",530,,"{'step': 630, 'failure': 'INSERTION_LATERAL_INTERFERENCE'}","{'step': 642, 'failure': 'INSERTION_LATERAL_INTERFERENCE'}",12,True,0,False,disabled,,,[],0,0.0,1.0805130328425796,
8.0,146,v2,True,False,True,True,0.1045214664612722,0.004914484587228676,0.00017619879272234788,0.002731887481633947,"{'position_m': [-0.10532724621152599, -3.532150893990363e-05, -6.762775868339875e-05], 'rotation_matrix': [[0.9999995340860326, 0.0002237464005850632, 0.0009390235705495931], [-0.00021921890239031956, 0.9999883653314633, -0.0048188323047302735], [-0.0009400908417048077, 0.004818624207852542, 0.9999879484723568]]}",0.000402914317994163,0.00043975670796647827,True,True,0.024000003933906555,"{'position_m': [-0.26986245815454873, 0.023993323621710808, -7.339293529227053e-05], 'rotation_matrix': [[0.9999993382047515, 0.0002252832382406607, 0.0011282010114664405], [-0.00022029590346974603, 0.9999902128644467, -0.004418783207363905], [-0.0011291854474002481, 0.004418531744973057, 0.9999896007046495]]}","[-0.16493814681373903, 0.023970209210451038, -0.00019187201914570043]",530,715,"{'step': 630, 'failure': 'INSERTION_LATERAL_INTERFERENCE'}","{'step': 642, 'failure': 'INSERTION_LATERAL_INTERFERENCE'}",12,True,1,True,attempt_complete,,INSERTION_LATERAL_INTERFERENCE,"['backout', 'realign', 'reinsert', 'verify']",156,0.23463979127183776,1.315108180763969,798
8.0,147,baseline,False,False,True,True,-0.000200802188004362,0.008617457731595864,0.02341571869986494,-0.02029146388255381,"{'position_m': [-0.1995340690687765, 0.02378389829544057, -0.0003381592739071602], 'rotation_matrix': [[0.9999760932999364, 0.003900649600242949, 0.00570944491979349], [-0.0038712363372881654, 0.9999792262244087, -0.0051537024412430365], [-0.005729429100433184, 0.005131476622585309, 0.9999704203574494]]}",0.09986862699278723,0.10257698835341031,True,True,0.02399998903274536,"{'position_m': [-0.25984803597911055, 0.023993241449903915, -0.00023188416005723642], 'rotation_matrix': [[0.9999929669277762, 0.00020959268975177242, 0.0037446182566513433], [-0.0001929463695675645, 0.9999901014051358, -0.004445206794372489], [-0.003745512873040835, 0.004444453020414016, 0.999983108842678]]}","[-0.16018091214533792, 0.023974010904945137, -0.0006051912808915293]",536,,"{'step': 630, 'failure': 'INSERTION_LATERAL_INTERFERENCE'}",,,,0,False,disabled,,,[],0,0.0,1.343129892776511,
8.0,147,v1,False,False,True,True,-0.000200802188004362,0.008617457731595864,0.02341571869986494,-0.02029146388255381,"{'position_m': [-0.1995340690687765, 0.02378389829544057, -0.0003381592739071602], 'rotation_matrix': [[0.9999760932999364, 0.003900649600242949, 0.00570944491979349], [-0.0038712363372881654, 0.9999792262244087, -0.0051537024412430365], [-0.005729429100433184, 0.005131476622585309, 0.9999704203574494]]}",0.09986862699278723,0.10257698835341031,True,True,0.02399998903274536,"{'position_m': [-0.25984803597911055, 0.023993241449903915, -0.00023188416005723642], 'rotation_matrix': [[0.9999929669277762, 0.00020959268975177242, 0.0037446182566513433], [-0.0001929463695675645, 0.9999901014051358, -0.004445206794372489], [-0.003745512873040835, 0.004444453020414016, 0.999983108842678]]}","[-0.16018091214533792, 0.023974010904945137, -0.0006051912808915293]",536,,"{'step': 630, 'failure': 'INSERTION_LATERAL_INTERFERENCE'}","{'step': 642, 'failure': 'INSERTION_LATERAL_INTERFERENCE'}",12,True,0,False,disabled,,,[],0,0.0,1.343129892776511,
8.0,147,v2,True,False,True,True,0.09883268666517761,0.005330638549179041,0.0004648745474116427,0.0024466845398725574,"{'position_m': [-0.10050258242345582, -7.229024449467344e-05, -0.00018145138838416463], 'rotation_matrix': [[0.9999961821085888, 0.0001743019240843279, 0.0027577866279230577], [-0.0001617287830751094, 0.999989595956704, -0.004558708385974619], [-0.0027585525274345947, 0.004558244967845712, 0.9999858062946524]]}",0.0008351381396052571,0.0009558054493747718,True,True,0.02399998903274536,"{'position_m': [-0.25984803597911055, 0.023993241449903915, -0.00023188416005723642], 'rotation_matrix': [[0.9999929669277762, 0.00020959268975177242, 0.0037446182566513433], [-0.0001929463695675645, 0.9999901014051358, -0.004445206794372489], [-0.003745512873040835, 0.004444453020414016, 0.999983108842678]]}","[-0.16018091214533792, 0.023974010904945137, -0.0006051912808915293]",536,719,"{'step': 630, 'failure': 'INSERTION_LATERAL_INTERFERENCE'}","{'step': 642, 'failure': 'INSERTION_LATERAL_INTERFERENCE'}",12,True,1,True,attempt_complete,,INSERTION_LATERAL_INTERFERENCE,"['backout', 'realign', 'reinsert', 'verify']",164,0.23054057381160692,1.5736454027396194,806
8.0,148,baseline,False,False,True,True,-0.00014997481162000448,0.008066316492880412,0.023494221261602385,-0.02040062755717372,"{'position_m': [-0.21617998520256207, 0.02382668202996883, -0.0003678053617477417], 'rotation_matrix': [[0.9999771808184554, 0.0033033294640245413, 0.0058928649081360154], [-0.003277324028986225, 0.999984873413956, -0.004417249198605763], [-0.005907367398635633, 0.00439783557283137, 0.9999728806586163]]}",0.108166212428159,0.11068833698155714,True,True,0.02399998903274536,"{'position_m': [-0.2763040053218531, 0.023938926707688803, -0.00018250197172164917], 'rotation_matrix': [[0.9999952557925056, 0.0010434671265690506, 0.0028982009655902988], [-0.0010339209852705644, 0.9999940423637423, -0.0032933636934992377], [-0.0029016202159131478, 0.003290351558300666, 0.999990377047072]]}","[-0.16828828015675812, 0.02382724645286709, -0.0004959240704366769]",533,,"{'step': 630, 'failure': 'INSERTION_LATERAL_INTERFERENCE'}",,,,0,False,disabled,,,[],0,0.0,1.4416477610077367,
8.0,148,v1,False,False,True,True,-0.00014997481162000448,0.008066316492880412,0.023494221261602385,-0.02040062755717372,"{'position_m': [-0.21617998520256207, 0.02382668202996883, -0.0003678053617477417], 'rotation_matrix': [[0.9999771808184554, 0.0033033294640245413, 0.0058928649081360154], [-0.003277324028986225, 0.999984873413956, -0.004417249198605763], [-0.005907367398635633, 0.00439783557283137, 0.9999728806586163]]}",0.108166212428159,0.11068833698155714,True,True,0.02399998903274536,"{'position_m': [-0.2763040053218531, 0.023938926707688803, -0.00018250197172164917], 'rotation_matrix': [[0.9999952557925056, 0.0010434671265690506, 0.0028982009655902988], [-0.0010339209852705644, 0.9999940423637423, -0.0032933636934992377], [-0.0029016202159131478, 0.003290351558300666, 0.999990377047072]]}","[-0.16828828015675812, 0.02382724645286709, -0.0004959240704366769]",533,,"{'step': 630, 'failure': 'INSERTION_LATERAL_INTERFERENCE'}","{'step': 642, 'failure': 'INSERTION_LATERAL_INTERFERENCE'}",12,True,0,False,disabled,,,[],0,0.0,1.4416477610077367,
8.0,148,v2,True,False,True,True,0.10751125634609594,0.00329926986871998,0.0002524032000006291,0.0027080738217474774,"{'position_m': [-0.10852111816555454, -5.7194688787899006e-05, -9.572505950927734e-05], 'rotation_matrix': [[0.9999990675343843, 0.00011461615013903676, 0.0013608061949204255], [-0.00011052863027485192, 0.9999954835434306, -0.0030034440501279817], [-0.0013611442920925302, 0.0030032908414748824, 0.9999945637503924]]}",0.0005049812704430584,0.0005645471272346028,True,True,0.02399998903274536,"{'position_m': [-0.2763040053218531, 0.023938926707688803, -0.00018250197172164917], 'rotation_matrix': [[0.9999952557925056, 0.0010434671265690506, 0.0028982009655902988], [-0.0010339209852705644, 0.9999940423637423, -0.0032933636934992377], [-0.0029016202159131478, 0.003290351558300666, 0.999990377047072]]}","[-0.16828828015675812, 0.02382724645286709, -0.0004959240704366769]",533,717,"{'step': 630, 'failure': 'INSERTION_LATERAL_INTERFERENCE'}","{'step': 642, 'failure': 'INSERTION_LATERAL_INTERFERENCE'}",12,True,1,True,attempt_complete,,INSERTION_LATERAL_INTERFERENCE,"['backout', 'realign', 'reinsert', 'verify']",163,0.23899253611953342,1.6806133727459016,805
8.0,149,baseline,False,False,True,True,-9.127779288015114e-05,0.007459650126653018,0.02360833112630569,,"{'position_m': [-0.24059514308177343, 0.02402992495879345, -0.00020344598554937666], 'rotation_matrix': [[0.9999938274001094, 0.0035118030564054927, -0.00011135965653456417], [-0.003512459805985491, 0.9999721819195099, -0.006580122585936873], [8.824846411385957e-05, 0.0065804731157905055, 0.9999783445584113]]}",0.12034358157200536,0.12263739610798659,True,True,0.024000003933906555,"{'position_m': [-0.30022780351088635, 0.023989480016335774, 2.087624036216139e-05], 'rotation_matrix': [[0.9999998956290148, 0.00023433856090020002, -0.00039220836116403836], [-0.00023682262848791127, 0.9999798389197823, -0.006345523541011378], [0.0003907134529650472, 0.00634561576253784, 0.999979790047575]]}","[-0.17997551228261255, 0.023961001549673074, 6.78604331987052e-05]",528,,"{'step': 630, 'failure': 'INSERTION_DEPTH_NOT_ACHIEVED'}",,,,0,False,disabled,,,[],0,0.0,1.1436480701464407,
8.0,149,v1,False,False,True,True,-9.127779288015114e-05,0.007459650126653018,0.02360833112630569,,"{'position_m': [-0.24059514308177343, 0.02402992495879345, -0.00020344598554937666], 'rotation_matrix': [[0.9999938274001094, 0.0035118030564054927, -0.00011135965653456417], [-0.003512459805985491, 0.9999721819195099, -0.006580122585936873], [8.824846411385957e-05, 0.0065804731157905055, 0.9999783445584113]]}",0.12034358157200536,0.12263739610798659,True,True,0.024000003933906555,"{'position_m': [-0.30022780351088635, 0.023989480016335774, 2.087624036216139e-05], 'rotation_matrix': [[0.9999998956290148, 0.00023433856090020002, -0.00039220836116403836], [-0.00023682262848791127, 0.9999798389197823, -0.006345523541011378], [0.0003907134529650472, 0.00634561576253784, 0.999979790047575]]}","[-0.17997551228261255, 0.023961001549673074, 6.78604331987052e-05]",528,,"{'step': 630, 'failure': 'INSERTION_DEPTH_NOT_ACHIEVED'}","{'step': 642, 'failure': 'INSERTION_DEPTH_NOT_ACHIEVED'}",12,True,0,False,disabled,,,[],0,0.0,1.1436480701464407,
8.0,149,v2,True,False,True,True,0.11993867881189703,0.0069525187737954075,9.692561603045736e-05,0.0027538776377255478,"{'position_m': [-0.12056591648623369, -2.362701417146766e-05, -3.604561760683486e-05], 'rotation_matrix': [[0.9999998980466958, 0.00031948601957384955, 0.00031911640780183265], [-0.00031726437006335766, 0.9999758826100144, -0.006937834074292503], [-0.0003213252525398345, 0.006937732122691296, 0.9999758820206994]]}",0.0003136249672281849,0.00032826086442304343,True,True,0.024000003933906555,"{'position_m': [-0.30022780351088635, 0.023989480016335774, 2.087624036216139e-05], 'rotation_matrix': [[0.9999998956290148, 0.00023433856090020002, -0.00039220836116403836], [-0.00023682262848791127, 0.9999798389197823, -0.006345523541011378], [0.0003907134529650472, 0.00634561576253784, 0.999979790047575]]}","[-0.17997551228261255, 0.023961001549673074, 6.78604331987052e-05]",528,716,"{'step': 630, 'failure': 'INSERTION_DEPTH_NOT_ACHIEVED'}","{'step': 642, 'failure': 'INSERTION_DEPTH_NOT_ACHIEVED'}",12,True,1,True,attempt_complete,,INSERTION_DEPTH_NOT_ACHIEVED,"['backout', 'realign', 'reinsert', 'verify']",163,0.25086711008273277,1.3944774883398665,805
8.0,150,baseline,False,False,True,True,-6.09366691788904e-05,0.004539582809049698,0.023525785944577833,-0.020468712128577163,"{'position_m': [-0.24274712203833307, 0.02387756525312475, -3.80589510212937e-05], 'rotation_matrix': [[0.9999956047602031, 0.0029033280845647855, 0.0006009544982319549], [-0.002901245071607104, 0.9999898796960629, -0.003438500034618532], [-0.0006109315101090658, 0.0034367414053100838, 0.999993907767044]]}",0.12140429602033703,0.12366270940143484,True,True,0.024000003933906555,"{'position_m': [-0.3024976442304737, 0.02399476722442898, 6.852838673008616e-06], 'rotation_matrix': [[0.999999987756302, 9.704969885226855e-05, -0.000122754842951241], [-9.743947033770104e-05, 0.9999949416092754, -0.003179191943077572], [0.00012244568238861274, 0.003179203865319385, 0.9999949388221109]]}","[-0.18115428636500702, 0.023982943591764803, 2.171080911208783e-05]",528,,"{'step': 630, 'failure': 'INSERTION_LATERAL_INTERFERENCE'}",,,,0,False,disabled,,,[],0,0.0,0.9983960036436947,
8.0,150,v1,False,False,True,True,-6.09366691788904e-05,0.004539582809049698,0.023525785944577833,-0.020468712128577163,"{'position_m': [-0.24274712203833307, 0.02387756525312475, -3.80589510212937e-05], 'rotation_matrix': [[0.9999956047602031, 0.0029033280845647855, 0.0006009544982319549], [-0.002901245071607104, 0.9999898796960629, -0.003438500034618532], [-0.0006109315101090658, 0.0034367414053100838, 0.999993907767044]]}",0.12140429602033703,0.12366270940143484,True,True,0.024000003933906555,"{'position_m': [-0.3024976442304737, 0.02399476722442898, 6.852838673008616e-06], 'rotation_matrix': [[0.999999987756302, 9.704969885226855e-05, -0.000122754842951241], [-9.743947033770104e-05, 0.9999949416092754, -0.003179191943077572], [0.00012244568238861274, 0.003179203865319385, 0.9999949388221109]]}","[-0.18115428636500702, 0.023982943591764803, 2.171080911208783e-05]",528,,"{'step': 630, 'failure': 'INSERTION_LATERAL_INTERFERENCE'}","{'step': 642, 'failure': 'INSERTION_LATERAL_INTERFERENCE'}",12,True,0,False,disabled,,,[],0,0.0,0.9983960036436947,
8.0,150,v2,True,False,True,True,0.12123163023148703,0.0035455905694222723,4.8247779759059257e-05,0.002903541628199429,"{'position_m': [-0.12145508529048284, -1.2185417511545814e-05, -1.713696446253338e-05], 'rotation_matrix': [[0.9999999737905194, 0.0001833008331161066, 0.00013718514969088955], [-0.00018281429955367286, 0.9999937238547336, -0.0035381958785163686], [-0.0001378328429492215, 0.0035381707063750424, 0.9999937311554311]]}",0.00011172911967111121,0.00012170145617107535,True,True,0.024000003933906555,"{'position_m': [-0.3024976442304737, 0.02399476722442898, 6.852838673008616e-06], 'rotation_matrix': [[0.999999987756302, 9.704969885226855e-05, -0.000122754842951241], [-9.743947033770104e-05, 0.9999949416092754, -0.003179191943077572], [0.00012244568238861274, 0.003179203865319385, 0.9999949388221109]]}","[-0.18115428636500702, 0.023982943591764803, 2.171080911208783e-05]",528,715,"{'step': 630, 'failure': 'INSERTION_LATERAL_INTERFERENCE'}","{'step': 642, 'failure': 'INSERTION_LATERAL_INTERFERENCE'}",12,True,1,True,attempt_complete,,INSERTION_LATERAL_INTERFERENCE,"['backout', 'realign', 'reinsert', 'verify']",161,0.250561982640687,1.248908566365698,803
8.0,151,baseline,False,False,True,True,-7.210630412320118e-05,0.005245611819103627,0.023663689798865902,-0.02059036413101216,"{'position_m': [-0.23165511129974464, 0.023911197081668167, -0.00013239545765511272], 'rotation_matrix': [[0.999995288294246, 0.002173732015645871, 0.0021675512524186396], [-0.002164492501693864, 0.9999886009754448, -0.004255924268879427], [-0.002176777783288117, 0.004251212567783664, 0.9999885943500483]]}",0.11586388159032086,0.11825569445939102,True,True,0.024000003933906555,"{'position_m': [-0.29170606190525167, 0.02399510354220721, -1.5242207739610606e-05], 'rotation_matrix': [[0.9999999630942653, 0.00010842739164310266, 0.00024910834600074086], [-0.00010761689217673563, 0.9999947086705446, -0.0032513150442011244], [-0.000249459559496065, 0.0032512881159429442, 0.9999946834336246]]}","[-0.17591429089243454, 0.023982642391211284, -4.412757299577282e-05]",531,,"{'step': 630, 'failure': 'INSERTION_LATERAL_INTERFERENCE'}",,,,0,False,disabled,,,[],0,0.0,1.1262759712321397,
8.0,151,v1,False,False,True,True,-7.210630412320118e-05,0.005245611819103627,0.023663689798865902,-0.02059036413101216,"{'position_m': [-0.23165511129974464, 0.023911197081668167, -0.00013239545765511272], 'rotation_matrix': [[0.999995288294246, 0.002173732015645871, 0.0021675512524186396], [-0.002164492501693864, 0.9999886009754448, -0.004255924268879427], [-0.002176777783288117, 0.004251212567783664, 0.9999885943500483]]}",0.11586388159032086,0.11825569445939102,True,True,0.024000003933906555,"{'position_m': [-0.29170606190525167, 0.02399510354220721, -1.5242207739610606e-05], 'rotation_matrix': [[0.9999999630942653, 0.00010842739164310266, 0.00024910834600074086], [-0.00010761689217673563, 0.9999947086705446, -0.0032513150442011244], [-0.000249459559496065, 0.0032512881159429442, 0.9999946834336246]]}","[-0.17591429089243454, 0.023982642391211284, -4.412757299577282e-05]",531,,"{'step': 630, 'failure': 'INSERTION_LATERAL_INTERFERENCE'}","{'step': 642, 'failure': 'INSERTION_LATERAL_INTERFERENCE'}",12,True,0,False,disabled,,,[],0,0.0,1.1262759712321397,
8.0,151,v2,True,False,True,True,0.11540777431950164,0.00366249920006297,0.00022719521882040878,0.002726222825882099,"{'position_m': [-0.11617569510147012, -5.4078150861148904e-05, -7.975039557860392e-05], 'rotation_matrix': [[0.9999992991607274, 0.00015128922473407367, 0.0011742187293185327], [-0.00014721864013741317, 0.9999939827581688, -0.003465944911123837], [-0.0011747360238790509, 0.0034657696151689735, 0.9999933041957074]]}",0.00038400096669602424,0.0004461775542072175,True,True,0.024000003933906555,"{'position_m': [-0.29170606190525167, 0.02399510354220721, -1.5242207739610606e-05], 'rotation_matrix': [[0.9999999630942653, 0.00010842739164310266, 0.00024910834600074086], [-0.00010761689217673563, 0.9999947086705446, -0.0032513150442011244], [-0.000249459559496065, 0.0032512881159429442, 0.9999946834336246]]}","[-0.17591429089243454, 0.023982642391211284, -4.412757299577282e-05]",531,717,"{'step': 630, 'failure': 'INSERTION_LATERAL_INTERFERENCE'}","{'step': 642, 'failure': 'INSERTION_LATERAL_INTERFERENCE'}",12,True,1,True,attempt_complete,,INSERTION_LATERAL_INTERFERENCE,"['backout', 'realign', 'reinsert', 'verify']",165,0.24675587675877905,1.372988541129443,807
8.0,152,baseline,False,False,True,True,-0.0001243488805602183,0.007306874340331583,0.02340979432536951,-0.020278467271221123,"{'position_m': [-0.2460215302075489, 0.02382567377699799, -0.00013620277426096527], 'rotation_matrix': [[0.9999915767113855, 0.003426404393154349, 0.002259703345922066], [-0.003412681619252438, 0.9999758814858489, -0.006048971050111741], [-0.0022803750662151066, 0.0060412084498091745, 0.9999791516276842]]}",0.12307345736196738,0.1252800637666828,True,True,0.024000003933906555,"{'position_m': [-0.30587384592181316, 0.02399194955823233, -0.00015079069606791935], 'rotation_matrix': [[0.9999972589408727, 0.00020318468351182816, 0.002332557979120382], [-0.00018946633115447017, 0.9999826949166729, -0.0058799634095487874], [-0.002333712332514618, 0.005879505351018905, 0.9999799924016363]]}","[-0.182925074451182, 0.023968654841729647, -0.0004377185468026569]",530,,"{'step': 630, 'failure': 'INSERTION_LATERAL_INTERFERENCE'}",,,,0,False,disabled,,,[],0,0.0,1.185681448686624,
8.0,152,v1,False,False,True,True,-0.0001243488805602183,0.007306874340331583,0.02340979432536951,-0.020278467271221123,"{'position_m': [-0.2460215302075489, 0.02382567377699799, -0.00013620277426096527], 'rotation_matrix': [[0.9999915767113855, 0.003426404393154349, 0.002259703345922066], [-0.003412681619252438, 0.9999758814858489, -0.006048971050111741], [-0.0022803750662151066, 0.0060412084498091745, 0.9999791516276842]]}",0.12307345736196738,0.1252800637666828,True,True,0.024000003933906555,"{'position_m': [-0.30587384592181316, 0.02399194955823233, -0.00015079069606791935], 'rotation_matrix': [[0.9999972589408727, 0.00020318468351182816, 0.002332557979120382], [-0.00018946633115447017, 0.9999826949166729, -0.0058799634095487874], [-0.002333712332514618, 0.005879505351018905, 0.9999799924016363]]}","[-0.182925074451182, 0.023968654841729647, -0.0004377185468026569]",530,,"{'step': 630, 'failure': 'INSERTION_LATERAL_INTERFERENCE'}","{'step': 642, 'failure': 'INSERTION_LATERAL_INTERFERENCE'}",12,True,0,False,disabled,,,[],0,0.0,1.185681448686624,
8.0,152,v2,True,False,True,True,0.1224338409975158,0.006418530746534974,0.00027104607208342164,0.0025962412856650775,"{'position_m': [-0.12346425660205197, -3.600511955429809e-05, -9.445036035193779e-05], 'rotation_matrix': [[0.9999990291654162, 0.0002272237857162593, 0.00137478637489277], [-0.0002186057257508246, 0.99998034729108, -0.006265560082538293], [-0.001376183040897904, 0.006265253463542641, 0.9999794261479962]]}",0.0005152674838913712,0.0005822083417021744,True,True,0.024000003933906555,"{'position_m': [-0.30587384592181316, 0.02399194955823233, -0.00015079069606791935], 'rotation_matrix': [[0.9999972589408727, 0.00020318468351182816, 0.002332557979120382], [-0.00018946633115447017, 0.9999826949166729, -0.0058799634095487874], [-0.002333712332514618, 0.005879505351018905, 0.9999799924016363]]}","[-0.182925074451182, 0.023968654841729647, -0.0004377185468026569]",530,716,"{'step': 630, 'failure': 'INSERTION_LATERAL_INTERFERENCE'}","{'step': 642, 'failure': 'INSERTION_LATERAL_INTERFERENCE'}",12,True,1,True,attempt_complete,,INSERTION_LATERAL_INTERFERENCE,"['backout', 'realign', 'reinsert', 'verify']",170,0.2540912214396586,1.4397051501095104,812
8.0,153,baseline,False,False,True,True,-0.0001049093034764248,0.006095991518087322,0.02352730735324702,-0.02043486627784298,"{'position_m': [-0.18192020757502483, 0.02383334523461695, -0.00011029094457626345], 'rotation_matrix': [[0.9999924803818259, 0.003393951205180514, 0.0018762395956865542], [-0.00338508900941404, 0.9999831946427729, -0.00470654910022319], [-0.001892181862800849, 0.004700162470736653, 0.9999871639778917]]}",0.09101290023594102,0.09400469243953466,True,True,0.024000003933906555,"{'position_m': [-0.24204452513486763, 0.023991117718945215, -3.054365515708924e-05], 'rotation_matrix': [[0.9999998539998939, 0.0001970045277039205, 0.0005031792994405247], [-0.00019536192420559155, 0.9999946592256772, -0.003262415338473076], [-0.0005038193226663724, 0.003262316560083931, 0.999994551713534]]}","[-0.15113654747497934, 0.023973357758910983, -7.634485757364429e-05]",533,,"{'step': 630, 'failure': 'INSERTION_LATERAL_INTERFERENCE'}",,,,0,False,disabled,,,[],0,0.0,1.2592179260949572,
8.0,153,v1,False,False,True,True,-0.0001049093034764248,0.006095991518087322,0.02352730735324702,-0.02043486627784298,"{'position_m': [-0.18192020757502483, 0.02383334523461695, -0.00011029094457626345], 'rotation_matrix': [[0.9999924803818259, 0.003393951205180514, 0.0018762395956865542], [-0.00338508900941404, 0.9999831946427729, -0.00470654910022319], [-0.001892181862800849, 0.004700162470736653, 0.9999871639778917]]}",0.09101290023594102,0.09400469243953466,True,True,0.024000003933906555,"{'position_m': [-0.24204452513486763, 0.023991117718945215, -3.054365515708924e-05], 'rotation_matrix': [[0.9999998539998939, 0.0001970045277039205, 0.0005031792994405247], [-0.00019536192420559155, 0.9999946592256772, -0.003262415338473076], [-0.0005038193226663724, 0.003262316560083931, 0.999994551713534]]}","[-0.15113654747497934, 0.023973357758910983, -7.634485757364429e-05]",533,,"{'step': 630, 'failure': 'INSERTION_LATERAL_INTERFERENCE'}","{'step': 642, 'failure': 'INSERTION_LATERAL_INTERFERENCE'}",12,True,0,False,disabled,,,[],0,0.0,1.2592179260949572,
8.0,153,v2,True,False,True,True,0.09036308686810718,0.0037873797226296558,0.00024458716149014834,0.0026950149343847284,"{'position_m': [-0.09145279946826529, -5.1928113998449916e-05, -0.0001036934554576874], 'rotation_matrix': [[0.9999989491731612, 0.0002119563769159787, 0.001434129376122113], [-0.00020693715458127386, 0.9999938567787776, -0.0034990829826429025], [-0.0014348622188996233, 0.0034987825310601973, 0.9999928498200439]]}",0.000544904064357421,0.0005972799334642377,True,True,0.024000003933906555,"{'position_m': [-0.24204452513486763, 0.023991117718945215, -3.054365515708924e-05], 'rotation_matrix': [[0.9999998539998939, 0.0001970045277039205, 0.0005031792994405247], [-0.00019536192420559155, 0.9999946592256772, -0.003262415338473076], [-0.0005038193226663724, 0.003262316560083931, 0.999994551713534]]}","[-0.15113654747497934, 0.023973357758910983, -7.634485757364429e-05]",533,717,"{'step': 630, 'failure': 'INSERTION_LATERAL_INTERFERENCE'}","{'step': 642, 'failure': 'INSERTION_LATERAL_INTERFERENCE'}",12,True,1,True,attempt_complete,,INSERTION_LATERAL_INTERFERENCE,"['backout', 'realign', 'reinsert', 'verify']",150,0.2212146868279987,1.4803605643521718,792
8.0,154,baseline,False,False,True,True,-7.650658492931728e-05,0.004799549286847207,0.02349024044957401,,"{'position_m': [-0.210693836521532, 0.02383521763015462, 5.790591239929198e-05], 'rotation_matrix': [[0.9999945877523995, 0.0032764053293482275, -0.00029938942139903134], [-0.0032774315241565254, 0.9999885253049232, -0.0034939520730141917], [0.00028793838280420056, 0.0034949143912081622, 0.9999938513135394]]}",0.1053854565322865,0.10797169001593543,True,True,0.024000003933906555,"{'position_m': [-0.27019422452155756, 0.023991441992799123, 0.00015410780906677243], 'rotation_matrix': [[0.999996806615942, 0.00015069288910913586, -0.002522706794381456], [-0.00016113348848766226, 0.9999914214944274, -0.004138958027361872], [0.002522061441784119, 0.004139351302625503, 0.9999882524194355]]}","[-0.1648856108661223, 0.023974473194325132, 0.00041970345120377573]",527,,"{'step': 630, 'failure': 'INSERTION_DEPTH_NOT_ACHIEVED'}",,,,0,False,disabled,,,[],0,0.0,1.1350536263040474,
8.0,154,v1,False,False,True,True,-7.650658492931728e-05,0.004799549286847207,0.02349024044957401,,"{'position_m': [-0.210693836521532, 0.02383521763015462, 5.790591239929198e-05], 'rotation_matrix': [[0.9999945877523995, 0.0032764053293482275, -0.00029938942139903134], [-0.0032774315241565254, 0.9999885253049232, -0.0034939520730141917], [0.00028793838280420056, 0.0034949143912081622, 0.9999938513135394]]}",0.1053854565322865,0.10797169001593543,True,True,0.024000003933906555,"{'position_m': [-0.27019422452155756, 0.023991441992799123, 0.00015410780906677243], 'rotation_matrix': [[0.999996806615942, 0.00015069288910913586, -0.002522706794381456], [-0.00016113348848766226, 0.9999914214944274, -0.004138958027361872], [0.002522061441784119, 0.004139351302625503, 0.9999882524194355]]}","[-0.1648856108661223, 0.023974473194325132, 0.00041970345120377573]",527,,"{'step': 630, 'failure': 'INSERTION_DEPTH_NOT_ACHIEVED'}","{'step': 642, 'failure': 'INSERTION_DEPTH_NOT_ACHIEVED'}",12,True,0,False,disabled,,,[],0,0.0,1.1350536263040474,
8.0,154,v2,True,False,True,True,0.10544385246084119,0.004509258322785715,0.00014805169588377095,0.002758295388883482,"{'position_m': [-0.1051740010555055, 1.908736457727909e-05, 5.2213668823242174e-05], 'rotation_matrix': [[0.9999995595970933, 0.0002290654313402319, -0.0009101289178431359], [-0.00023307732385899335, 0.999990247017696, -0.004410390509715878], [0.0009091097733674187, 0.004410600697779617, 0.9999898600090424]]}",0.0001349025134840115,0.00020029476478022212,True,True,0.024000003933906555,"{'position_m': [-0.27019422452155756, 0.023991441992799123, 0.00015410780906677243], 'rotation_matrix': [[0.999996806615942, 0.00015069288910913586, -0.002522706794381456], [-0.00016113348848766226, 0.9999914214944274, -0.004138958027361872], [0.002522061441784119, 0.004139351302625503, 0.9999882524194355]]}","[-0.1648856108661223, 0.023974473194325132, 0.00041970345120377573]",527,713,"{'step': 630, 'failure': 'INSERTION_DEPTH_NOT_ACHIEVED'}","{'step': 642, 'failure': 'INSERTION_DEPTH_NOT_ACHIEVED'}",12,True,1,True,attempt_complete,,INSERTION_DEPTH_NOT_ACHIEVED,"['backout', 'realign', 'reinsert', 'verify']",146,0.23323152190632943,1.3682396607710214,788
8.0,155,baseline,False,False,True,True,-8.643198150395937e-05,0.007471983434012608,0.024342088855874154,,"{'position_m': [-0.22227190594845248, 0.024657177665084105, -0.001701703982548824], 'rotation_matrix': [[0.9999943336129975, 0.003363767326288242, -0.000133458873317488], [-0.003364582739508255, 0.9999720923328489, -0.0066703926760628895], [0.00011101749985442048, 0.006670803912458129, 0.9999777437774682]]}",0.11117948371309042,0.11381306993740486,True,True,0.024000003933906555,"{'position_m': [-0.282315527750315, 0.023987787638857144, -5.9975682649004674e-05], 'rotation_matrix': [[0.9999995113134448, 0.0002564240446072733, 0.0009547877149460004], [-0.0002500111449330385, 0.9999774521244916, -0.006710643563538988], [-0.0009564869568759473, 0.00671040157656792, 0.9999770275578245]]}","[-0.17122253030840928, 0.023960013137799625, -0.000166234737629812]",532,,"{'step': 630, 'failure': 'INSERTION_DEPTH_NOT_ACHIEVED'}",,,,0,False,disabled,,,[],0,0.0,0.9318386170292595,
8.0,155,v1,False,False,True,True,-8.643198150395937e-05,0.007471983434012608,0.024342088855874154,,"{'position_m': [-0.22227190594845248, 0.024657177665084105, -0.001701703982548824], 'rotation_matrix': [[0.9999943336129975, 0.003363767326288242, -0.000133458873317488], [-0.003364582739508255, 0.9999720923328489, -0.0066703926760628895], [0.00011101749985442048, 0.006670803912458129, 0.9999777437774682]]}",0.11117948371309042,0.11381306993740486,True,True,0.024000003933906555,"{'position_m': [-0.282315527750315, 0.023987787638857144, -5.9975682649004674e-05], 'rotation_matrix': [[0.9999995113134448, 0.0002564240446072733, 0.0009547877149460004], [-0.0002500111449330385, 0.9999774521244916, -0.006710643563538988], [-0.0009564869568759473, 0.00671040157656792, 0.9999770275578245]]}","[-0.17122253030840928, 0.023960013137799625, -0.000166234737629812]",532,,"{'step': 630, 'failure': 'INSERTION_DEPTH_NOT_ACHIEVED'}","{'step': 642, 'failure': 'INSERTION_DEPTH_NOT_ACHIEVED'}",12,True,0,False,disabled,,,[],0,0.0,0.9318386170292595,
8.0,155,v2,False,False,False,True,-0.00011831910787278577,0.007942006974108302,0.012019308740286418,-0.001015211911544113,"{'position_m': [-0.22230309489830619, 0.004554756071020547, -0.011320127865693154], 'rotation_matrix': [[0.9999880490028961, 0.0048885999765436155, 5.8665586567662675e-05], [-0.004888137046892544, 0.9999684651637241, -0.006258977098288214], [-8.926137185387392e-05, 0.006258615531843961, 0.9999804106901458]]}",0.11121137083945924,0.11185898616823796,True,True,0.024000003933906555,"{'position_m': [-0.282315527750315, 0.023987787638857144, -5.9975682649004674e-05], 'rotation_matrix': [[0.9999995113134448, 0.0002564240446072733, 0.0009547877149460004], [-0.0002500111449330385, 0.9999774521244916, -0.006710643563538988], [-0.0009564869568759473, 0.00671040157656792, 0.9999770275578245]]}","[-0.17122253030840928, 0.023960013137799625, -0.000166234737629812]",532,718,"{'step': 630, 'failure': 'INSERTION_DEPTH_NOT_ACHIEVED'}","{'step': 642, 'failure': 'INSERTION_DEPTH_NOT_ACHIEVED'}",12,True,1,False,aborted,reinsert_physical_effect_not_completed,INSERTION_DEPTH_NOT_ACHIEVED,"['backout', 'realign']",174,0.14196253438070958,1.0737610837468734,
8.0,156,baseline,False,False,True,True,-9.210872946578685e-05,0.005508237713331977,0.023618376875945434,-0.020532620365461322,"{'position_m': [-0.19518113864867825, 0.02387390627227337, -0.00010982900857925415], 'rotation_matrix': [[0.9999945275579465, 0.0026484720480145817, 0.0019825362469672973], [-0.002639715169156459, 0.9999868064970364, -0.004406669454861025], [-0.0019941810312454865, 0.004401412008613261, 0.9999883253390236]]}",0.09763689059315521,0.10045292494971939,True,True,0.024000003933906555,"{'position_m': [-0.25515513107743193, 0.023988669680327188, -0.00010627508163452148], 'rotation_matrix': [[0.9999985102624913, 0.00020388669635458003, 0.0017140312171161035], [-0.0001967317781880699, 0.9999912717480689, -0.004173454718514213], [-0.0017148671685147656, 0.0041731112967529635, 0.9999898221345551]]}","[-0.1576104945298628, 0.023969479521938175, -0.000273551425512497]",531,,"{'step': 630, 'failure': 'INSERTION_LATERAL_INTERFERENCE'}",,,,0,False,disabled,,,[],0,0.0,1.1280435321415039,
8.0,156,v1,False,False,True,True,-9.210872946578685e-05,0.005508237713331977,0.023618376875945434,-0.020532620365461322,"{'position_m': [-0.19518113864867825, 0.02387390627227337, -0.00010982900857925415], 'rotation_matrix': [[0.9999945275579465, 0.0026484720480145817, 0.0019825362469672973], [-0.002639715169156459, 0.9999868064970364, -0.004406669454861025], [-0.0019941810312454865, 0.004401412008613261, 0.9999883253390236]]}",0.09763689059315521,0.10045292494971939,True,True,0.024000003933906555,"{'position_m': [-0.25515513107743193, 0.023988669680327188, -0.00010627508163452148], 'rotation_matrix': [[0.9999985102624913, 0.00020388669635458003, 0.0017140312171161035], [-0.0001967317781880699, 0.9999912717480689, -0.004173454718514213], [-0.0017148671685147656, 0.0041731112967529635, 0.9999898221345551]]}","[-0.1576104945298628, 0.023969479521938175, -0.000273551425512497]",531,,"{'step': 630, 'failure': 'INSERTION_LATERAL_INTERFERENCE'}","{'step': 642, 'failure': 'INSERTION_LATERAL_INTERFERENCE'}",12,True,0,False,disabled,,,[],0,0.0,1.1280435321415039,
8.0,156,v2,True,False,True,True,0.09716086105761612,0.004656412426328416,0.00017929415105214465,0.0027357438071539814,"{'position_m': [-0.09792865246373553, -3.669431667120235e-05, -7.349997758865356e-05], 'rotation_matrix': [[0.9999994853027887, 0.00018386581661506608, 0.0009977913204404427], [-0.00017932943756088386, 0.9999896571395192, -0.004544607237165719], [-0.0009986165983448822, 0.00454442596471275, 0.9999891754201846]]}",0.00038392080607330126,0.000423723468712181,True,True,0.024000003933906555,"{'position_m': [-0.25515513107743193, 0.023988669680327188, -0.00010627508163452148], 'rotation_matrix': [[0.9999985102624913, 0.00020388669635458003, 0.0017140312171161035], [-0.0001967317781880699, 0.9999912717480689, -0.004173454718514213], [-0.0017148671685147656, 0.0041731112967529635, 0.9999898221345551]]}","[-0.1576104945298628, 0.023969479521938175, -0.000273551425512497]",531,716,"{'step': 630, 'failure': 'INSERTION_LATERAL_INTERFERENCE'}","{'step': 642, 'failure': 'INSERTION_LATERAL_INTERFERENCE'}",12,True,1,True,attempt_complete,,INSERTION_LATERAL_INTERFERENCE,"['backout', 'realign', 'reinsert', 'verify']",151,0.2280204307662993,1.3560336172242995,793
8.0,157,baseline,False,False,True,True,-4.3038763217234655e-05,0.005610116822878922,0.023701895979215536,,"{'position_m': [-0.23383499770016664, 0.02392415814354273, 2.6213633876597293e-05], 'rotation_matrix': [[0.9999981868915898, 0.001901069748036459, -0.00011021499893131057], [-0.0019016248851437155, 0.9999842688692689, -0.005276915461654928], [0.00010018148077765596, 0.005277115481619809, 0.9999860709109224]]}",0.11693912420432975,0.11931696711987451,True,True,0.02399998903274536,"{'position_m': [-0.29346095235839353, 0.023991496444660067, 9.533874271529726e-05], 'rotation_matrix': [[0.9999987395698083, 0.00014249256411849845, -0.0015813142204025238], [-0.00015058578597738692, 0.9999868859995006, -0.005119096887387765], [0.001580564049805594, 0.005119328558568252, 0.9999856470431933]]}","[-0.1765650142566364, 0.023973893555756236, 0.00028010049292652277]",527,,"{'step': 630, 'failure': 'INSERTION_DEPTH_NOT_ACHIEVED'}",,,,0,False,disabled,,,[],0,0.0,1.113791458232243,
8.0,157,v1,False,False,True,True,-4.3038763217234655e-05,0.005610116822878922,0.023701895979215536,,"{'position_m': [-0.23383499770016664, 0.02392415814354273, 2.6213633876597293e-05], 'rotation_matrix': [[0.9999981868915898, 0.001901069748036459, -0.00011021499893131057], [-0.0019016248851437155, 0.9999842688692689, -0.005276915461654928], [0.00010018148077765596, 0.005277115481619809, 0.9999860709109224]]}",0.11693912420432975,0.11931696711987451,True,True,0.02399998903274536,"{'position_m': [-0.29346095235839353, 0.023991496444660067, 9.533874271529726e-05], 'rotation_matrix': [[0.9999987395698083, 0.00014249256411849845, -0.0015813142204025238], [-0.00015058578597738692, 0.9999868859995006, -0.005119096887387765], [0.001580564049805594, 0.005119328558568252, 0.9999856470431933]]}","[-0.1765650142566364, 0.023973893555756236, 0.00028010049292652277]",527,,"{'step': 630, 'failure': 'INSERTION_DEPTH_NOT_ACHIEVED'}","{'step': 642, 'failure': 'INSERTION_DEPTH_NOT_ACHIEVED'}",12,True,0,False,disabled,,,[],0,0.0,1.113791458232243,
8.0,157,v2,True,False,True,True,0.11685854479579473,0.005440171018589554,4.1683784606222095e-05,0.0028499017421138237,"{'position_m': [-0.11693362024024523, 6.254276570183577e-06, 1.0055579137650906e-05], 'rotation_matrix': [[0.9999999499881878, 0.0002138463192066104, -0.00023300938516016673], [-0.0002151086262756456, 0.9999852293174885, -0.005430918442476148], [0.00023184456153368184, 0.005430968293194826, 0.9999852253066029]]}",3.754064531778789e-05,5.6096683948107554e-05,True,True,0.02399998903274536,"{'position_m': [-0.29346095235839353, 0.023991496444660067, 9.533874271529726e-05], 'rotation_matrix': [[0.9999987395698083, 0.00014249256411849845, -0.0015813142204025238], [-0.00015058578597738692, 0.9999868859995006, -0.005119096887387765], [0.001580564049805594, 0.005119328558568252, 0.9999856470431933]]}","[-0.1765650142566364, 0.023973893555756236, 0.00028010049292652277]",527,715,"{'step': 630, 'failure': 'INSERTION_DEPTH_NOT_ACHIEVED'}","{'step': 642, 'failure': 'INSERTION_DEPTH_NOT_ACHIEVED'}",12,True,1,True,attempt_complete,,INSERTION_DEPTH_NOT_ACHIEVED,"['backout', 'realign', 'reinsert', 'verify']",156,0.2461257229060625,1.3598586618508814,798
8.0,158,baseline,False,False,True,True,-6.459909723151303e-05,0.0044169714968043975,0.02369204126405658,-0.020634917330506375,"{'position_m': [-0.1777657939115391, 0.02389662703363004, -0.00010062716834144251], 'rotation_matrix': [[0.9999960278614693, 0.0023220809870506025, 0.0015975610074881236], [-0.0023166346025516133, 0.999991527612379, -0.003402632448378175], [-0.0016054486604463207, 0.003398917967541087, 0.9999929349206665]]}",0.08891537296817649,0.09201769595750424,True,True,0.02399998903274536,"{'position_m': [-0.23775199375763825, 0.0239924875474252, -8.254827943825594e-06], 'rotation_matrix': [[0.9999999785959006, 0.0001261427961654082, 0.00016400058886428248], [-0.0001257705671171878, 0.9999974208246551, -0.0022677137830178773], [-0.00016428622163549983, 0.002267693108032437, 0.999997415285662]]}","[-0.14890122178846407, 0.02398131273520665, -2.285178587247334e-05]",531,,"{'step': 630, 'failure': 'INSERTION_LATERAL_INTERFERENCE'}",,,,0,False,disabled,,,[],0,0.0,0.9627678446999224,
8.0,158,v1,False,False,True,True,-6.459909723151303e-05,0.0044169714968043975,0.02369204126405658,-0.020634917330506375,"{'position_m': [-0.1777657939115391, 0.02389662703363004, -0.00010062716834144251], 'rotation_matrix': [[0.9999960278614693, 0.0023220809870506025, 0.0015975610074881236], [-0.0023166346025516133, 0.999991527612379, -0.003402632448378175], [-0.0016054486604463207, 0.003398917967541087, 0.9999929349206665]]}",0.08891537296817649,0.09201769595750424,True,True,0.02399998903274536,"{'position_m': [-0.23775199375763825, 0.0239924875474252, -8.254827943825594e-06], 'rotation_matrix': [[0.9999999785959006, 0.0001261427961654082, 0.00016400058886428248], [-0.0001257705671171878, 0.9999974208246551, -0.0022677137830178773], [-0.00016428622163549983, 0.002267693108032437, 0.999997415285662]]}","[-0.14890122178846407, 0.02398131273520665, -2.285178587247334e-05]",531,,"{'step': 630, 'failure': 'INSERTION_LATERAL_INTERFERENCE'}","{'step': 642, 'failure': 'INSERTION_LATERAL_INTERFERENCE'}",12,True,0,False,disabled,,,[],0,0.0,0.9627678446999224,
8.0,158,v2,True,False,True,True,0.08860869541330864,0.002512240950723787,0.00011356703264814567,0.002857109047787,"{'position_m': [-0.08909283445163375, -3.5292938607899743e-05, -4.7907172493830696e-05], 'rotation_matrix': [[0.9999997987980658, 0.00014961648844172184, 0.0006164565957946455], [-0.00014811754461041958, 0.9999970344455851, -0.0024308766378631206], [-0.0006168184668854582, 0.002430784840728711, 0.9999968554050743]]}",0.00024207845763633828,0.0002673938117385917,True,True,0.02399998903274536,"{'position_m': [-0.23775199375763825, 0.0239924875474252, -8.254827943825594e-06], 'rotation_matrix': [[0.9999999785959006, 0.0001261427961654082, 0.00016400058886428248], [-0.0001257705671171878, 0.9999974208246551, -0.0022677137830178773], [-0.00016428622163549983, 0.002267693108032437, 0.999997415285662]]}","[-0.14890122178846407, 0.02398131273520665, -2.285178587247334e-05]",531,716,"{'step': 630, 'failure': 'INSERTION_LATERAL_INTERFERENCE'}","{'step': 642, 'failure': 'INSERTION_LATERAL_INTERFERENCE'}",12,True,1,True,attempt_complete,,INSERTION_LATERAL_INTERFERENCE,"['backout', 'realign', 'reinsert', 'verify']",144,0.2187614592603895,1.1814870260139756,786
8.0,159,baseline,False,False,True,True,-8.47284414788596e-05,0.005262799544898557,0.02363114035781027,-0.020561368033255076,"{'position_m': [-0.23319170304688577, 0.023900313650311814, -0.00016675898314635448], 'rotation_matrix': [[0.9999936403675148, 0.0023615044424928283, 0.0026725495868244182], [-0.0023511437068277534, 0.9999897349841292, -0.0038732479447289923], [-0.0026816688452888466, 0.003866939764153291, 0.9999889276532342]]}",0.11663858636403288,0.11900836367083822,True,True,0.024000003933906555,"{'position_m': [-0.29308493071064057, 0.023995753502150056, -4.462908678134676e-05], 'rotation_matrix': [[0.999999756593807, 0.00011942443038449534, 0.0006874228189095818], [-0.00011725236499814669, 0.9999950038011914, -0.0031588960948271123], [-0.0006877966337752817, 0.0031588147239809696, 0.9999947743990116]]}","[-0.1765311011580174, 0.023982087286658977, -0.00012479443791400187]",531,,"{'step': 630, 'failure': 'INSERTION_LATERAL_INTERFERENCE'}",,,,0,False,disabled,,,[],0,0.0,0.9932888522288912,
8.0,159,v1,False,False,True,True,-8.47284414788596e-05,0.005262799544898557,0.02363114035781027,-0.020561368033255076,"{'position_m': [-0.23319170304688577, 0.023900313650311814, -0.00016675898314635448], 'rotation_matrix': [[0.9999936403675148, 0.0023615044424928283, 0.0026725495868244182], [-0.0023511437068277534, 0.9999897349841292, -0.0038732479447289923], [-0.0026816688452888466, 0.003866939764153291, 0.9999889276532342]]}",0.11663858636403288,0.11900836367083822,True,True,0.024000003933906555,"{'position_m': [-0.29308493071064057, 0.023995753502150056, -4.462908678134676e-05], 'rotation_matrix': [[0.999999756593807, 0.00011942443038449534, 0.0006874228189095818], [-0.00011725236499814669, 0.9999950038011914, -0.0031588960948271123], [-0.0006877966337752817, 0.0031588147239809696, 0.9999947743990116]]}","[-0.1765311011580174, 0.023982087286658977, -0.00012479443791400187]",531,,"{'step': 630, 'failure': 'INSERTION_LATERAL_INTERFERENCE'}","{'step': 642, 'failure': 'INSERTION_LATERAL_INTERFERENCE'}",12,True,0,False,disabled,,,[],0,0.0,0.9932888522288912,
8.0,159,v2,True,False,True,True,0.11629747112274078,0.003590396129482401,0.00014393496970017248,0.0028054774339506226,"{'position_m': [-0.11681021291385872, -3.130348149871085e-05, -5.0939660000449775e-05], 'rotation_matrix': [[0.9999997270917573, 0.00016159715324387807, 0.0007209041341003736], [-0.00015906321854023092, 0.9999938145900575, -0.0035136135982995085], [-0.0007214674649678588, 0.003513497970073568, 0.9999935673876663]]}",0.00025638679981324075,0.0002940263026007441,True,True,0.024000003933906555,"{'position_m': [-0.29308493071064057, 0.023995753502150056, -4.462908678134676e-05], 'rotation_matrix': [[0.999999756593807, 0.00011942443038449534, 0.0006874228189095818], [-0.00011725236499814669, 0.9999950038011914, -0.0031588960948271123], [-0.0006877966337752817, 0.0031588147239809696, 0.9999947743990116]]}","[-0.1765311011580174, 0.023982087286658977, -0.00012479443791400187]",531,716,"{'step': 630, 'failure': 'INSERTION_LATERAL_INTERFERENCE'}","{'step': 642, 'failure': 'INSERTION_LATERAL_INTERFERENCE'}",12,True,1,True,attempt_complete,,INSERTION_LATERAL_INTERFERENCE,"['backout', 'realign', 'reinsert', 'verify']",162,0.24693886321111053,1.240185175105424,804
