slot,seed,system,point_id,command_force_y_n,episode,steps,stopped,excluded,exclusion_reason,seconds,task_success_at_end,first_task_success_step,release_success_at_end,support_stability_success_at_end,retraction_success_at_end,final_horizontal_error_m,final_reference_task_success,final_reference_failure,final_reference_release_success,final_reference_supported,final_reference_stable_frame,final_reference_support_stability_success,final_reference_support_stable_steps,final_reference_retracted,final_reference_is_grasped,final_reference_stable_steps,final_reference_max_cube_lift_m,final_reference_horizontal_error_m,final_reference_cube_table_contact_force_world_n,final_reference_bottom_height_m,final_reference_linear_speed_m_s,final_reference_angular_speed_rad_s,final_verification_status,final_verification_failure,first_reference_failure,first_detected_failure,first_failure_latency_steps,nominal_schedule_complete,controller_complete,total_observed_tcp_path_m,disturbance_attempted,disturbance_applied,recovery_state,recovery_attempts,recovery_action_steps,recovery_observed_tcp_path_m,recovery_task_success,lower_transition_step,lower_phase_timeout,recovery_release_reached,recovery_release_first_action_step,recovery_release_executed,recovery_retraction_reached,recovery_retraction_first_action_step,recovery_retraction_executed,verification_metrics,physical_effects_force_calls,physical_effects_command_integral_y_ns,physical_effects_actual_application_duration_s,physical_effects_release_support_precondition,physical_effects_peak_horizontal_displacement_from_pulse_start_m,physical_effects_peak_linear_speed_after_pulse_m_s,physical_effects_final_displacement_from_pulse_start_world_m,physical_effects_sampled_support_loss_after_pulse,physical_diagnostics_window_end_action_before_first_recovery_or_episode_end,physical_diagnostics_pulse_displacement_world_m,physical_diagnostics_pulse_delta_linear_velocity_world_m_s,physical_diagnostics_pre_intervention_peak_horizontal_displacement_m,physical_diagnostics_pre_intervention_peak_linear_speed_m_s,physical_diagnostics_pre_intervention_support_loss,physical_diagnostics_whole_episode_effects_include_recovery,final_verification_success,final_verification_confidence,final_verification_evidence_horizontal_error_m,final_verification_evidence_released_geometry,final_verification_evidence_supported_geometry,final_verification_evidence_retracted,final_verification_evidence_stable_frame,final_verification_evidence_bottom_height_m,final_verification_evidence_aperture_m,final_verification_stable_steps,final_verification_failure_persistence_steps,verification_metrics_scope,verification_metrics_complete,verification_metrics_steps,verification_metrics_uncertain_steps,verification_metrics_true_positive,verification_metrics_false_positive,verification_metrics_false_negative,verification_metrics_true_negative,verification_metrics_uncertain_on_negative,verification_metrics_failure_detection_precision,verification_metrics_failure_detection_recall,verification_metrics_diagnosis_accuracy_when_failure_detected,verification_metrics_observation_coverage,verification_metrics_confusion_NONE->NONE,recovery_reason,recovery_trigger_step,recovery_first_action_step,recovery_phase,recovery_phase_step,recovery_action_budget,recovery_candidate_persistence_steps,recovery_attempt_max_cube_lift_m,recovery_failure_detail,recovery_cached_cube_world_m,first_reference_failure_step,first_reference_failure_failure,first_detected_failure_step,first_detected_failure_failure,verification_metrics_confusion_PLACEMENT_TARGET_NOT_REACHED->NONE,verification_metrics_confusion_PLACEMENT_TARGET_NOT_REACHED->PLACEMENT_TARGET_NOT_REACHED
0,160,baseline,normal,0.0,0,800,False,False,,6.5234717631246895,True,316,True,True,True,0.0002889319520683919,True,,True,True,True,True,489,True,False,489,0.11970184370875359,0.0002889319520683919,"[0.0,0.0,0.627841591835022]",-4.304665129246932e-07,0.0,0.0,disabled,,,,,True,True,0.6975986156528332,False,False,disabled,0,0,0.0,False,,False,False,,False,False,,False,,0,0.0,0.0,True,5.482874443299202e-07,0.00041277772557802553,"[5.010515451431274e-07,-2.1513551473617554e-07,-5.587935447692871e-09]",False,800,"[5.587935447692871e-09,3.725290298461914e-09,-1.862645149230957e-08]","[3.428140189498663e-07,8.883071132004261e-07,-3.289227606728673e-06]",5.482874443299202e-07,0.00041277772557802553,False,False,,,,,,,,,,,,,,,,,,,,,,,,,,,,,,,,,,,,,,,,,
1,160,v1,normal,0.0,0,800,False,False,,6.105482760118321,True,316,True,True,True,0.0002889319520683919,True,,True,True,True,True,489,True,False,489,0.11970184370875359,0.0002889319520683919,"[0.0,0.0,0.627841591835022]",-4.304665129246932e-07,0.0,0.0,passed,,,,,True,True,0.6975986156528332,False,False,disabled,0,0,0.0,False,,False,False,,False,False,,False,,0,0.0,0.0,True,5.482874443299202e-07,0.00041277772557802553,"[5.010515451431274e-07,-2.1513551473617554e-07,-5.587935447692871e-09]",False,800,"[5.587935447692871e-09,3.725290298461914e-09,-1.862645149230957e-08]","[3.428140189498663e-07,8.883071132004261e-07,-3.289227606728673e-06]",5.482874443299202e-07,0.00041277772557802553,False,False,True,,0.0002889319520683919,True,True,True,True,-4.304665129246932e-07,0.07999995723366737,489,0,privileged_state_simulator_reference_agreement,True,800,0,0,0,0,800,0,,,,1.0,800,,,,,,,,,,,,,,,,
2,160,v2,normal,0.0,0,800,False,False,,6.180248638149351,True,316,True,True,True,0.0002889319520683919,True,,True,True,True,True,489,True,False,489,0.11970184370875359,0.0002889319520683919,"[0.0,0.0,0.627841591835022]",-4.304665129246932e-07,0.0,0.0,passed,,,,,True,True,0.6975986156528332,False,False,nominal,0,0,0.0,False,,False,False,,False,False,,False,,0,0.0,0.0,True,5.482874443299202e-07,0.00041277772557802553,"[5.010515451431274e-07,-2.1513551473617554e-07,-5.587935447692871e-09]",False,800,"[5.587935447692871e-09,3.725290298461914e-09,-1.862645149230957e-08]","[3.428140189498663e-07,8.883071132004261e-07,-3.289227606728673e-06]",5.482874443299202e-07,0.00041277772557802553,False,False,True,,0.0002889319520683919,True,True,True,True,-4.304665129246932e-07,0.07999995723366737,489,0,privileged_state_simulator_reference_agreement,True,800,0,0,0,0,800,0,,,,1.0,800,,,,,0,400,0,0.0,,,,,,,,
3,161,baseline,normal,0.0,0,800,False,False,,5.877112342044711,True,316,True,True,True,0.00023780224758594392,True,,True,True,True,True,489,True,False,489,0.11978517100214958,0.00023780224758594392,"[0.0,0.0,0.6278446316719055]",-1.6587993570058024e-07,0.0,0.0,disabled,,,,,True,True,0.7459104082974711,False,False,disabled,0,0,0.0,False,,False,False,,False,False,,False,,0,0.0,0.0,True,1.5494700031791197e-07,0.00014505831513664754,"[-4.470348358154297e-08,-2.2351741790771484e-08,-1.1175870895385742e-08]",False,800,"[1.862645149230957e-09,-1.1175870895385742e-08,-1.4901161193847656e-08]","[-2.5560439098626375e-08,-8.629467629361898e-07,-2.6544148568063974e-07]",1.5494700031791197e-07,0.00014505831513664754,False,False,,,,,,,,,,,,,,,,,,,,,,,,,,,,,,,,,,,,,,,,,
4,161,v1,normal,0.0,0,800,False,False,,6.048455650918186,True,316,True,True,True,0.00023780224758594392,True,,True,True,True,True,489,True,False,489,0.11978517100214958,0.00023780224758594392,"[0.0,0.0,0.6278446316719055]",-1.6587993570058024e-07,0.0,0.0,passed,,,,,True,True,0.7459104082974711,False,False,disabled,0,0,0.0,False,,False,False,,False,False,,False,,0,0.0,0.0,True,1.5494700031791197e-07,0.00014505831513664754,"[-4.470348358154297e-08,-2.2351741790771484e-08,-1.1175870895385742e-08]",False,800,"[1.862645149230957e-09,-1.1175870895385742e-08,-1.4901161193847656e-08]","[-2.5560439098626375e-08,-8.629467629361898e-07,-2.6544148568063974e-07]",1.5494700031791197e-07,0.00014505831513664754,False,False,True,,0.00023780224758594392,True,True,True,True,-1.6587993570058024e-07,0.07999993860721588,489,0,privileged_state_simulator_reference_agreement,True,800,0,0,0,0,800,0,,,,1.0,800,,,,,,,,,,,,,,,,
5,161,v2,normal,0.0,0,800,False,False,,6.285934253130108,True,316,True,True,True,0.00023780224758594392,True,,True,True,True,True,489,True,False,489,0.11978517100214958,0.00023780224758594392,"[0.0,0.0,0.6278446316719055]",-1.6587993570058024e-07,0.0,0.0,passed,,,,,True,True,0.7459104082974711,False,False,nominal,0,0,0.0,False,,False,False,,False,False,,False,,0,0.0,0.0,True,1.5494700031791197e-07,0.00014505831513664754,"[-4.470348358154297e-08,-2.2351741790771484e-08,-1.1175870895385742e-08]",False,800,"[1.862645149230957e-09,-1.1175870895385742e-08,-1.4901161193847656e-08]","[-2.5560439098626375e-08,-8.629467629361898e-07,-2.6544148568063974e-07]",1.5494700031791197e-07,0.00014505831513664754,False,False,True,,0.00023780224758594392,True,True,True,True,-1.6587993570058024e-07,0.07999993860721588,489,0,privileged_state_simulator_reference_agreement,True,800,0,0,0,0,800,0,,,,1.0,800,,,,,0,400,0,0.0,,,,,,,,
6,160,baseline,force-easy-v1,0.41868388652801514,0,800,False,False,,6.438908196054399,True,316,True,True,True,0.00994631562851409,True,,True,True,True,True,489,True,False,489,0.11970184370875359,0.00994631562851409,"[0.0,0.0,0.627803385257721]",-4.2113450027594923e-07,0.0,0.0,disabled,,,,,True,True,0.6975986156528332,False,False,disabled,0,0,0.0,False,,False,False,,False,False,,False,,5,0.02093419385848505,0.04999999888241291,True,0.010098159890641518,0.18018157155126563,"[-1.4703720808029175e-05,0.010097614023834467,-3.725290298461914e-09]",False,800,"[-1.0972842574119568e-05,0.0054256480652838945,1.9185245037078857e-07]","[0.0003993672871729359,0.17990287888096645,0.00015088794475559553]",0.010098159890641518,0.18018157155126563,False,False,,,,,,,,,,,,,,,,,,,,,,,,,,,,,,,,,,,,,,,,,
7,160,v1,force-easy-v1,0.41868388652801514,0,800,False,False,,6.1532143340446055,True,316,True,True,True,0.00994631562851409,True,,True,True,True,True,489,True,False,489,0.11970184370875359,0.00994631562851409,"[0.0,0.0,0.627803385257721]",-4.2113450027594923e-07,0.0,0.0,passed,,,,,True,True,0.6975986156528332,False,False,disabled,0,0,0.0,False,,False,False,,False,False,,False,,5,0.02093419385848505,0.04999999888241291,True,0.010098159890641518,0.18018157155126563,"[-1.4703720808029175e-05,0.010097614023834467,-3.725290298461914e-09]",False,800,"[-1.0972842574119568e-05,0.0054256480652838945,1.9185245037078857e-07]","[0.0003993672871729359,0.17990287888096645,0.00015088794475559553]",0.010098159890641518,0.18018157155126563,False,False,True,,0.00994631562851409,True,True,True,True,-4.2113450027594923e-07,0.07999995723366737,489,0,privileged_state_simulator_reference_agreement,True,800,0,0,0,0,800,0,,,,1.0,800,,,,,,,,,,,,,,,,
8,160,v2,force-easy-v1,0.41868388652801514,0,800,False,False,,6.113585537998006,True,316,True,True,True,0.00994631562851409,True,,True,True,True,True,489,True,False,489,0.11970184370875359,0.00994631562851409,"[0.0,0.0,0.627803385257721]",-4.2113450027594923e-07,0.0,0.0,passed,,,,,True,True,0.6975986156528332,False,False,nominal,0,0,0.0,False,,False,False,,False,False,,False,,5,0.02093419385848505,0.04999999888241291,True,0.010098159890641518,0.18018157155126563,"[-1.4703720808029175e-05,0.010097614023834467,-3.725290298461914e-09]",False,800,"[-1.0972842574119568e-05,0.0054256480652838945,1.9185245037078857e-07]","[0.0003993672871729359,0.17990287888096645,0.00015088794475559553]",0.010098159890641518,0.18018157155126563,False,False,True,,0.00994631562851409,True,True,True,True,-4.2113450027594923e-07,0.07999995723366737,489,0,privileged_state_simulator_reference_agreement,True,800,0,0,0,0,800,0,,,,1.0,800,,,,,0,400,0,0.0,,,,,,,,
9,161,baseline,force-easy-v1,0.41868388652801514,0,800,False,False,,6.216091759037226,True,316,True,True,True,0.010279313969449444,True,,True,True,True,True,489,True,False,489,0.11978517100214958,0.010279313969449444,"[0.0,0.0,0.6278418898582458]",-1.6674985789388863e-07,0.0,0.0,disabled,,,,,True,True,0.7459104082974711,False,False,disabled,0,0,0.0,False,,False,False,,False,False,,False,,5,0.02093419385848505,0.04999999888241291,True,0.010076703742620322,0.17987655553227483,"[-2.2351741790771484e-06,0.010076679289340973,-1.4901161193847656e-08]",False,800,"[-2.514570951461792e-06,0.0054130032658576965,9.12696123123169e-08]","[0.00015380743207060732,0.1799261173873674,6.946491353687634e-05]",0.010076703742620322,0.17987655553227483,False,False,,,,,,,,,,,,,,,,,,,,,,,,,,,,,,,,,,,,,,,,,
10,161,v1,force-easy-v1,0.41868388652801514,0,800,False,False,,6.443726507946849,True,316,True,True,True,0.010279313969449444,True,,True,True,True,True,489,True,False,489,0.11978517100214958,0.010279313969449444,"[0.0,0.0,0.6278418898582458]",-1.6674985789388863e-07,0.0,0.0,passed,,,,,True,True,0.7459104082974711,False,False,disabled,0,0,0.0,False,,False,False,,False,False,,False,,5,0.02093419385848505,0.04999999888241291,True,0.010076703742620322,0.17987655553227483,"[-2.2351741790771484e-06,0.010076679289340973,-1.4901161193847656e-08]",False,800,"[-2.514570951461792e-06,0.0054130032658576965,9.12696123123169e-08]","[0.00015380743207060732,0.1799261173873674,6.946491353687634e-05]",0.010076703742620322,0.17987655553227483,False,False,True,,0.010279313969449444,True,True,True,True,-1.6674985789388863e-07,0.07999993860721588,489,0,privileged_state_simulator_reference_agreement,True,800,0,0,0,0,800,0,,,,1.0,800,,,,,,,,,,,,,,,,
11,161,v2,force-easy-v1,0.41868388652801514,0,800,False,False,,6.101101136999205,True,316,True,True,True,0.010279313969449444,True,,True,True,True,True,489,True,False,489,0.11978517100214958,0.010279313969449444,"[0.0,0.0,0.6278418898582458]",-1.6674985789388863e-07,0.0,0.0,passed,,,,,True,True,0.7459104082974711,False,False,nominal,0,0,0.0,False,,False,False,,False,False,,False,,5,0.02093419385848505,0.04999999888241291,True,0.010076703742620322,0.17987655553227483,"[-2.2351741790771484e-06,0.010076679289340973,-1.4901161193847656e-08]",False,800,"[-2.514570951461792e-06,0.0054130032658576965,9.12696123123169e-08]","[0.00015380743207060732,0.1799261173873674,6.946491353687634e-05]",0.010076703742620322,0.17987655553227483,False,False,True,,0.010279313969449444,True,True,True,True,-1.6674985789388863e-07,0.07999993860721588,489,0,privileged_state_simulator_reference_agreement,True,800,0,0,0,0,800,0,,,,1.0,800,,,,,0,400,0,0.0,,,,,,,,
12,160,baseline,force-probe-2,2.322110652923584,0,800,False,False,,5.781089531024918,True,316,True,True,True,0.018177082847456213,True,,True,True,True,True,489,True,False,489,0.11970184370875359,0.018177082847456213,"[0.0,0.0,0.6278609037399292]",-4.519116174744875e-07,0.0,0.0,disabled,,,,,True,True,0.697659074427479,False,False,disabled,0,0,0.0,False,,False,False,,False,False,,False,,5,0.11610553005101831,0.04999999888241291,True,0.02029017404574809,0.8239237982583177,"[-0.00016705505549907684,0.01832709927111864,-2.0489096641540527e-08]",True,800,"[-0.0003305245190858841,0.02007989026606083,0.0011745244264602661]","[0.06629609112860635,0.07479014742420986,0.07946531601191964]",0.02029017404574809,0.8239237982583177,True,False,,,,,,,,,,,,,,,,,,,,,,,,,,,,,,,,,,,,,,,,,
13,160,v1,force-probe-2,2.322110652923584,0,800,False,False,,6.427588765975088,True,316,True,True,True,0.018177082847456213,True,,True,True,True,True,489,True,False,489,0.11970184370875359,0.018177082847456213,"[0.0,0.0,0.6278609037399292]",-4.519116174744875e-07,0.0,0.0,passed,,,,,True,True,0.697659074427479,False,False,disabled,0,0,0.0,False,,False,False,,False,False,,False,,5,0.11610553005101831,0.04999999888241291,True,0.02029017404574809,0.8239237982583177,"[-0.00016705505549907684,0.01832709927111864,-2.0489096641540527e-08]",True,800,"[-0.0003305245190858841,0.02007989026606083,0.0011745244264602661]","[0.06629609112860635,0.07479014742420986,0.07946531601191964]",0.02029017404574809,0.8239237982583177,True,False,True,,0.018177082847456213,True,True,True,True,-4.519116174744875e-07,0.07999994978308678,489,0,privileged_state_simulator_reference_agreement,True,800,0,0,0,0,800,0,,,,1.0,800,,,,,,,,,,,,,,,,
14,160,v2,force-probe-2,2.322110652923584,0,800,False,False,,6.022537112003192,True,316,True,True,True,0.018177082847456213,True,,True,True,True,True,489,True,False,489,0.11970184370875359,0.018177082847456213,"[0.0,0.0,0.6278609037399292]",-4.519116174744875e-07,0.0,0.0,passed,,,,,True,True,0.697659074427479,False,False,nominal,0,0,0.0,False,,False,False,,False,False,,False,,5,0.11610553005101831,0.04999999888241291,True,0.02029017404574809,0.8239237982583177,"[-0.00016705505549907684,0.01832709927111864,-2.0489096641540527e-08]",True,800,"[-0.0003305245190858841,0.02007989026606083,0.0011745244264602661]","[0.06629609112860635,0.07479014742420986,0.07946531601191964]",0.02029017404574809,0.8239237982583177,True,False,True,,0.018177082847456213,True,True,True,True,-4.519116174744875e-07,0.07999994978308678,489,0,privileged_state_simulator_reference_agreement,True,800,0,0,0,0,800,0,,,,1.0,800,,,,,0,400,0,0.0,,,,,,,,
15,161,baseline,force-probe-2,2.322110652923584,0,800,False,False,,6.032580903964117,False,,True,True,True,0.10764767297772873,False,PLACEMENT_TARGET_NOT_REACHED,True,True,True,True,489,True,False,0,0.11978517100214958,0.10764767297772873,"[0.0,0.0,0.6277270913124084]",-3.2133829111838375e-07,0.0,0.0,disabled,,,,,True,True,0.7459099178252464,False,False,disabled,0,0,0.0,False,,False,False,,False,False,,False,,5,0.11610553005101831,0.04999999888241291,True,0.10740991223975793,1.000129584778136,"[-0.05770575441420078,0.09059210680425167,-7.636845111846924e-08]",True,800,"[-0.006712582893669605,0.027967930305749178,0.0011333487927913666]","[-0.37709513791196514,0.471087073412491,0.0666403235954931]",0.10740991223975793,1.000129584778136,True,False,,,,,,,,,,,,,,,,,,,,,,,,,,,,,,,,,,,,340,PLACEMENT_TARGET_NOT_REACHED,,,,
16,161,v1,force-probe-2,2.322110652923584,0,800,False,False,,6.072324512992054,False,,True,True,True,0.10764767297772873,False,PLACEMENT_TARGET_NOT_REACHED,True,True,True,True,489,True,False,0,0.11978517100214958,0.10764767297772873,"[0.0,0.0,0.6277270913124084]",-3.2133829111838375e-07,0.0,0.0,failed,PLACEMENT_TARGET_NOT_REACHED,,,2,True,True,0.7459099178252464,False,False,disabled,0,0,0.0,False,,False,False,,False,False,,False,,5,0.11610553005101831,0.04999999888241291,True,0.10740991223975793,1.000129584778136,"[-0.05770575441420078,0.09059210680425167,-7.636845111846924e-08]",True,800,"[-0.006712582893669605,0.027967930305749178,0.0011333487927913666]","[-0.37709513791196514,0.471087073412491,0.0666403235954931]",0.10740991223975793,1.000129584778136,True,False,False,,0.10764767297772873,True,True,True,True,-3.2133829111838375e-07,0.07999993860721588,0,461,privileged_state_simulator_reference_agreement,True,800,0,459,0,2,339,0,1.0,0.9956616052060737,1.0,1.0,339,,,,,,,,,,,340,PLACEMENT_TARGET_NOT_REACHED,342,PLACEMENT_TARGET_NOT_REACHED,2,459
17,161,v2,force-probe-2,2.322110652923584,0,800,False,False,,6.5915331861469895,True,489,True,True,True,0.0041210830127657245,True,,True,True,True,True,316,True,False,316,0.11978517100214958,0.0041210830127657245,"[0.0,0.0,0.6279458999633789]",-2.95518594990718e-07,0.0,0.0,passed,,,,2,False,True,1.3718067838423977,False,False,attempt_complete,1,153,0.6250234344506391,True,458,False,True,459,True,True,469,True,,5,0.11610553005101831,0.04999999888241291,True,0.10925688651906212,1.000129584778136,"[-0.002866765484213829,0.0026315823197364807,-3.725290298461914e-08]",True,342,"[-0.006712582893669605,0.027967930305749178,0.0011333487927913666]","[-0.37709513791196514,0.471087073412491,0.0666403235954931]",0.10740991223975793,1.000129584778136,True,True,True,,0.0041210830127657245,True,True,True,True,-2.95518594990718e-07,0.07999992370605469,316,0,privileged_state_simulator_reference_agreement,True,800,0,1,0,2,797,0,1.0,0.3333333333333333,1.0,1.0,797,PLACEMENT_TARGET_NOT_REACHED,342,343,settle,5,400,0,0.10350724309682846,,"[-0.03589968383312225,0.06429671496152878,0.019999951124191284]",340,PLACEMENT_TARGET_NOT_REACHED,342,PLACEMENT_TARGET_NOT_REACHED,2,1
18,162,baseline,normal,0.0,0,800,False,False,,5.935123392147943,True,316,True,True,True,0.00025522328199544545,True,,True,True,True,True,489,True,False,489,0.11971185728907585,0.00025522328199544545,"[0.0,0.0,0.6278228163719177]",-3.798660520235031e-07,0.0,0.0,disabled,,,,,True,True,0.7270083809386795,False,False,disabled,0,0,0.0,False,,False,False,,False,False,,False,,0,0.0,0.0,True,4.5924780627782884e-07,0.00045633054097987387,"[-2.3469328880310059e-07,3.8743019104003906e-07,2.0489096641540527e-08]",False,800,"[-3.725290298461914e-09,4.190951585769653e-09,-1.4901161193847656e-08]","[3.144959919154644e-07,7.476483006030321e-07,3.137305611744523e-06]",4.5924780627782884e-07,0.00045633054097987387,False,False,,,,,,,,,,,,,,,,,,,,,,,,,,,,,,,,,,,,,,,,,
19,162,v1,normal,0.0,0,800,False,False,,6.039594809990376,True,316,True,True,True,0.00025522328199544545,True,,True,True,True,True,489,True,False,489,0.11971185728907585,0.00025522328199544545,"[0.0,0.0,0.6278228163719177]",-3.798660520235031e-07,0.0,0.0,passed,,,,,True,True,0.7270083809386795,False,False,disabled,0,0,0.0,False,,False,False,,False,False,,False,,0,0.0,0.0,True,4.5924780627782884e-07,0.00045633054097987387,"[-2.3469328880310059e-07,3.8743019104003906e-07,2.0489096641540527e-08]",False,800,"[-3.725290298461914e-09,4.190951585769653e-09,-1.4901161193847656e-08]","[3.144959919154644e-07,7.476483006030321e-07,3.137305611744523e-06]",4.5924780627782884e-07,0.00045633054097987387,False,False,True,,0.00025522328199544545,True,True,True,True,-3.798660520235031e-07,0.07999994978308678,489,0,privileged_state_simulator_reference_agreement,True,800,0,0,0,0,800,0,,,,1.0,800,,,,,,,,,,,,,,,,
20,162,v2,normal,0.0,0,800,False,False,,5.949905488174409,True,316,True,True,True,0.00025522328199544545,True,,True,True,True,True,489,True,False,489,0.11971185728907585,0.00025522328199544545,"[0.0,0.0,0.6278228163719177]",-3.798660520235031e-07,0.0,0.0,passed,,,,,True,True,0.7270083809386795,False,False,nominal,0,0,0.0,False,,False,False,,False,False,,False,,0,0.0,0.0,True,4.5924780627782884e-07,0.00045633054097987387,"[-2.3469328880310059e-07,3.8743019104003906e-07,2.0489096641540527e-08]",False,800,"[-3.725290298461914e-09,4.190951585769653e-09,-1.4901161193847656e-08]","[3.144959919154644e-07,7.476483006030321e-07,3.137305611744523e-06]",4.5924780627782884e-07,0.00045633054097987387,False,False,True,,0.00025522328199544545,True,True,True,True,-3.798660520235031e-07,0.07999994978308678,489,0,privileged_state_simulator_reference_agreement,True,800,0,0,0,0,800,0,,,,1.0,800,,,,,0,400,0,0.0,,,,,,,,
21,163,baseline,normal,0.0,0,800,False,False,,5.859781302977353,True,316,True,True,True,0.00031160652222988105,True,,True,True,True,True,489,True,False,489,0.11969823762774467,0.00031160652222988105,"[0.0,0.0,0.6278201937675476]",-4.2988189016129885e-07,0.0,0.0,disabled,,,,,True,True,0.7398612632859686,False,False,disabled,0,0,0.0,False,,False,False,,False,False,,False,,0,0.0,0.0,True,5.005215534886251e-07,0.0004454250308858274,"[-3.371387720108032e-07,3.427267074584961e-07,1.6763806343078613e-08]",False,800,"[-1.4901161193847656e-08,-7.450580596923828e-09,1.862645149230957e-09]","[-7.265480235219002e-07,-2.9560760594904423e-07,4.819303285330534e-07]",5.005215534886251e-07,0.0004454250308858274,False,False,,,,,,,,,,,,,,,,,,,,,,,,,,,,,,,,,,,,,,,,,
22,163,v1,normal,0.0,0,800,False,False,,6.075020360061899,True,316,True,True,True,0.00031160652222988105,True,,True,True,True,True,489,True,False,489,0.11969823762774467,0.00031160652222988105,"[0.0,0.0,0.6278201937675476]",-4.2988189016129885e-07,0.0,0.0,passed,,,,,True,True,0.7398612632859686,False,False,disabled,0,0,0.0,False,,False,False,,False,False,,False,,0,0.0,0.0,True,5.005215534886251e-07,0.0004454250308858274,"[-3.371387720108032e-07,3.427267074584961e-07,1.6763806343078613e-08]",False,800,"[-1.4901161193847656e-08,-7.450580596923828e-09,1.862645149230957e-09]","[-7.265480235219002e-07,-2.9560760594904423e-07,4.819303285330534e-07]",5.005215534886251e-07,0.0004454250308858274,False,False,True,,0.00031160652222988105,True,True,True,True,-4.2988189016129885e-07,0.07999995350837708,489,0,privileged_state_simulator_reference_agreement,True,800,0,0,0,0,800,0,,,,1.0,800,,,,,,,,,,,,,,,,
23,163,v2,normal,0.0,0,800,False,False,,6.1280720110516995,True,316,True,True,True,0.00031160652222988105,True,,True,True,True,True,489,True,False,489,0.11969823762774467,0.00031160652222988105,"[0.0,0.0,0.6278201937675476]",-4.2988189016129885e-07,0.0,0.0,passed,,,,,True,True,0.7398612632859686,False,False,nominal,0,0,0.0,False,,False,False,,False,False,,False,,0,0.0,0.0,True,5.005215534886251e-07,0.0004454250308858274,"[-3.371387720108032e-07,3.427267074584961e-07,1.6763806343078613e-08]",False,800,"[-1.4901161193847656e-08,-7.450580596923828e-09,1.862645149230957e-09]","[-7.265480235219002e-07,-2.9560760594904423e-07,4.819303285330534e-07]",5.005215534886251e-07,0.0004454250308858274,False,False,True,,0.00031160652222988105,True,True,True,True,-4.2988189016129885e-07,0.07999995350837708,489,0,privileged_state_simulator_reference_agreement,True,800,0,0,0,0,800,0,,,,1.0,800,,,,,0,400,0,0.0,,,,,,,,
24,164,baseline,normal,0.0,0,800,False,False,,5.815302829956636,True,316,True,True,True,0.0002809633089031525,True,,True,True,True,True,489,True,False,489,0.1197037361562252,0.0002809633089031525,"[0.0,0.0,0.6278412342071533]",-4.022020593658082e-07,0.0,0.0,disabled,,,,,True,True,0.6725582517017088,False,False,disabled,0,0,0.0,False,,False,False,,False,False,,False,,0,0.0,0.0,True,5.395236659473604e-07,0.000399636939129677,"[5.023321136832237e-07,-1.9371509552001953e-07,1.4901161193847656e-08]",False,800,"[4.423782229423523e-09,0.0,-2.60770320892334e-08]","[-7.176422514021397e-07,3.518653102219105e-07,1.8085120245814323e-07]",5.395236659473604e-07,0.000399636939129677,False,False,,,,,,,,,,,,,,,,,,,,,,,,,,,,,,,,,,,,,,,,,
25,164,v1,normal,0.0,0,800,False,False,,6.0007742629386485,True,316,True,True,True,0.0002809633089031525,True,,True,True,True,True,489,True,False,489,0.1197037361562252,0.0002809633089031525,"[0.0,0.0,0.6278412342071533]",-4.022020593658082e-07,0.0,0.0,passed,,,,,True,True,0.6725582517017088,False,False,disabled,0,0,0.0,False,,False,False,,False,False,,False,,0,0.0,0.0,True,5.395236659473604e-07,0.000399636939129677,"[5.023321136832237e-07,-1.9371509552001953e-07,1.4901161193847656e-08]",False,800,"[4.423782229423523e-09,0.0,-2.60770320892334e-08]","[-7.176422514021397e-07,3.518653102219105e-07,1.8085120245814323e-07]",5.395236659473604e-07,0.000399636939129677,False,False,True,,0.0002809633089031525,True,True,True,True,-4.022020593658082e-07,0.07999993115663528,489,0,privileged_state_simulator_reference_agreement,True,800,0,0,0,0,800,0,,,,1.0,800,,,,,,,,,,,,,,,,
26,164,v2,normal,0.0,0,800,False,False,,5.943946313112974,True,316,True,True,True,0.0002809633089031525,True,,True,True,True,True,489,True,False,489,0.1197037361562252,0.0002809633089031525,"[0.0,0.0,0.6278412342071533]",-4.022020593658082e-07,0.0,0.0,passed,,,,,True,True,0.6725582517017088,False,False,nominal,0,0,0.0,False,,False,False,,False,False,,False,,0,0.0,0.0,True,5.395236659473604e-07,0.000399636939129677,"[5.023321136832237e-07,-1.9371509552001953e-07,1.4901161193847656e-08]",False,800,"[4.423782229423523e-09,0.0,-2.60770320892334e-08]","[-7.176422514021397e-07,3.518653102219105e-07,1.8085120245814323e-07]",5.395236659473604e-07,0.000399636939129677,False,False,True,,0.0002809633089031525,True,True,True,True,-4.022020593658082e-07,0.07999993115663528,489,0,privileged_state_simulator_reference_agreement,True,800,0,0,0,0,800,0,,,,1.0,800,,,,,0,400,0,0.0,,,,,,,,
27,165,baseline,normal,0.0,0,800,False,False,,5.823741056025028,True,316,True,True,True,0.0003580466359195751,True,,True,True,True,True,489,True,False,489,0.1197097860276699,0.0003580466359195751,"[0.0,0.0,0.6279557347297668]",-3.497816511294216e-07,0.0,0.0,disabled,,,,,True,True,0.6231732343229961,False,False,disabled,0,0,0.0,False,,False,False,,False,False,,False,,0,0.0,0.0,True,5.173939072704422e-07,0.0003166465131233583,"[1.862645149230957e-08,-4.172325134277344e-07,5.587935447692871e-08]",False,800,"[7.450580596923828e-09,-1.4901161193847656e-08,3.725290298461914e-09]","[-8.444359991699457e-06,1.4686083886772394e-05,-3.976703737862408e-06]",5.173939072704422e-07,0.0003166465131233583,False,False,,,,,,,,,,,,,,,,,,,,,,,,,,,,,,,,,,,,,,,,,
28,165,v1,normal,0.0,0,800,False,False,,6.052360755158588,True,316,True,True,True,0.0003580466359195751,True,,True,True,True,True,489,True,False,489,0.1197097860276699,0.0003580466359195751,"[0.0,0.0,0.6279557347297668]",-3.497816511294216e-07,0.0,0.0,passed,,,,,True,True,0.6231732343229961,False,False,disabled,0,0,0.0,False,,False,False,,False,False,,False,,0,0.0,0.0,True,5.173939072704422e-07,0.0003166465131233583,"[1.862645149230957e-08,-4.172325134277344e-07,5.587935447692871e-08]",False,800,"[7.450580596923828e-09,-1.4901161193847656e-08,3.725290298461914e-09]","[-8.444359991699457e-06,1.4686083886772394e-05,-3.976703737862408e-06]",5.173939072704422e-07,0.0003166465131233583,False,False,True,,0.0003580466359195751,True,True,True,True,-3.497816511294216e-07,0.07999991998076439,489,0,privileged_state_simulator_reference_agreement,True,800,0,0,0,0,800,0,,,,1.0,800,,,,,,,,,,,,,,,,
29,165,v2,normal,0.0,0,800,False,False,,6.026362624019384,True,316,True,True,True,0.0003580466359195751,True,,True,True,True,True,489,True,False,489,0.1197097860276699,0.0003580466359195751,"[0.0,0.0,0.6279557347297668]",-3.497816511294216e-07,0.0,0.0,passed,,,,,True,True,0.6231732343229961,False,False,nominal,0,0,0.0,False,,False,False,,False,False,,False,,0,0.0,0.0,True,5.173939072704422e-07,0.0003166465131233583,"[1.862645149230957e-08,-4.172325134277344e-07,5.587935447692871e-08]",False,800,"[7.450580596923828e-09,-1.4901161193847656e-08,3.725290298461914e-09]","[-8.444359991699457e-06,1.4686083886772394e-05,-3.976703737862408e-06]",5.173939072704422e-07,0.0003166465131233583,False,False,True,,0.0003580466359195751,True,True,True,True,-3.497816511294216e-07,0.07999991998076439,489,0,privileged_state_simulator_reference_agreement,True,800,0,0,0,0,800,0,,,,1.0,800,,,,,0,400,0,0.0,,,,,,,,
30,166,baseline,normal,0.0,0,800,False,False,,5.857794692972675,True,316,True,True,True,0.00024135925977451767,True,,True,True,True,True,489,True,False,489,0.11973297223448753,0.00024135925977451767,"[0.0,0.0,0.6278399229049683]",-6.341793726272194e-08,0.0,0.0,disabled,,,,,True,True,0.7136064609117213,False,False,disabled,0,0,0.0,False,,False,False,,False,False,,False,,0,0.0,0.0,True,1.6340398937062404e-07,0.00023678526505470802,"[1.043081283569336e-07,-1.1175870895385742e-07,5.587935447692871e-09]",False,800,"[7.450580596923828e-09,1.4901161193847656e-08,1.4901161193847656e-08]","[-1.4110992196947336e-07,-5.120673449710011e-07,2.0489096641540527e-08]",1.6340398937062404e-07,0.00023678526505470802,False,False,,,,,,,,,,,,,,,,,,,,,,,,,,,,,,,,,,,,,,,,,
31,166,v1,normal,0.0,0,800,False,False,,5.980826443061233,True,316,True,True,True,0.00024135925977451767,True,,True,True,True,True,489,True,False,489,0.11973297223448753,0.00024135925977451767,"[0.0,0.0,0.6278399229049683]",-6.341793726272194e-08,0.0,0.0,passed,,,,,True,True,0.7136064609117213,False,False,disabled,0,0,0.0,False,,False,False,,False,False,,False,,0,0.0,0.0,True,1.6340398937062404e-07,0.00023678526505470802,"[1.043081283569336e-07,-1.1175870895385742e-07,5.587935447692871e-09]",False,800,"[7.450580596923828e-09,1.4901161193847656e-08,1.4901161193847656e-08]","[-1.4110992196947336e-07,-5.120673449710011e-07,2.0489096641540527e-08]",1.6340398937062404e-07,0.00023678526505470802,False,False,True,,0.00024135925977451767,True,True,True,True,-6.341793726272194e-08,0.07999993860721588,489,0,privileged_state_simulator_reference_agreement,True,800,0,0,0,0,800,0,,,,1.0,800,,,,,,,,,,,,,,,,
32,166,v2,normal,0.0,0,800,False,False,,6.060824941843748,True,316,True,True,True,0.00024135925977451767,True,,True,True,True,True,489,True,False,489,0.11973297223448753,0.00024135925977451767,"[0.0,0.0,0.6278399229049683]",-6.341793726272194e-08,0.0,0.0,passed,,,,,True,True,0.7136064609117213,False,False,nominal,0,0,0.0,False,,False,False,,False,False,,False,,0,0.0,0.0,True,1.6340398937062404e-07,0.00023678526505470802,"[1.043081283569336e-07,-1.1175870895385742e-07,5.587935447692871e-09]",False,800,"[7.450580596923828e-09,1.4901161193847656e-08,1.4901161193847656e-08]","[-1.4110992196947336e-07,-5.120673449710011e-07,2.0489096641540527e-08]",1.6340398937062404e-07,0.00023678526505470802,False,False,True,,0.00024135925977451767,True,True,True,True,-6.341793726272194e-08,0.07999993860721588,489,0,privileged_state_simulator_reference_agreement,True,800,0,0,0,0,800,0,,,,1.0,800,,,,,0,400,0,0.0,,,,,,,,
33,167,baseline,normal,0.0,0,800,False,False,,5.794969959883019,True,316,True,True,True,0.00019745617398670519,True,,True,True,True,True,489,True,False,489,0.11981472000479698,0.00019745617398670519,"[0.0,0.0,0.6278397440910339]",-2.4015322177065035e-07,0.0,0.0,disabled,,,,,True,True,0.8239737292514421,False,False,disabled,0,0,0.0,False,,False,False,,False,False,,False,,0,0.0,0.0,True,8.635685748268781e-07,0.00044914289552885813,"[-3.5762786865234375e-07,-1.043081283569336e-07,-7.450580596923828e-09]",False,800,"[-3.725290298461914e-09,1.4901161193847656e-08,1.1175870895385742e-08]","[-3.8764846976846457e-07,-1.6624107956886292e-07,-2.149754436686635e-07]",8.635685748268781e-07,0.00044914289552885813,False,False,,,,,,,,,,,,,,,,,,,,,,,,,,,,,,,,,,,,,,,,,
34,167,v1,normal,0.0,0,800,False,False,,6.032023224979639,True,316,True,True,True,0.00019745617398670519,True,,True,True,True,True,489,True,False,489,0.11981472000479698,0.00019745617398670519,"[0.0,0.0,0.6278397440910339]",-2.4015322177065035e-07,0.0,0.0,passed,,,,,True,True,0.8239737292514421,False,False,disabled,0,0,0.0,False,,False,False,,False,False,,False,,0,0.0,0.0,True,8.635685748268781e-07,0.00044914289552885813,"[-3.5762786865234375e-07,-1.043081283569336e-07,-7.450580596923828e-09]",False,800,"[-3.725290298461914e-09,1.4901161193847656e-08,1.1175870895385742e-08]","[-3.8764846976846457e-07,-1.6624107956886292e-07,-2.149754436686635e-07]",8.635685748268781e-07,0.00044914289552885813,False,False,True,,0.00019745617398670519,True,True,True,True,-2.4015322177065035e-07,0.07999991998076439,489,0,privileged_state_simulator_reference_agreement,True,800,0,0,0,0,800,0,,,,1.0,800,,,,,,,,,,,,,,,,
35,167,v2,normal,0.0,0,800,False,False,,6.05946821696125,True,316,True,True,True,0.00019745617398670519,True,,True,True,True,True,489,True,False,489,0.11981472000479698,0.00019745617398670519,"[0.0,0.0,0.6278397440910339]",-2.4015322177065035e-07,0.0,0.0,passed,,,,,True,True,0.8239737292514421,False,False,nominal,0,0,0.0,False,,False,False,,False,False,,False,,0,0.0,0.0,True,8.635685748268781e-07,0.00044914289552885813,"[-3.5762786865234375e-07,-1.043081283569336e-07,-7.450580596923828e-09]",False,800,"[-3.725290298461914e-09,1.4901161193847656e-08,1.1175870895385742e-08]","[-3.8764846976846457e-07,-1.6624107956886292e-07,-2.149754436686635e-07]",8.635685748268781e-07,0.00044914289552885813,False,False,True,,0.00019745617398670519,True,True,True,True,-2.4015322177065035e-07,0.07999991998076439,489,0,privileged_state_simulator_reference_agreement,True,800,0,0,0,0,800,0,,,,1.0,800,,,,,0,400,0,0.0,,,,,,,,
36,168,baseline,normal,0.0,0,800,False,False,,6.035157642094418,True,316,True,True,True,0.00022917330893470924,True,,True,True,True,True,489,True,False,489,0.11978715285658836,0.00022917330893470924,"[0.0,0.0,0.6278414726257324]",-1.1914841579335755e-07,0.0,0.0,disabled,,,,,True,True,0.6291421011777336,False,False,disabled,0,0,0.0,False,,False,False,,False,False,,False,,0,0.0,0.0,True,1.6378572536245441e-07,0.00024764028466182355,"[1.4156103134155273e-07,5.4016709327697754e-08,-4.842877388000488e-08]",False,800,"[-2.2351741790771484e-08,5.587935447692871e-09,9.313225746154785e-09]","[5.770416464656591e-07,-1.2535019777715206e-07,-1.292792148888111e-07]",1.6378572536245441e-07,0.00024764028466182355,False,False,,,,,,,,,,,,,,,,,,,,,,,,,,,,,,,,,,,,,,,,,
37,168,v1,normal,0.0,0,800,False,False,,6.001465905923396,True,316,True,True,True,0.00022917330893470924,True,,True,True,True,True,489,True,False,489,0.11978715285658836,0.00022917330893470924,"[0.0,0.0,0.6278414726257324]",-1.1914841579335755e-07,0.0,0.0,passed,,,,,True,True,0.6291421011777336,False,False,disabled,0,0,0.0,False,,False,False,,False,False,,False,,0,0.0,0.0,True,1.6378572536245441e-07,0.00024764028466182355,"[1.4156103134155273e-07,5.4016709327697754e-08,-4.842877388000488e-08]",False,800,"[-2.2351741790771484e-08,5.587935447692871e-09,9.313225746154785e-09]","[5.770416464656591e-07,-1.2535019777715206e-07,-1.292792148888111e-07]",1.6378572536245441e-07,0.00024764028466182355,False,False,True,,0.00022917330893470924,True,True,True,True,-1.1914841579335755e-07,0.07999993115663528,489,0,privileged_state_simulator_reference_agreement,True,800,0,0,0,0,800,0,,,,1.0,800,,,,,,,,,,,,,,,,
38,168,v2,normal,0.0,0,800,False,False,,6.24906839709729,True,316,True,True,True,0.00022917330893470924,True,,True,True,True,True,489,True,False,489,0.11978715285658836,0.00022917330893470924,"[0.0,0.0,0.6278414726257324]",-1.1914841579335755e-07,0.0,0.0,passed,,,,,True,True,0.6291421011777336,False,False,nominal,0,0,0.0,False,,False,False,,False,False,,False,,0,0.0,0.0,True,1.6378572536245441e-07,0.00024764028466182355,"[1.4156103134155273e-07,5.4016709327697754e-08,-4.842877388000488e-08]",False,800,"[-2.2351741790771484e-08,5.587935447692871e-09,9.313225746154785e-09]","[5.770416464656591e-07,-1.2535019777715206e-07,-1.292792148888111e-07]",1.6378572536245441e-07,0.00024764028466182355,False,False,True,,0.00022917330893470924,True,True,True,True,-1.1914841579335755e-07,0.07999993115663528,489,0,privileged_state_simulator_reference_agreement,True,800,0,0,0,0,800,0,,,,1.0,800,,,,,0,400,0,0.0,,,,,,,,
39,169,baseline,normal,0.0,0,800,False,False,,6.133135782089084,True,316,True,True,True,0.00025571647855211917,True,,True,True,True,True,489,True,False,489,0.11975259706377983,0.00025571647855211917,"[0.0,0.0,0.6278393268585205]",-4.2982904363900176e-07,0.0,0.0,disabled,,,,,True,True,0.6132925948601825,False,False,disabled,0,0,0.0,False,,False,False,,False,False,,False,,0,0.0,0.0,True,5.049932957539124e-07,0.00042055335006020413,"[-1.862645149230957e-07,-4.3213367462158203e-07,-1.4901161193847656e-08]",False,800,"[7.450580596923828e-09,1.4901161193847656e-08,-7.450580596923828e-09]","[-3.7168501876294613e-07,-4.2238389141857624e-07,-2.3734173737466335e-07]",5.049932957539124e-07,0.00042055335006020413,False,False,,,,,,,,,,,,,,,,,,,,,,,,,,,,,,,,,,,,,,,,,
40,169,v1,normal,0.0,0,800,False,False,,6.366361869033426,True,316,True,True,True,0.00025571647855211917,True,,True,True,True,True,489,True,False,489,0.11975259706377983,0.00025571647855211917,"[0.0,0.0,0.6278393268585205]",-4.2982904363900176e-07,0.0,0.0,passed,,,,,True,True,0.6132925948601825,False,False,disabled,0,0,0.0,False,,False,False,,False,False,,False,,0,0.0,0.0,True,5.049932957539124e-07,0.00042055335006020413,"[-1.862645149230957e-07,-4.3213367462158203e-07,-1.4901161193847656e-08]",False,800,"[7.450580596923828e-09,1.4901161193847656e-08,-7.450580596923828e-09]","[-3.7168501876294613e-07,-4.2238389141857624e-07,-2.3734173737466335e-07]",5.049932957539124e-07,0.00042055335006020413,False,False,True,,0.00025571647855211917,True,True,True,True,-4.2982904363900176e-07,0.07999992370605469,489,0,privileged_state_simulator_reference_agreement,True,800,0,0,0,0,800,0,,,,1.0,800,,,,,,,,,,,,,,,,
41,169,v2,normal,0.0,0,800,False,False,,6.0653040108736604,True,316,True,True,True,0.00025571647855211917,True,,True,True,True,True,489,True,False,489,0.11975259706377983,0.00025571647855211917,"[0.0,0.0,0.6278393268585205]",-4.2982904363900176e-07,0.0,0.0,passed,,,,,True,True,0.6132925948601825,False,False,nominal,0,0,0.0,False,,False,False,,False,False,,False,,0,0.0,0.0,True,5.049932957539124e-07,0.00042055335006020413,"[-1.862645149230957e-07,-4.3213367462158203e-07,-1.4901161193847656e-08]",False,800,"[7.450580596923828e-09,1.4901161193847656e-08,-7.450580596923828e-09]","[-3.7168501876294613e-07,-4.2238389141857624e-07,-2.3734173737466335e-07]",5.049932957539124e-07,0.00042055335006020413,False,False,True,,0.00025571647855211917,True,True,True,True,-4.2982904363900176e-07,0.07999992370605469,489,0,privileged_state_simulator_reference_agreement,True,800,0,0,0,0,800,0,,,,1.0,800,,,,,0,400,0,0.0,,,,,,,,
42,170,baseline,normal,0.0,0,800,False,False,,5.900680556893349,True,316,True,True,True,0.00034924741347330644,True,,True,True,True,True,489,True,False,489,0.11973616108298302,0.00034924741347330644,"[0.0,0.0,0.6278214454650879]",-4.335519313281022e-07,0.0,0.0,disabled,,,,,True,True,0.7620702071641996,False,False,disabled,0,0,0.0,False,,False,False,,False,False,,False,,0,0.0,0.0,True,5.005215534886251e-07,0.0004474828084853125,"[3.46451997756958e-07,-3.501772880554199e-07,2.60770320892334e-08]",False,800,"[-1.4901161193847656e-08,1.4901161193847656e-08,9.313225746154785e-09]","[1.6062695067375898e-06,-3.844616003334522e-08,-3.1901290640234947e-06]",5.005215534886251e-07,0.0004474828084853125,False,False,,,,,,,,,,,,,,,,,,,,,,,,,,,,,,,,,,,,,,,,,
43,170,v1,normal,0.0,0,800,False,False,,6.075442627072334,True,316,True,True,True,0.00034924741347330644,True,,True,True,True,True,489,True,False,489,0.11973616108298302,0.00034924741347330644,"[0.0,0.0,0.6278214454650879]",-4.335519313281022e-07,0.0,0.0,passed,,,,,True,True,0.7620702071641996,False,False,disabled,0,0,0.0,False,,False,False,,False,False,,False,,0,0.0,0.0,True,5.005215534886251e-07,0.0004474828084853125,"[3.46451997756958e-07,-3.501772880554199e-07,2.60770320892334e-08]",False,800,"[-1.4901161193847656e-08,1.4901161193847656e-08,9.313225746154785e-09]","[1.6062695067375898e-06,-3.844616003334522e-08,-3.1901290640234947e-06]",5.005215534886251e-07,0.0004474828084853125,False,False,True,,0.00034924741347330644,True,True,True,True,-4.335519313281022e-07,0.07999994978308678,489,0,privileged_state_simulator_reference_agreement,True,800,0,0,0,0,800,0,,,,1.0,800,,,,,,,,,,,,,,,,
44,170,v2,normal,0.0,0,800,False,False,,6.050938829081133,True,316,True,True,True,0.00034924741347330644,True,,True,True,True,True,489,True,False,489,0.11973616108298302,0.00034924741347330644,"[0.0,0.0,0.6278214454650879]",-4.335519313281022e-07,0.0,0.0,passed,,,,,True,True,0.7620702071641996,False,False,nominal,0,0,0.0,False,,False,False,,False,False,,False,,0,0.0,0.0,True,5.005215534886251e-07,0.0004474828084853125,"[3.46451997756958e-07,-3.501772880554199e-07,2.60770320892334e-08]",False,800,"[-1.4901161193847656e-08,1.4901161193847656e-08,9.313225746154785e-09]","[1.6062695067375898e-06,-3.844616003334522e-08,-3.1901290640234947e-06]",5.005215534886251e-07,0.0004474828084853125,False,False,True,,0.00034924741347330644,True,True,True,True,-4.335519313281022e-07,0.07999994978308678,489,0,privileged_state_simulator_reference_agreement,True,800,0,0,0,0,800,0,,,,1.0,800,,,,,0,400,0,0.0,,,,,,,,
45,171,baseline,normal,0.0,0,800,False,False,,5.7823659961577505,True,316,True,True,True,0.0003402015512354044,True,,True,True,True,True,489,True,False,489,0.11969780549407005,0.0003402015512354044,"[0.0,0.0,0.6278948187828064]",-4.016888454326517e-07,0.0,0.0,disabled,,,,,True,True,0.7740859885050981,False,False,disabled,0,0,0.0,False,,False,False,,False,False,,False,,0,0.0,0.0,True,4.842877388000488e-07,0.00045104983135575813,"[-2.8312206268310547e-07,3.7997961044311523e-07,4.284083843231201e-08]",False,800,"[2.9802322387695312e-08,7.450580596923828e-09,5.587935447692871e-09]","[-2.0352599676698446e-06,1.3383105397224426e-06,2.6265770429745317e-06]",4.842877388000488e-07,0.00045104983135575813,False,False,,,,,,,,,,,,,,,,,,,,,,,,,,,,,,,,,,,,,,,,,
46,171,v1,normal,0.0,0,800,False,False,,6.088432078016922,True,316,True,True,True,0.0003402015512354044,True,,True,True,True,True,489,True,False,489,0.11969780549407005,0.0003402015512354044,"[0.0,0.0,0.6278948187828064]",-4.016888454326517e-07,0.0,0.0,passed,,,,,True,True,0.7740859885050981,False,False,disabled,0,0,0.0,False,,False,False,,False,False,,False,,0,0.0,0.0,True,4.842877388000488e-07,0.00045104983135575813,"[-2.8312206268310547e-07,3.7997961044311523e-07,4.284083843231201e-08]",False,800,"[2.9802322387695312e-08,7.450580596923828e-09,5.587935447692871e-09]","[-2.0352599676698446e-06,1.3383105397224426e-06,2.6265770429745317e-06]",4.842877388000488e-07,0.00045104983135575813,False,False,True,,0.0003402015512354044,True,True,True,True,-4.016888454326517e-07,0.07999995723366737,489,0,privileged_state_simulator_reference_agreement,True,800,0,0,0,0,800,0,,,,1.0,800,,,,,,,,,,,,,,,,
47,171,v2,normal,0.0,0,800,False,False,,6.075338158058003,True,316,True,True,True,0.0003402015512354044,True,,True,True,True,True,489,True,False,489,0.11969780549407005,0.0003402015512354044,"[0.0,0.0,0.6278948187828064]",-4.016888454326517e-07,0.0,0.0,passed,,,,,True,True,0.7740859885050981,False,False,nominal,0,0,0.0,False,,False,False,,False,False,,False,,0,0.0,0.0,True,4.842877388000488e-07,0.00045104983135575813,"[-2.8312206268310547e-07,3.7997961044311523e-07,4.284083843231201e-08]",False,800,"[2.9802322387695312e-08,7.450580596923828e-09,5.587935447692871e-09]","[-2.0352599676698446e-06,1.3383105397224426e-06,2.6265770429745317e-06]",4.842877388000488e-07,0.00045104983135575813,False,False,True,,0.0003402015512354044,True,True,True,True,-4.016888454326517e-07,0.07999995723366737,489,0,privileged_state_simulator_reference_agreement,True,800,0,0,0,0,800,0,,,,1.0,800,,,,,0,400,0,0.0,,,,,,,,
48,172,baseline,normal,0.0,0,800,False,False,,5.868209353182465,True,316,True,True,True,0.00021576247958543025,True,,True,True,True,True,489,True,False,489,0.11970704421401024,0.00021576247958543025,"[0.0,0.0,0.6278241276741028]",-3.993778838889961e-07,0.0,0.0,disabled,,,,,True,True,0.7693444846040212,False,False,disabled,0,0,0.0,False,,False,False,,False,False,,False,,0,0.0,0.0,True,4.1703289655317455e-07,0.000236376931836492,"[1.0803341865539551e-07,3.948807716369629e-07,1.30385160446167e-08]",False,800,"[0.0,7.450580596923828e-09,-9.313225746154785e-09]","[-5.833062459714711e-07,-2.480097464285791e-06,3.132590791210532e-07]",4.1703289655317455e-07,0.000236376931836492,False,False,,,,,,,,,,,,,,,,,,,,,,,,,,,,,,,,,,,,,,,,,
49,172,v1,normal,0.0,0,800,False,False,,6.174845421919599,True,316,True,True,True,0.00021576247958543025,True,,True,True,True,True,489,True,False,489,0.11970704421401024,0.00021576247958543025,"[0.0,0.0,0.6278241276741028]",-3.993778838889961e-07,0.0,0.0,passed,,,,,True,True,0.7693444846040212,False,False,disabled,0,0,0.0,False,,False,False,,False,False,,False,,0,0.0,0.0,True,4.1703289655317455e-07,0.000236376931836492,"[1.0803341865539551e-07,3.948807716369629e-07,1.30385160446167e-08]",False,800,"[0.0,7.450580596923828e-09,-9.313225746154785e-09]","[-5.833062459714711e-07,-2.480097464285791e-06,3.132590791210532e-07]",4.1703289655317455e-07,0.000236376931836492,False,False,True,,0.00021576247958543025,True,True,True,True,-3.993778838889961e-07,0.07999994233250618,489,0,privileged_state_simulator_reference_agreement,True,800,0,0,0,0,800,0,,,,1.0,800,,,,,,,,,,,,,,,,
50,172,v2,normal,0.0,0,800,False,False,,6.091107252985239,True,316,True,True,True,0.00021576247958543025,True,,True,True,True,True,489,True,False,489,0.11970704421401024,0.00021576247958543025,"[0.0,0.0,0.6278241276741028]",-3.993778838889961e-07,0.0,0.0,passed,,,,,True,True,0.7693444846040212,False,False,nominal,0,0,0.0,False,,False,False,,False,False,,False,,0,0.0,0.0,True,4.1703289655317455e-07,0.000236376931836492,"[1.0803341865539551e-07,3.948807716369629e-07,1.30385160446167e-08]",False,800,"[0.0,7.450580596923828e-09,-9.313225746154785e-09]","[-5.833062459714711e-07,-2.480097464285791e-06,3.132590791210532e-07]",4.1703289655317455e-07,0.000236376931836492,False,False,True,,0.00021576247958543025,True,True,True,True,-3.993778838889961e-07,0.07999994233250618,489,0,privileged_state_simulator_reference_agreement,True,800,0,0,0,0,800,0,,,,1.0,800,,,,,0,400,0,0.0,,,,,,,,
51,173,baseline,normal,0.0,0,800,False,False,,6.003410812932998,True,316,True,True,True,0.0002775676211245424,True,,True,True,True,True,489,True,False,489,0.1197843961417675,0.0002775676211245424,"[0.0,0.0,0.6278373003005981]",-4.1449542296720376e-07,0.0,0.0,disabled,,,,,True,True,0.7118195026450201,False,False,disabled,0,0,0.0,False,,False,False,,False,False,,False,,0,0.0,0.0,True,5.786564302130818e-07,0.0003047022019211116,"[-4.731118679046631e-07,3.725290298461914e-08,1.1175870895385742e-08]",False,800,"[1.1175870895385742e-08,7.450580596923828e-09,2.421438694000244e-08]","[-9.856157703325152e-07,4.770699888467789e-07,1.5932891983538866e-07]",5.786564302130818e-07,0.0003047022019211116,False,False,,,,,,,,,,,,,,,,,,,,,,,,,,,,,,,,,,,,,,,,,
52,173,v1,normal,0.0,0,800,False,False,,6.212430923944339,True,316,True,True,True,0.0002775676211245424,True,,True,True,True,True,489,True,False,489,0.1197843961417675,0.0002775676211245424,"[0.0,0.0,0.6278373003005981]",-4.1449542296720376e-07,0.0,0.0,passed,,,,,True,True,0.7118195026450201,False,False,disabled,0,0,0.0,False,,False,False,,False,False,,False,,0,0.0,0.0,True,5.786564302130818e-07,0.0003047022019211116,"[-4.731118679046631e-07,3.725290298461914e-08,1.1175870895385742e-08]",False,800,"[1.1175870895385742e-08,7.450580596923828e-09,2.421438694000244e-08]","[-9.856157703325152e-07,4.770699888467789e-07,1.5932891983538866e-07]",5.786564302130818e-07,0.0003047022019211116,False,False,True,,0.0002775676211245424,True,True,True,True,-4.1449542296720376e-07,0.07999993488192558,489,0,privileged_state_simulator_reference_agreement,True,800,0,0,0,0,800,0,,,,1.0,800,,,,,,,,,,,,,,,,
53,173,v2,normal,0.0,0,800,False,False,,6.063833493972197,True,316,True,True,True,0.0002775676211245424,True,,True,True,True,True,489,True,False,489,0.1197843961417675,0.0002775676211245424,"[0.0,0.0,0.6278373003005981]",-4.1449542296720376e-07,0.0,0.0,passed,,,,,True,True,0.7118195026450201,False,False,nominal,0,0,0.0,False,,False,False,,False,False,,False,,0,0.0,0.0,True,5.786564302130818e-07,0.0003047022019211116,"[-4.731118679046631e-07,3.725290298461914e-08,1.1175870895385742e-08]",False,800,"[1.1175870895385742e-08,7.450580596923828e-09,2.421438694000244e-08]","[-9.856157703325152e-07,4.770699888467789e-07,1.5932891983538866e-07]",5.786564302130818e-07,0.0003047022019211116,False,False,True,,0.0002775676211245424,True,True,True,True,-4.1449542296720376e-07,0.07999993488192558,489,0,privileged_state_simulator_reference_agreement,True,800,0,0,0,0,800,0,,,,1.0,800,,,,,0,400,0,0.0,,,,,,,,
54,174,baseline,normal,0.0,0,800,False,False,,7.255380249815062,True,316,True,True,True,0.00018804059598291845,True,,True,True,True,True,489,True,False,489,0.11977709457278252,0.00018804059598291845,"[0.0,0.0,0.6278353333473206]",-1.697800814104422e-07,0.0,0.0,disabled,,,,,True,True,0.6793729138532797,False,False,disabled,0,0,0.0,False,,False,False,,False,False,,False,,0,0.0,0.0,True,1.48311475197929e-07,0.00017279261871119196,"[-2.9802322387695312e-08,-7.450580596923828e-08,5.587935447692871e-09]",False,800,"[0.0,7.450580596923828e-09,3.166496753692627e-08]","[-1.0777730494737625e-06,8.910137694329023e-08,-7.233757060021162e-08]",1.48311475197929e-07,0.00017279261871119196,False,False,,,,,,,,,,,,,,,,,,,,,,,,,,,,,,,,,,,,,,,,,
55,174,v1,normal,0.0,0,800,False,False,,6.075358389178291,True,316,True,True,True,0.00018804059598291845,True,,True,True,True,True,489,True,False,489,0.11977709457278252,0.00018804059598291845,"[0.0,0.0,0.6278353333473206]",-1.697800814104422e-07,0.0,0.0,passed,,,,,True,True,0.6793729138532797,False,False,disabled,0,0,0.0,False,,False,False,,False,False,,False,,0,0.0,0.0,True,1.48311475197929e-07,0.00017279261871119196,"[-2.9802322387695312e-08,-7.450580596923828e-08,5.587935447692871e-09]",False,800,"[0.0,7.450580596923828e-09,3.166496753692627e-08]","[-1.0777730494737625e-06,8.910137694329023e-08,-7.233757060021162e-08]",1.48311475197929e-07,0.00017279261871119196,False,False,True,,0.00018804059598291845,True,True,True,True,-1.697800814104422e-07,0.0799999050796032,489,0,privileged_state_simulator_reference_agreement,True,800,0,0,0,0,800,0,,,,1.0,800,,,,,,,,,,,,,,,,
56,174,v2,normal,0.0,0,800,False,False,,6.188115790951997,True,316,True,True,True,0.00018804059598291845,True,,True,True,True,True,489,True,False,489,0.11977709457278252,0.00018804059598291845,"[0.0,0.0,0.6278353333473206]",-1.697800814104422e-07,0.0,0.0,passed,,,,,True,True,0.6793729138532797,False,False,nominal,0,0,0.0,False,,False,False,,False,False,,False,,0,0.0,0.0,True,1.48311475197929e-07,0.00017279261871119196,"[-2.9802322387695312e-08,-7.450580596923828e-08,5.587935447692871e-09]",False,800,"[0.0,7.450580596923828e-09,3.166496753692627e-08]","[-1.0777730494737625e-06,8.910137694329023e-08,-7.233757060021162e-08]",1.48311475197929e-07,0.00017279261871119196,False,False,True,,0.00018804059598291845,True,True,True,True,-1.697800814104422e-07,0.0799999050796032,489,0,privileged_state_simulator_reference_agreement,True,800,0,0,0,0,800,0,,,,1.0,800,,,,,0,400,0,0.0,,,,,,,,
57,175,baseline,normal,0.0,0,800,False,False,,5.8690959718078375,True,316,True,True,True,0.00036136597710173036,True,,True,True,True,True,489,True,False,489,0.11974742636084557,0.00036136597710173036,"[0.0,0.0,0.6278371810913086]",-3.474906456711613e-07,0.0,0.0,disabled,,,,,True,True,0.6473298188801984,False,False,disabled,0,0,0.0,False,,False,False,,False,False,,False,,0,0.0,0.0,True,4.615903770805619e-07,0.00045447306928572104,"[-1.825392246246338e-07,3.8743019104003906e-07,2.0489096641540527e-08]",False,800,"[0.0,7.450580596923828e-09,1.30385160446167e-08]","[-1.7983256839215755e-07,-2.0459992811083794e-07,-1.1079828254878521e-07]",4.615903770805619e-07,0.00045447306928572104,False,False,,,,,,,,,,,,,,,,,,,,,,,,,,,,,,,,,,,,,,,,,
58,175,v1,normal,0.0,0,800,False,False,,6.2926970820408314,True,316,True,True,True,0.00036136597710173036,True,,True,True,True,True,489,True,False,489,0.11974742636084557,0.00036136597710173036,"[0.0,0.0,0.6278371810913086]",-3.474906456711613e-07,0.0,0.0,passed,,,,,True,True,0.6473298188801984,False,False,disabled,0,0,0.0,False,,False,False,,False,False,,False,,0,0.0,0.0,True,4.615903770805619e-07,0.00045447306928572104,"[-1.825392246246338e-07,3.8743019104003906e-07,2.0489096641540527e-08]",False,800,"[0.0,7.450580596923828e-09,1.30385160446167e-08]","[-1.7983256839215755e-07,-2.0459992811083794e-07,-1.1079828254878521e-07]",4.615903770805619e-07,0.00045447306928572104,False,False,True,,0.00036136597710173036,True,True,True,True,-3.474906456711613e-07,0.07999995350837708,489,0,privileged_state_simulator_reference_agreement,True,800,0,0,0,0,800,0,,,,1.0,800,,,,,,,,,,,,,,,,
59,175,v2,normal,0.0,0,800,False,False,,6.14812694513239,True,316,True,True,True,0.00036136597710173036,True,,True,True,True,True,489,True,False,489,0.11974742636084557,0.00036136597710173036,"[0.0,0.0,0.6278371810913086]",-3.474906456711613e-07,0.0,0.0,passed,,,,,True,True,0.6473298188801984,False,False,nominal,0,0,0.0,False,,False,False,,False,False,,False,,0,0.0,0.0,True,4.615903770805619e-07,0.00045447306928572104,"[-1.825392246246338e-07,3.8743019104003906e-07,2.0489096641540527e-08]",False,800,"[0.0,7.450580596923828e-09,1.30385160446167e-08]","[-1.7983256839215755e-07,-2.0459992811083794e-07,-1.1079828254878521e-07]",4.615903770805619e-07,0.00045447306928572104,False,False,True,,0.00036136597710173036,True,True,True,True,-3.474906456711613e-07,0.07999995350837708,489,0,privileged_state_simulator_reference_agreement,True,800,0,0,0,0,800,0,,,,1.0,800,,,,,0,400,0,0.0,,,,,,,,
60,176,baseline,normal,0.0,0,800,False,False,,5.8702123779803514,True,316,True,True,True,0.0004017960379750116,True,,True,True,True,True,489,True,False,489,0.11977749690413475,0.0004017960379750116,"[0.0,0.0,0.6272661089897156]",-3.7143054947008647e-07,0.0,0.0,disabled,,,,,True,True,0.6122351561930591,False,False,disabled,0,0,0.0,False,,False,False,,False,False,,False,,0,0.0,0.0,True,7.613298595406137e-07,0.0004681949569969291,"[-2.682209014892578e-07,6.910413503646851e-07,0.0]",False,800,"[1.4901161193847656e-08,-9.313225746154785e-09,-3.91155481338501e-08]","[3.1723175197839737e-09,6.101618055254221e-08,-4.750363586936146e-07]",7.613298595406137e-07,0.0004681949569969291,False,False,,,,,,,,,,,,,,,,,,,,,,,,,,,,,,,,,,,,,,,,,
61,176,v1,normal,0.0,0,800,False,False,,6.151800523046404,True,316,True,True,True,0.0004017960379750116,True,,True,True,True,True,489,True,False,489,0.11977749690413475,0.0004017960379750116,"[0.0,0.0,0.6272661089897156]",-3.7143054947008647e-07,0.0,0.0,passed,,,,,True,True,0.6122351561930591,False,False,disabled,0,0,0.0,False,,False,False,,False,False,,False,,0,0.0,0.0,True,7.613298595406137e-07,0.0004681949569969291,"[-2.682209014892578e-07,6.910413503646851e-07,0.0]",False,800,"[1.4901161193847656e-08,-9.313225746154785e-09,-3.91155481338501e-08]","[3.1723175197839737e-09,6.101618055254221e-08,-4.750363586936146e-07]",7.613298595406137e-07,0.0004681949569969291,False,False,True,,0.0004017960379750116,True,True,True,True,-3.7143054947008647e-07,0.07999992743134499,489,0,privileged_state_simulator_reference_agreement,True,800,0,0,0,0,800,0,,,,1.0,800,,,,,,,,,,,,,,,,
62,176,v2,normal,0.0,0,800,False,False,,6.274671174120158,True,316,True,True,True,0.0004017960379750116,True,,True,True,True,True,489,True,False,489,0.11977749690413475,0.0004017960379750116,"[0.0,0.0,0.6272661089897156]",-3.7143054947008647e-07,0.0,0.0,passed,,,,,True,True,0.6122351561930591,False,False,nominal,0,0,0.0,False,,False,False,,False,False,,False,,0,0.0,0.0,True,7.613298595406137e-07,0.0004681949569969291,"[-2.682209014892578e-07,6.910413503646851e-07,0.0]",False,800,"[1.4901161193847656e-08,-9.313225746154785e-09,-3.91155481338501e-08]","[3.1723175197839737e-09,6.101618055254221e-08,-4.750363586936146e-07]",7.613298595406137e-07,0.0004681949569969291,False,False,True,,0.0004017960379750116,True,True,True,True,-3.7143054947008647e-07,0.07999992743134499,489,0,privileged_state_simulator_reference_agreement,True,800,0,0,0,0,800,0,,,,1.0,800,,,,,0,400,0,0.0,,,,,,,,
63,177,baseline,normal,0.0,0,800,False,False,,5.862484712852165,True,316,True,True,True,0.00022757707249186255,True,,True,True,True,True,489,True,False,489,0.1197681836783886,0.00022757707249186255,"[0.0,0.0,0.6272652745246887]",-3.7509278494329834e-07,0.0,0.0,disabled,,,,,True,True,0.6617842960139908,False,False,disabled,0,0,0.0,False,,False,False,,False,False,,False,,0,0.0,0.0,True,8.018465620903065e-07,0.0004398722392842353,"[-2.7939677238464355e-07,7.37607479095459e-07,3.91155481338501e-08]",False,800,"[3.725290298461914e-09,-1.1175870895385742e-08,-1.6763806343078613e-08]","[1.0122312232851982e-06,-6.481132004410028e-07,7.490889402106404e-07]",8.018465620903065e-07,0.0004398722392842353,False,False,,,,,,,,,,,,,,,,,,,,,,,,,,,,,,,,,,,,,,,,,
64,177,v1,normal,0.0,0,800,False,False,,6.173665331210941,True,316,True,True,True,0.00022757707249186255,True,,True,True,True,True,489,True,False,489,0.1197681836783886,0.00022757707249186255,"[0.0,0.0,0.6272652745246887]",-3.7509278494329834e-07,0.0,0.0,passed,,,,,True,True,0.6617842960139908,False,False,disabled,0,0,0.0,False,,False,False,,False,False,,False,,0,0.0,0.0,True,8.018465620903065e-07,0.0004398722392842353,"[-2.7939677238464355e-07,7.37607479095459e-07,3.91155481338501e-08]",False,800,"[3.725290298461914e-09,-1.1175870895385742e-08,-1.6763806343078613e-08]","[1.0122312232851982e-06,-6.481132004410028e-07,7.490889402106404e-07]",8.018465620903065e-07,0.0004398722392842353,False,False,True,,0.00022757707249186255,True,True,True,True,-3.7509278494329834e-07,0.07999994233250618,489,0,privileged_state_simulator_reference_agreement,True,800,0,0,0,0,800,0,,,,1.0,800,,,,,,,,,,,,,,,,
65,177,v2,normal,0.0,0,800,False,False,,6.164458337938413,True,316,True,True,True,0.00022757707249186255,True,,True,True,True,True,489,True,False,489,0.1197681836783886,0.00022757707249186255,"[0.0,0.0,0.6272652745246887]",-3.7509278494329834e-07,0.0,0.0,passed,,,,,True,True,0.6617842960139908,False,False,nominal,0,0,0.0,False,,False,False,,False,False,,False,,0,0.0,0.0,True,8.018465620903065e-07,0.0004398722392842353,"[-2.7939677238464355e-07,7.37607479095459e-07,3.91155481338501e-08]",False,800,"[3.725290298461914e-09,-1.1175870895385742e-08,-1.6763806343078613e-08]","[1.0122312232851982e-06,-6.481132004410028e-07,7.490889402106404e-07]",8.018465620903065e-07,0.0004398722392842353,False,False,True,,0.00022757707249186255,True,True,True,True,-3.7509278494329834e-07,0.07999994233250618,489,0,privileged_state_simulator_reference_agreement,True,800,0,0,0,0,800,0,,,,1.0,800,,,,,0,400,0,0.0,,,,,,,,
66,178,baseline,normal,0.0,0,800,False,False,,6.063930884003639,True,316,True,True,True,0.00020637761146300273,True,,True,True,True,True,489,True,False,489,0.11975976452231407,0.00020637761146300273,"[0.0,0.0,0.627738893032074]",-3.225933066508535e-07,0.0,0.0,disabled,,,,,True,True,0.6562075749153827,False,False,disabled,0,0,0.0,False,,False,False,,False,False,,False,,0,0.0,0.0,True,2.7448590129298936e-07,0.00011265304665917137,"[-2.2351741790771484e-08,-2.644956111907959e-07,-3.5390257835388184e-08]",False,800,"[5.21540641784668e-08,-1.4156103134155273e-07,-7.450580596923828e-09]","[-5.010227323509753e-05,-8.87521673575975e-06,-2.059799589915201e-05]",2.7448590129298936e-07,0.00011265304665917137,False,False,,,,,,,,,,,,,,,,,,,,,,,,,,,,,,,,,,,,,,,,,
67,178,v1,normal,0.0,0,800,False,False,,6.450153652112931,True,316,True,True,True,0.00020637761146300273,True,,True,True,True,True,489,True,False,489,0.11975976452231407,0.00020637761146300273,"[0.0,0.0,0.627738893032074]",-3.225933066508535e-07,0.0,0.0,passed,,,,,True,True,0.6562075749153827,False,False,disabled,0,0,0.0,False,,False,False,,False,False,,False,,0,0.0,0.0,True,2.7448590129298936e-07,0.00011265304665917137,"[-2.2351741790771484e-08,-2.644956111907959e-07,-3.5390257835388184e-08]",False,800,"[5.21540641784668e-08,-1.4156103134155273e-07,-7.450580596923828e-09]","[-5.010227323509753e-05,-8.87521673575975e-06,-2.059799589915201e-05]",2.7448590129298936e-07,0.00011265304665917137,False,False,True,,0.00020637761146300273,True,True,True,True,-3.225933066508535e-07,0.07999993488192558,489,0,privileged_state_simulator_reference_agreement,True,800,0,0,0,0,800,0,,,,1.0,800,,,,,,,,,,,,,,,,
68,178,v2,normal,0.0,0,800,False,False,,7.202366496901959,True,316,True,True,True,0.00020637761146300273,True,,True,True,True,True,489,True,False,489,0.11975976452231407,0.00020637761146300273,"[0.0,0.0,0.627738893032074]",-3.225933066508535e-07,0.0,0.0,passed,,,,,True,True,0.6562075749153827,False,False,nominal,0,0,0.0,False,,False,False,,False,False,,False,,0,0.0,0.0,True,2.7448590129298936e-07,0.00011265304665917137,"[-2.2351741790771484e-08,-2.644956111907959e-07,-3.5390257835388184e-08]",False,800,"[5.21540641784668e-08,-1.4156103134155273e-07,-7.450580596923828e-09]","[-5.010227323509753e-05,-8.87521673575975e-06,-2.059799589915201e-05]",2.7448590129298936e-07,0.00011265304665917137,False,False,True,,0.00020637761146300273,True,True,True,True,-3.225933066508535e-07,0.07999993488192558,489,0,privileged_state_simulator_reference_agreement,True,800,0,0,0,0,800,0,,,,1.0,800,,,,,0,400,0,0.0,,,,,,,,
69,179,baseline,normal,0.0,0,800,False,False,,5.884513878962025,True,316,True,True,True,0.00037229064287778107,True,,True,True,True,True,489,True,False,489,0.11978251859545708,0.00037229064287778107,"[0.0,0.0,0.6278384327888489]",-3.8108651027879414e-07,0.0,0.0,disabled,,,,,True,True,0.644836846138906,False,False,disabled,0,0,0.0,False,,False,False,,False,False,,False,,0,0.0,0.0,True,4.768953623117584e-07,0.0004573033381978824,"[2.2351741790771484e-07,-4.023313522338867e-07,1.1175870895385742e-08]",False,800,"[0.0,7.450580596923828e-09,3.725290298461914e-09]","[-6.548361852765083e-08,-9.18807927519083e-08,-3.249442670494318e-08]",4.768953623117584e-07,0.0004573033381978824,False,False,,,,,,,,,,,,,,,,,,,,,,,,,,,,,,,,,,,,,,,,,
70,179,v1,normal,0.0,0,800,False,False,,6.0107810869812965,True,316,True,True,True,0.00037229064287778107,True,,True,True,True,True,489,True,False,489,0.11978251859545708,0.00037229064287778107,"[0.0,0.0,0.6278384327888489]",-3.8108651027879414e-07,0.0,0.0,passed,,,,,True,True,0.644836846138906,False,False,disabled,0,0,0.0,False,,False,False,,False,False,,False,,0,0.0,0.0,True,4.768953623117584e-07,0.0004573033381978824,"[2.2351741790771484e-07,-4.023313522338867e-07,1.1175870895385742e-08]",False,800,"[0.0,7.450580596923828e-09,3.725290298461914e-09]","[-6.548361852765083e-08,-9.18807927519083e-08,-3.249442670494318e-08]",4.768953623117584e-07,0.0004573033381978824,False,False,True,,0.00037229064287778107,True,True,True,True,-3.8108651027879414e-07,0.07999992743134499,489,0,privileged_state_simulator_reference_agreement,True,800,0,0,0,0,800,0,,,,1.0,800,,,,,,,,,,,,,,,,
71,179,v2,normal,0.0,0,800,False,False,,6.693649769062176,True,316,True,True,True,0.00037229064287778107,True,,True,True,True,True,489,True,False,489,0.11978251859545708,0.00037229064287778107,"[0.0,0.0,0.6278384327888489]",-3.8108651027879414e-07,0.0,0.0,passed,,,,,True,True,0.644836846138906,False,False,nominal,0,0,0.0,False,,False,False,,False,False,,False,,0,0.0,0.0,True,4.768953623117584e-07,0.0004573033381978824,"[2.2351741790771484e-07,-4.023313522338867e-07,1.1175870895385742e-08]",False,800,"[0.0,7.450580596923828e-09,3.725290298461914e-09]","[-6.548361852765083e-08,-9.18807927519083e-08,-3.249442670494318e-08]",4.768953623117584e-07,0.0004573033381978824,False,False,True,,0.00037229064287778107,True,True,True,True,-3.8108651027879414e-07,0.07999992743134499,489,0,privileged_state_simulator_reference_agreement,True,800,0,0,0,0,800,0,,,,1.0,800,,,,,0,400,0,0.0,,,,,,,,
72,162,baseline,force-easy-v1,0.41868388652801514,0,800,False,False,,5.8057437739335,True,316,True,True,True,0.009886796285633461,True,,True,True,True,True,489,True,False,489,0.11971185728907585,0.009886796285633461,"[0.0,0.0,0.6278393864631653]",-3.872672859825399e-07,0.0,0.0,disabled,,,,,True,True,0.7270083809386795,False,False,disabled,0,0,0.0,False,,False,False,,False,False,,False,,5,0.02093419385848505,0.04999999888241291,True,0.01002253107533394,0.18138474884756076,"[1.125037670135498e-05,0.010022520087659359,1.1175870895385742e-08]",False,800,"[5.867332220077515e-06,0.0053910723072476685,1.6149133443832397e-06]","[-0.00022756855469197035,0.18161573700490408,-0.005560739416978322]",0.01002253107533394,0.18138474884756076,False,False,,,,,,,,,,,,,,,,,,,,,,,,,,,,,,,,,,,,,,,,,
73,162,v1,force-easy-v1,0.41868388652801514,0,800,False,False,,6.002809539902955,True,316,True,True,True,0.009886796285633461,True,,True,True,True,True,489,True,False,489,0.11971185728907585,0.009886796285633461,"[0.0,0.0,0.6278393864631653]",-3.872672859825399e-07,0.0,0.0,passed,,,,,True,True,0.7270083809386795,False,False,disabled,0,0,0.0,False,,False,False,,False,False,,False,,5,0.02093419385848505,0.04999999888241291,True,0.01002253107533394,0.18138474884756076,"[1.125037670135498e-05,0.010022520087659359,1.1175870895385742e-08]",False,800,"[5.867332220077515e-06,0.0053910723072476685,1.6149133443832397e-06]","[-0.00022756855469197035,0.18161573700490408,-0.005560739416978322]",0.01002253107533394,0.18138474884756076,False,False,True,,0.009886796285633461,True,True,True,True,-3.872672859825399e-07,0.07999994978308678,489,0,privileged_state_simulator_reference_agreement,True,800,0,0,0,0,800,0,,,,1.0,800,,,,,,,,,,,,,,,,
74,162,v2,force-easy-v1,0.41868388652801514,0,800,False,False,,6.311695402022451,True,316,True,True,True,0.009886796285633461,True,,True,True,True,True,489,True,False,489,0.11971185728907585,0.009886796285633461,"[0.0,0.0,0.6278393864631653]",-3.872672859825399e-07,0.0,0.0,passed,,,,,True,True,0.7270083809386795,False,False,nominal,0,0,0.0,False,,False,False,,False,False,,False,,5,0.02093419385848505,0.04999999888241291,True,0.01002253107533394,0.18138474884756076,"[1.125037670135498e-05,0.010022520087659359,1.1175870895385742e-08]",False,800,"[5.867332220077515e-06,0.0053910723072476685,1.6149133443832397e-06]","[-0.00022756855469197035,0.18161573700490408,-0.005560739416978322]",0.01002253107533394,0.18138474884756076,False,False,True,,0.009886796285633461,True,True,True,True,-3.872672859825399e-07,0.07999994978308678,489,0,privileged_state_simulator_reference_agreement,True,800,0,0,0,0,800,0,,,,1.0,800,,,,,0,400,0,0.0,,,,,,,,
75,163,baseline,force-easy-v1,0.41868388652801514,0,800,False,False,,5.928878809092566,True,316,True,True,True,0.010220074919278514,True,,True,True,True,True,489,True,False,489,0.11969823762774467,0.010220074919278514,"[0.0,0.0,0.6278212070465088]",-4.343229592154718e-07,0.0,0.0,disabled,,,,,True,True,0.7398612632859686,False,False,disabled,0,0,0.0,False,,False,False,,False,False,,False,,5,0.02093419385848505,0.04999999888241291,True,0.010014947983328708,0.18051013816275205,"[9.154900908470154e-06,0.010014928877353668,3.725290298461914e-09]",False,800,"[5.848705768585205e-06,0.0053887516260147095,1.085922122001648e-06]","[-0.00017041995306499302,0.1808036097791046,-0.0028551279538078234]",0.010014947983328708,0.18051013816275205,False,False,,,,,,,,,,,,,,,,,,,,,,,,,,,,,,,,,,,,,,,,,
76,163,v1,force-easy-v1,0.41868388652801514,0,800,False,False,,6.025974935851991,True,316,True,True,True,0.010220074919278514,True,,True,True,True,True,489,True,False,489,0.11969823762774467,0.010220074919278514,"[0.0,0.0,0.6278212070465088]",-4.343229592154718e-07,0.0,0.0,passed,,,,,True,True,0.7398612632859686,False,False,disabled,0,0,0.0,False,,False,False,,False,False,,False,,5,0.02093419385848505,0.04999999888241291,True,0.010014947983328708,0.18051013816275205,"[9.154900908470154e-06,0.010014928877353668,3.725290298461914e-09]",False,800,"[5.848705768585205e-06,0.0053887516260147095,1.085922122001648e-06]","[-0.00017041995306499302,0.1808036097791046,-0.0028551279538078234]",0.010014947983328708,0.18051013816275205,False,False,True,,0.010220074919278514,True,True,True,True,-4.343229592154718e-07,0.07999995350837708,489,0,privileged_state_simulator_reference_agreement,True,800,0,0,0,0,800,0,,,,1.0,800,,,,,,,,,,,,,,,,
77,163,v2,force-easy-v1,0.41868388652801514,0,800,False,False,,5.9574953760020435,True,316,True,True,True,0.010220074919278514,True,,True,True,True,True,489,True,False,489,0.11969823762774467,0.010220074919278514,"[0.0,0.0,0.6278212070465088]",-4.343229592154718e-07,0.0,0.0,passed,,,,,True,True,0.7398612632859686,False,False,nominal,0,0,0.0,False,,False,False,,False,False,,False,,5,0.02093419385848505,0.04999999888241291,True,0.010014947983328708,0.18051013816275205,"[9.154900908470154e-06,0.010014928877353668,3.725290298461914e-09]",False,800,"[5.848705768585205e-06,0.0053887516260147095,1.085922122001648e-06]","[-0.00017041995306499302,0.1808036097791046,-0.0028551279538078234]",0.010014947983328708,0.18051013816275205,False,False,True,,0.010220074919278514,True,True,True,True,-4.343229592154718e-07,0.07999995350837708,489,0,privileged_state_simulator_reference_agreement,True,800,0,0,0,0,800,0,,,,1.0,800,,,,,0,400,0,0.0,,,,,,,,
78,164,baseline,force-easy-v1,0.41868388652801514,0,800,False,False,,5.759161276044324,True,316,True,True,True,0.009956095959317018,True,,True,True,True,True,489,True,False,489,0.1197037361562252,0.009956095959317018,"[0.0,0.0,0.6278206706047058]",-4.3571696446004227e-07,0.0,0.0,disabled,,,,,True,True,0.6725582517017088,False,False,disabled,0,0,0.0,False,,False,False,,False,False,,False,,5,0.02093419385848505,0.04999999888241291,True,0.010095657589993357,0.1801665285315525,"[-1.4776713214814663e-05,0.010095156729221344,-1.4901161193847656e-08]",False,800,"[-1.0843854397535324e-05,0.005424622446298599,2.0302832126617432e-07]","[0.0003784784203162417,0.17990110610844567,0.00015652303568458592]",0.010095657589993357,0.1801665285315525,False,False,,,,,,,,,,,,,,,,,,,,,,,,,,,,,,,,,,,,,,,,,
79,164,v1,force-easy-v1,0.41868388652801514,0,800,False,False,,6.010441477876157,True,316,True,True,True,0.009956095959317018,True,,True,True,True,True,489,True,False,489,0.1197037361562252,0.009956095959317018,"[0.0,0.0,0.6278206706047058]",-4.3571696446004227e-07,0.0,0.0,passed,,,,,True,True,0.6725582517017088,False,False,disabled,0,0,0.0,False,,False,False,,False,False,,False,,5,0.02093419385848505,0.04999999888241291,True,0.010095657589993357,0.1801665285315525,"[-1.4776713214814663e-05,0.010095156729221344,-1.4901161193847656e-08]",False,800,"[-1.0843854397535324e-05,0.005424622446298599,2.0302832126617432e-07]","[0.0003784784203162417,0.17990110610844567,0.00015652303568458592]",0.010095657589993357,0.1801665285315525,False,False,True,,0.009956095959317018,True,True,True,True,-4.3571696446004227e-07,0.07999993115663528,489,0,privileged_state_simulator_reference_agreement,True,800,0,0,0,0,800,0,,,,1.0,800,,,,,,,,,,,,,,,,
80,164,v2,force-easy-v1,0.41868388652801514,0,800,False,False,,6.0309825809672475,True,316,True,True,True,0.009956095959317018,True,,True,True,True,True,489,True,False,489,0.1197037361562252,0.009956095959317018,"[0.0,0.0,0.6278206706047058]",-4.3571696446004227e-07,0.0,0.0,passed,,,,,True,True,0.6725582517017088,False,False,nominal,0,0,0.0,False,,False,False,,False,False,,False,,5,0.02093419385848505,0.04999999888241291,True,0.010095657589993357,0.1801665285315525,"[-1.4776713214814663e-05,0.010095156729221344,-1.4901161193847656e-08]",False,800,"[-1.0843854397535324e-05,0.005424622446298599,2.0302832126617432e-07]","[0.0003784784203162417,0.17990110610844567,0.00015652303568458592]",0.010095657589993357,0.1801665285315525,False,False,True,,0.009956095959317018,True,True,True,True,-4.3571696446004227e-07,0.07999993115663528,489,0,privileged_state_simulator_reference_agreement,True,800,0,0,0,0,800,0,,,,1.0,800,,,,,0,400,0,0.0,,,,,,,,
81,165,baseline,force-easy-v1,0.41868388652801514,0,800,False,False,,5.869383442914113,True,316,True,True,True,0.009894921880990585,True,,True,True,True,True,489,True,False,489,0.1197097860276699,0.009894921880990585,"[0.0,0.0,0.6279412508010864]",-3.676759655138473e-07,0.0,0.0,disabled,,,,,True,True,0.6231732343229961,False,False,disabled,0,0,0.0,False,,False,False,,False,False,,False,,5,0.02093419385848505,0.04999999888241291,True,0.0100966994950627,0.18004253333045886,"[3.244727849960327e-06,0.010095559060573578,4.284083843231201e-08]",False,800,"[5.928799510002136e-06,0.005422540009021759,2.1047890186309814e-07]","[-0.0005292650894261897,0.1799122804950457,0.00012140023750362161]",0.0100966994950627,0.18004253333045886,False,False,,,,,,,,,,,,,,,,,,,,,,,,,,,,,,,,,,,,,,,,,
82,165,v1,force-easy-v1,0.41868388652801514,0,800,False,False,,5.967297070194036,True,316,True,True,True,0.009894921880990585,True,,True,True,True,True,489,True,False,489,0.1197097860276699,0.009894921880990585,"[0.0,0.0,0.6279412508010864]",-3.676759655138473e-07,0.0,0.0,passed,,,,,True,True,0.6231732343229961,False,False,disabled,0,0,0.0,False,,False,False,,False,False,,False,,5,0.02093419385848505,0.04999999888241291,True,0.0100966994950627,0.18004253333045886,"[3.244727849960327e-06,0.010095559060573578,4.284083843231201e-08]",False,800,"[5.928799510002136e-06,0.005422540009021759,2.1047890186309814e-07]","[-0.0005292650894261897,0.1799122804950457,0.00012140023750362161]",0.0100966994950627,0.18004253333045886,False,False,True,,0.009894921880990585,True,True,True,True,-3.676759655138473e-07,0.07999991998076439,489,0,privileged_state_simulator_reference_agreement,True,800,0,0,0,0,800,0,,,,1.0,800,,,,,,,,,,,,,,,,
83,165,v2,force-easy-v1,0.41868388652801514,0,800,False,False,,7.317512474022806,True,316,True,True,True,0.009894921880990585,True,,True,True,True,True,489,True,False,489,0.1197097860276699,0.009894921880990585,"[0.0,0.0,0.6279412508010864]",-3.676759655138473e-07,0.0,0.0,passed,,,,,True,True,0.6231732343229961,False,False,nominal,0,0,0.0,False,,False,False,,False,False,,False,,5,0.02093419385848505,0.04999999888241291,True,0.0100966994950627,0.18004253333045886,"[3.244727849960327e-06,0.010095559060573578,4.284083843231201e-08]",False,800,"[5.928799510002136e-06,0.005422540009021759,2.1047890186309814e-07]","[-0.0005292650894261897,0.1799122804950457,0.00012140023750362161]",0.0100966994950627,0.18004253333045886,False,False,True,,0.009894921880990585,True,True,True,True,-3.676759655138473e-07,0.07999991998076439,489,0,privileged_state_simulator_reference_agreement,True,800,0,0,0,0,800,0,,,,1.0,800,,,,,0,400,0,0.0,,,,,,,,
84,166,baseline,force-easy-v1,0.41868388652801514,0,800,False,False,,5.854314951924607,True,316,True,True,True,0.010282868633263541,True,,True,True,True,True,489,True,False,489,0.11973297223448753,0.010282868633263541,"[0.0,0.0,0.6278225183486938]",-4.113267710499635e-07,0.0,0.0,disabled,,,,,True,True,0.7136064609117213,False,False,disabled,0,0,0.0,False,,False,False,,False,False,,False,,5,0.02093419385848505,0.04999999888241291,True,0.010097742948846088,0.1800602965329889,"[4.3101608753204346e-06,0.010096579790115356,-1.1548399925231934e-07]",False,800,"[7.02589750289917e-06,0.005422718822956085,9.12696123123169e-08]","[-0.0005607907805824652,0.17993110211682506,5.8674486353993416e-05]",0.010097742948846088,0.1800602965329889,False,False,,,,,,,,,,,,,,,,,,,,,,,,,,,,,,,,,,,,,,,,,
85,166,v1,force-easy-v1,0.41868388652801514,0,800,False,False,,6.051225917879492,True,316,True,True,True,0.010282868633263541,True,,True,True,True,True,489,True,False,489,0.11973297223448753,0.010282868633263541,"[0.0,0.0,0.6278225183486938]",-4.113267710499635e-07,0.0,0.0,passed,,,,,True,True,0.7136064609117213,False,False,disabled,0,0,0.0,False,,False,False,,False,False,,False,,5,0.02093419385848505,0.04999999888241291,True,0.010097742948846088,0.1800602965329889,"[4.3101608753204346e-06,0.010096579790115356,-1.1548399925231934e-07]",False,800,"[7.02589750289917e-06,0.005422718822956085,9.12696123123169e-08]","[-0.0005607907805824652,0.17993110211682506,5.8674486353993416e-05]",0.010097742948846088,0.1800602965329889,False,False,True,,0.010282868633263541,True,True,True,True,-4.113267710499635e-07,0.07999993860721588,489,0,privileged_state_simulator_reference_agreement,True,800,0,0,0,0,800,0,,,,1.0,800,,,,,,,,,,,,,,,,
86,166,v2,force-easy-v1,0.41868388652801514,0,800,False,False,,6.14351652096957,True,316,True,True,True,0.010282868633263541,True,,True,True,True,True,489,True,False,489,0.11973297223448753,0.010282868633263541,"[0.0,0.0,0.6278225183486938]",-4.113267710499635e-07,0.0,0.0,passed,,,,,True,True,0.7136064609117213,False,False,nominal,0,0,0.0,False,,False,False,,False,False,,False,,5,0.02093419385848505,0.04999999888241291,True,0.010097742948846088,0.1800602965329889,"[4.3101608753204346e-06,0.010096579790115356,-1.1548399925231934e-07]",False,800,"[7.02589750289917e-06,0.005422718822956085,9.12696123123169e-08]","[-0.0005607907805824652,0.17993110211682506,5.8674486353993416e-05]",0.010097742948846088,0.1800602965329889,False,False,True,,0.010282868633263541,True,True,True,True,-4.113267710499635e-07,0.07999993860721588,489,0,privileged_state_simulator_reference_agreement,True,800,0,0,0,0,800,0,,,,1.0,800,,,,,0,400,0,0.0,,,,,,,,
87,167,baseline,force-easy-v1,0.41868388652801514,0,800,False,False,,5.856492299819365,True,316,True,True,True,0.010020329777840451,True,,True,True,True,True,489,True,False,489,0.11981472000479698,0.010020329777840451,"[0.0,0.0,0.6284208297729492]",-2.9306643929000176e-07,0.0,0.0,disabled,,,,,True,True,0.8239737292514421,False,False,disabled,0,0,0.0,False,,False,False,,False,False,,False,,5,0.02093419385848505,0.04999999888241291,True,0.010101577812782161,0.18030217413519578,"[1.5690922737121582e-05,0.010101206600666046,-4.470348358154297e-08]",False,800,"[9.559094905853271e-06,0.00542808324098587,2.1420419216156006e-07]","[-0.00027499270072439685,0.17994703666772693,2.4388795281993225e-05]",0.010101577812782161,0.18030217413519578,False,False,,,,,,,,,,,,,,,,,,,,,,,,,,,,,,,,,,,,,,,,,
88,167,v1,force-easy-v1,0.41868388652801514,0,800,False,False,,6.021480827825144,True,316,True,True,True,0.010020329777840451,True,,True,True,True,True,489,True,False,489,0.11981472000479698,0.010020329777840451,"[0.0,0.0,0.6284208297729492]",-2.9306643929000176e-07,0.0,0.0,passed,,,,,True,True,0.8239737292514421,False,False,disabled,0,0,0.0,False,,False,False,,False,False,,False,,5,0.02093419385848505,0.04999999888241291,True,0.010101577812782161,0.18030217413519578,"[1.5690922737121582e-05,0.010101206600666046,-4.470348358154297e-08]",False,800,"[9.559094905853271e-06,0.00542808324098587,2.1420419216156006e-07]","[-0.00027499270072439685,0.17994703666772693,2.4388795281993225e-05]",0.010101577812782161,0.18030217413519578,False,False,True,,0.010020329777840451,True,True,True,True,-2.9306643929000176e-07,0.07999991998076439,489,0,privileged_state_simulator_reference_agreement,True,800,0,0,0,0,800,0,,,,1.0,800,,,,,,,,,,,,,,,,
89,167,v2,force-easy-v1,0.41868388652801514,0,800,False,False,,5.978746510809287,True,316,True,True,True,0.010020329777840451,True,,True,True,True,True,489,True,False,489,0.11981472000479698,0.010020329777840451,"[0.0,0.0,0.6284208297729492]",-2.9306643929000176e-07,0.0,0.0,passed,,,,,True,True,0.8239737292514421,False,False,nominal,0,0,0.0,False,,False,False,,False,False,,False,,5,0.02093419385848505,0.04999999888241291,True,0.010101577812782161,0.18030217413519578,"[1.5690922737121582e-05,0.010101206600666046,-4.470348358154297e-08]",False,800,"[9.559094905853271e-06,0.00542808324098587,2.1420419216156006e-07]","[-0.00027499270072439685,0.17994703666772693,2.4388795281993225e-05]",0.010101577812782161,0.18030217413519578,False,False,True,,0.010020329777840451,True,True,True,True,-2.9306643929000176e-07,0.07999991998076439,489,0,privileged_state_simulator_reference_agreement,True,800,0,0,0,0,800,0,,,,1.0,800,,,,,0,400,0,0.0,,,,,,,,
90,168,baseline,force-easy-v1,0.41868388652801514,0,800,False,False,,5.84991195704788,True,316,True,True,True,0.010284747851069986,True,,True,True,True,True,489,True,False,489,0.11978715285658836,0.010284747851069986,"[0.0,0.0,0.6279500722885132]",-3.6701115535206497e-07,0.0,0.0,disabled,,,,,True,True,0.6291421011777336,False,False,disabled,0,0,0.0,False,,False,False,,False,False,,False,,5,0.02093419385848505,0.04999999888241291,True,0.010085117471540738,0.18012941282347011,"[-1.074373722076416e-05,0.010084924288094044,-7.078051567077637e-08]",False,800,"[-6.362795829772949e-06,0.005420506000518799,8.568167686462402e-08]","[0.0001674371014814824,0.17992848306312226,6.205161491834588e-05]",0.010085117471540738,0.18012941282347011,False,False,,,,,,,,,,,,,,,,,,,,,,,,,,,,,,,,,,,,,,,,,
91,168,v1,force-easy-v1,0.41868388652801514,0,800,False,False,,6.0257270850706846,True,316,True,True,True,0.010284747851069986,True,,True,True,True,True,489,True,False,489,0.11978715285658836,0.010284747851069986,"[0.0,0.0,0.6279500722885132]",-3.6701115535206497e-07,0.0,0.0,passed,,,,,True,True,0.6291421011777336,False,False,disabled,0,0,0.0,False,,False,False,,False,False,,False,,5,0.02093419385848505,0.04999999888241291,True,0.010085117471540738,0.18012941282347011,"[-1.074373722076416e-05,0.010084924288094044,-7.078051567077637e-08]",False,800,"[-6.362795829772949e-06,0.005420506000518799,8.568167686462402e-08]","[0.0001674371014814824,0.17992848306312226,6.205161491834588e-05]",0.010085117471540738,0.18012941282347011,False,False,True,,0.010284747851069986,True,True,True,True,-3.6701115535206497e-07,0.07999993115663528,489,0,privileged_state_simulator_reference_agreement,True,800,0,0,0,0,800,0,,,,1.0,800,,,,,,,,,,,,,,,,
92,168,v2,force-easy-v1,0.41868388652801514,0,800,False,False,,6.71489192917943,True,316,True,True,True,0.010284747851069986,True,,True,True,True,True,489,True,False,489,0.11978715285658836,0.010284747851069986,"[0.0,0.0,0.6279500722885132]",-3.6701115535206497e-07,0.0,0.0,passed,,,,,True,True,0.6291421011777336,False,False,nominal,0,0,0.0,False,,False,False,,False,False,,False,,5,0.02093419385848505,0.04999999888241291,True,0.010085117471540738,0.18012941282347011,"[-1.074373722076416e-05,0.010084924288094044,-7.078051567077637e-08]",False,800,"[-6.362795829772949e-06,0.005420506000518799,8.568167686462402e-08]","[0.0001674371014814824,0.17992848306312226,6.205161491834588e-05]",0.010085117471540738,0.18012941282347011,False,False,True,,0.010284747851069986,True,True,True,True,-3.6701115535206497e-07,0.07999993115663528,489,0,privileged_state_simulator_reference_agreement,True,800,0,0,0,0,800,0,,,,1.0,800,,,,,0,400,0,0.0,,,,,,,,
93,169,baseline,force-easy-v1,0.41868388652801514,0,800,False,False,,5.88547235308215,True,316,True,True,True,0.009975600642335639,True,,True,True,True,True,489,True,False,489,0.11975259706377983,0.009975600642335639,"[0.0,0.0,0.6278377771377563]",-4.369955594468733e-07,0.0,0.0,disabled,,,,,True,True,0.6132925948601825,False,False,disabled,0,0,0.0,False,,False,False,,False,False,,False,,5,0.02093419385848505,0.04999999888241291,True,0.010100531203503876,0.18017173016430837,"[1.3731420040130615e-05,0.01009918749332428,-3.725290298461914e-09]",False,800,"[1.058727502822876e-05,0.005426093935966492,1.9744038581848145e-07]","[-0.0005095521337352693,0.17991053563309833,0.0001495062310823414]",0.010100531203503876,0.18017173016430837,False,False,,,,,,,,,,,,,,,,,,,,,,,,,,,,,,,,,,,,,,,,,
94,169,v1,force-easy-v1,0.41868388652801514,0,800,False,False,,6.19953398196958,True,316,True,True,True,0.009975600642335639,True,,True,True,True,True,489,True,False,489,0.11975259706377983,0.009975600642335639,"[0.0,0.0,0.6278377771377563]",-4.369955594468733e-07,0.0,0.0,passed,,,,,True,True,0.6132925948601825,False,False,disabled,0,0,0.0,False,,False,False,,False,False,,False,,5,0.02093419385848505,0.04999999888241291,True,0.010100531203503876,0.18017173016430837,"[1.3731420040130615e-05,0.01009918749332428,-3.725290298461914e-09]",False,800,"[1.058727502822876e-05,0.005426093935966492,1.9744038581848145e-07]","[-0.0005095521337352693,0.17991053563309833,0.0001495062310823414]",0.010100531203503876,0.18017173016430837,False,False,True,,0.009975600642335639,True,True,True,True,-4.369955594468733e-07,0.07999992370605469,489,0,privileged_state_simulator_reference_agreement,True,800,0,0,0,0,800,0,,,,1.0,800,,,,,,,,,,,,,,,,
95,169,v2,force-easy-v1,0.41868388652801514,0,800,False,False,,6.10520680504851,True,316,True,True,True,0.009975600642335639,True,,True,True,True,True,489,True,False,489,0.11975259706377983,0.009975600642335639,"[0.0,0.0,0.6278377771377563]",-4.369955594468733e-07,0.0,0.0,passed,,,,,True,True,0.6132925948601825,False,False,nominal,0,0,0.0,False,,False,False,,False,False,,False,,5,0.02093419385848505,0.04999999888241291,True,0.010100531203503876,0.18017173016430837,"[1.3731420040130615e-05,0.01009918749332428,-3.725290298461914e-09]",False,800,"[1.058727502822876e-05,0.005426093935966492,1.9744038581848145e-07]","[-0.0005095521337352693,0.17991053563309833,0.0001495062310823414]",0.010100531203503876,0.18017173016430837,False,False,True,,0.009975600642335639,True,True,True,True,-4.369955594468733e-07,0.07999992370605469,489,0,privileged_state_simulator_reference_agreement,True,800,0,0,0,0,800,0,,,,1.0,800,,,,,0,400,0,0.0,,,,,,,,
96,170,baseline,force-easy-v1,0.41868388652801514,0,800,False,False,,6.132231774041429,True,316,True,True,True,0.010380866575424946,True,,True,True,True,True,489,True,False,489,0.11973616108298302,0.010380866575424946,"[0.0,0.0,0.6278393268585205]",-4.6598894406363334e-07,0.0,0.0,disabled,,,,,True,True,0.7620702071641996,False,False,disabled,0,0,0.0,False,,False,False,,False,False,,False,,5,0.02093419385848505,0.04999999888241291,True,0.010108074819752802,0.18023573197322942,"[-1.3150274753570557e-05,0.01010725274682045,-1.30385160446167e-08]",False,800,"[-1.0810792446136475e-05,0.00542951375246048,2.1420419216156006e-07]","[0.00046947947703301907,0.17991528630955145,0.00012124050749662274]",0.010108074819752802,0.18023573197322942,False,False,,,,,,,,,,,,,,,,,,,,,,,,,,,,,,,,,,,,,,,,,
97,170,v1,force-easy-v1,0.41868388652801514,0,800,False,False,,6.091881737112999,True,316,True,True,True,0.010380866575424946,True,,True,True,True,True,489,True,False,489,0.11973616108298302,0.010380866575424946,"[0.0,0.0,0.6278393268585205]",-4.6598894406363334e-07,0.0,0.0,passed,,,,,True,True,0.7620702071641996,False,False,disabled,0,0,0.0,False,,False,False,,False,False,,False,,5,0.02093419385848505,0.04999999888241291,True,0.010108074819752802,0.18023573197322942,"[-1.3150274753570557e-05,0.01010725274682045,-1.30385160446167e-08]",False,800,"[-1.0810792446136475e-05,0.00542951375246048,2.1420419216156006e-07]","[0.00046947947703301907,0.17991528630955145,0.00012124050749662274]",0.010108074819752802,0.18023573197322942,False,False,True,,0.010380866575424946,True,True,True,True,-4.6598894406363334e-07,0.07999994978308678,489,0,privileged_state_simulator_reference_agreement,True,800,0,0,0,0,800,0,,,,1.0,800,,,,,,,,,,,,,,,,
98,170,v2,force-easy-v1,0.41868388652801514,0,800,False,False,,6.691458141896874,True,316,True,True,True,0.010380866575424946,True,,True,True,True,True,489,True,False,489,0.11973616108298302,0.010380866575424946,"[0.0,0.0,0.6278393268585205]",-4.6598894406363334e-07,0.0,0.0,passed,,,,,True,True,0.7620702071641996,False,False,nominal,0,0,0.0,False,,False,False,,False,False,,False,,5,0.02093419385848505,0.04999999888241291,True,0.010108074819752802,0.18023573197322942,"[-1.3150274753570557e-05,0.01010725274682045,-1.30385160446167e-08]",False,800,"[-1.0810792446136475e-05,0.00542951375246048,2.1420419216156006e-07]","[0.00046947947703301907,0.17991528630955145,0.00012124050749662274]",0.010108074819752802,0.18023573197322942,False,False,True,,0.010380866575424946,True,True,True,True,-4.6598894406363334e-07,0.07999994978308678,489,0,privileged_state_simulator_reference_agreement,True,800,0,0,0,0,800,0,,,,1.0,800,,,,,0,400,0,0.0,,,,,,,,
99,171,baseline,force-easy-v1,0.41868388652801514,0,800,False,False,,5.88416465301998,True,316,True,True,True,0.010238443518550978,True,,True,True,True,True,489,True,False,489,0.11969780549407005,0.010238443518550978,"[0.0,0.0,0.62782222032547]",-4.3051479461930775e-07,0.0,0.0,disabled,,,,,True,True,0.7740859885050981,False,False,disabled,0,0,0.0,False,,False,False,,False,False,,False,,5,0.02093419385848505,0.04999999888241291,True,0.010016192824570624,0.18062284394982342,"[9.592622518539429e-06,0.010016188025474548,2.0489096641540527e-08]",False,800,"[5.3122639656066895e-06,0.005388826131820679,1.218169927597046e-06]","[-0.0001706518160062842,0.18093164428137243,-0.003281361612607725]",0.010016192824570624,0.18062284394982342,False,False,,,,,,,,,,,,,,,,,,,,,,,,,,,,,,,,,,,,,,,,,
100,171,v1,force-easy-v1,0.41868388652801514,0,800,False,False,,5.951126248110086,True,316,True,True,True,0.010238443518550978,True,,True,True,True,True,489,True,False,489,0.11969780549407005,0.010238443518550978,"[0.0,0.0,0.62782222032547]",-4.3051479461930775e-07,0.0,0.0,passed,,,,,True,True,0.7740859885050981,False,False,disabled,0,0,0.0,False,,False,False,,False,False,,False,,5,0.02093419385848505,0.04999999888241291,True,0.010016192824570624,0.18062284394982342,"[9.592622518539429e-06,0.010016188025474548,2.0489096641540527e-08]",False,800,"[5.3122639656066895e-06,0.005388826131820679,1.218169927597046e-06]","[-0.0001706518160062842,0.18093164428137243,-0.003281361612607725]",0.010016192824570624,0.18062284394982342,False,False,True,,0.010238443518550978,True,True,True,True,-4.3051479461930775e-07,0.07999995723366737,489,0,privileged_state_simulator_reference_agreement,True,800,0,0,0,0,800,0,,,,1.0,800,,,,,,,,,,,,,,,,
101,171,v2,force-easy-v1,0.41868388652801514,0,800,False,False,,6.0450164820067585,True,316,True,True,True,0.010238443518550978,True,,True,True,True,True,489,True,False,489,0.11969780549407005,0.010238443518550978,"[0.0,0.0,0.62782222032547]",-4.3051479461930775e-07,0.0,0.0,passed,,,,,True,True,0.7740859885050981,False,False,nominal,0,0,0.0,False,,False,False,,False,False,,False,,5,0.02093419385848505,0.04999999888241291,True,0.010016192824570624,0.18062284394982342,"[9.592622518539429e-06,0.010016188025474548,2.0489096641540527e-08]",False,800,"[5.3122639656066895e-06,0.005388826131820679,1.218169927597046e-06]","[-0.0001706518160062842,0.18093164428137243,-0.003281361612607725]",0.010016192824570624,0.18062284394982342,False,False,True,,0.010238443518550978,True,True,True,True,-4.3051479461930775e-07,0.07999995723366737,489,0,privileged_state_simulator_reference_agreement,True,800,0,0,0,0,800,0,,,,1.0,800,,,,,0,400,0,0.0,,,,,,,,
102,172,baseline,force-easy-v1,0.41868388652801514,0,800,False,False,,5.849214178044349,True,316,True,True,True,0.009931292225799151,True,,True,True,True,True,489,True,False,489,0.11970704421401024,0.009931292225799151,"[0.0,0.0,0.6278565526008606]",-4.2167173441853834e-07,0.0,0.0,disabled,,,,,True,True,0.7693444846040212,False,False,disabled,0,0,0.0,False,,False,False,,False,False,,False,,5,0.02093419385848505,0.04999999888241291,True,0.010057978371780331,0.17974788142916365,"[8.642673492431641e-07,0.0100579634308815,-3.725290298461914e-09]",False,800,"[3.300607204437256e-06,0.005405046045780182,1.7881393432617188e-07]","[-0.00031871182000031695,0.1798971048410749,0.00016870030594873242]",0.010057978371780331,0.17974788142916365,False,False,,,,,,,,,,,,,,,,,,,,,,,,,,,,,,,,,,,,,,,,,
103,172,v1,force-easy-v1,0.41868388652801514,0,800,False,False,,5.989000487839803,True,316,True,True,True,0.009931292225799151,True,,True,True,True,True,489,True,False,489,0.11970704421401024,0.009931292225799151,"[0.0,0.0,0.6278565526008606]",-4.2167173441853834e-07,0.0,0.0,passed,,,,,True,True,0.7693444846040212,False,False,disabled,0,0,0.0,False,,False,False,,False,False,,False,,5,0.02093419385848505,0.04999999888241291,True,0.010057978371780331,0.17974788142916365,"[8.642673492431641e-07,0.0100579634308815,-3.725290298461914e-09]",False,800,"[3.300607204437256e-06,0.005405046045780182,1.7881393432617188e-07]","[-0.00031871182000031695,0.1798971048410749,0.00016870030594873242]",0.010057978371780331,0.17974788142916365,False,False,True,,0.009931292225799151,True,True,True,True,-4.2167173441853834e-07,0.07999994233250618,489,0,privileged_state_simulator_reference_agreement,True,800,0,0,0,0,800,0,,,,1.0,800,,,,,,,,,,,,,,,,
104,172,v2,force-easy-v1,0.41868388652801514,0,800,False,False,,6.042073518037796,True,316,True,True,True,0.009931292225799151,True,,True,True,True,True,489,True,False,489,0.11970704421401024,0.009931292225799151,"[0.0,0.0,0.6278565526008606]",-4.2167173441853834e-07,0.0,0.0,passed,,,,,True,True,0.7693444846040212,False,False,nominal,0,0,0.0,False,,False,False,,False,False,,False,,5,0.02093419385848505,0.04999999888241291,True,0.010057978371780331,0.17974788142916365,"[8.642673492431641e-07,0.0100579634308815,-3.725290298461914e-09]",False,800,"[3.300607204437256e-06,0.005405046045780182,1.7881393432617188e-07]","[-0.00031871182000031695,0.1798971048410749,0.00016870030594873242]",0.010057978371780331,0.17974788142916365,False,False,True,,0.009931292225799151,True,True,True,True,-4.2167173441853834e-07,0.07999994233250618,489,0,privileged_state_simulator_reference_agreement,True,800,0,0,0,0,800,0,,,,1.0,800,,,,,0,400,0,0.0,,,,,,,,
105,173,baseline,force-easy-v1,0.41868388652801514,0,800,False,False,,5.828423995058984,True,316,True,True,True,0.01025161688722186,True,,True,True,True,True,489,True,False,489,0.1197843961417675,0.01025161688722186,"[0.0,0.0,0.6278231143951416]",-3.899612642001282e-07,0.0,0.0,disabled,,,,,True,True,0.7118195026450201,False,False,disabled,0,0,0.0,False,,False,False,,False,False,,False,,5,0.02093419385848505,0.04999999888241291,True,0.01001660536335359,0.17983521896525065,"[1.4603137969970703e-06,0.010016296058893204,3.5390257835388184e-08]",False,800,"[2.808868885040283e-06,0.00539262592792511,2.8870999813079834e-07]","[-8.356745820492506e-05,0.18000179728551302,-0.00016652089834678918]",0.01001660536335359,0.17983521896525065,False,False,,,,,,,,,,,,,,,,,,,,,,,,,,,,,,,,,,,,,,,,,
106,173,v1,force-easy-v1,0.41868388652801514,0,800,False,False,,5.965395393082872,True,316,True,True,True,0.01025161688722186,True,,True,True,True,True,489,True,False,489,0.1197843961417675,0.01025161688722186,"[0.0,0.0,0.6278231143951416]",-3.899612642001282e-07,0.0,0.0,passed,,,,,True,True,0.7118195026450201,False,False,disabled,0,0,0.0,False,,False,False,,False,False,,False,,5,0.02093419385848505,0.04999999888241291,True,0.01001660536335359,0.17983521896525065,"[1.4603137969970703e-06,0.010016296058893204,3.5390257835388184e-08]",False,800,"[2.808868885040283e-06,0.00539262592792511,2.8870999813079834e-07]","[-8.356745820492506e-05,0.18000179728551302,-0.00016652089834678918]",0.01001660536335359,0.17983521896525065,False,False,True,,0.01025161688722186,True,True,True,True,-3.899612642001282e-07,0.07999993488192558,489,0,privileged_state_simulator_reference_agreement,True,800,0,0,0,0,800,0,,,,1.0,800,,,,,,,,,,,,,,,,
107,173,v2,force-easy-v1,0.41868388652801514,0,800,False,False,,6.052274956833571,True,316,True,True,True,0.01025161688722186,True,,True,True,True,True,489,True,False,489,0.1197843961417675,0.01025161688722186,"[0.0,0.0,0.6278231143951416]",-3.899612642001282e-07,0.0,0.0,passed,,,,,True,True,0.7118195026450201,False,False,nominal,0,0,0.0,False,,False,False,,False,False,,False,,5,0.02093419385848505,0.04999999888241291,True,0.01001660536335359,0.17983521896525065,"[1.4603137969970703e-06,0.010016296058893204,3.5390257835388184e-08]",False,800,"[2.808868885040283e-06,0.00539262592792511,2.8870999813079834e-07]","[-8.356745820492506e-05,0.18000179728551302,-0.00016652089834678918]",0.01001660536335359,0.17983521896525065,False,False,True,,0.01025161688722186,True,True,True,True,-3.899612642001282e-07,0.07999993488192558,489,0,privileged_state_simulator_reference_agreement,True,800,0,0,0,0,800,0,,,,1.0,800,,,,,0,400,0,0.0,,,,,,,,
108,174,baseline,force-easy-v1,0.41868388652801514,0,800,False,False,,5.735589237883687,True,316,True,True,True,0.010175114588458087,True,,True,True,True,True,489,True,False,489,0.11977709457278252,0.010175114588458087,"[0.0,0.0,0.6278794407844543]",-2.9524420223914216e-07,0.0,0.0,disabled,,,,,True,True,0.6793729138532797,False,False,disabled,0,0,0.0,False,,False,False,,False,False,,False,,5,0.02093419385848505,0.04999999888241291,True,0.010019011948510088,0.17979060548522943,"[-1.7955899238586426e-06,0.010018758475780487,-1.6763806343078613e-08]",False,800,"[5.066394805908203e-07,0.00539446622133255,1.2852251529693604e-07]","[-2.9884737159591168e-05,0.17993226171529386,6.609978231608693e-05]",0.010019011948510088,0.17979060548522943,False,False,,,,,,,,,,,,,,,,,,,,,,,,,,,,,,,,,,,,,,,,,
109,174,v1,force-easy-v1,0.41868388652801514,0,800,False,False,,5.997927223099396,True,316,True,True,True,0.010175114588458087,True,,True,True,True,True,489,True,False,489,0.11977709457278252,0.010175114588458087,"[0.0,0.0,0.6278794407844543]",-2.9524420223914216e-07,0.0,0.0,passed,,,,,True,True,0.6793729138532797,False,False,disabled,0,0,0.0,False,,False,False,,False,False,,False,,5,0.02093419385848505,0.04999999888241291,True,0.010019011948510088,0.17979060548522943,"[-1.7955899238586426e-06,0.010018758475780487,-1.6763806343078613e-08]",False,800,"[5.066394805908203e-07,0.00539446622133255,1.2852251529693604e-07]","[-2.9884737159591168e-05,0.17993226171529386,6.609978231608693e-05]",0.010019011948510088,0.17979060548522943,False,False,True,,0.010175114588458087,True,True,True,True,-2.9524420223914216e-07,0.0799999050796032,489,0,privileged_state_simulator_reference_agreement,True,800,0,0,0,0,800,0,,,,1.0,800,,,,,,,,,,,,,,,,
110,174,v2,force-easy-v1,0.41868388652801514,0,800,False,False,,6.251229398883879,True,316,True,True,True,0.010175114588458087,True,,True,True,True,True,489,True,False,489,0.11977709457278252,0.010175114588458087,"[0.0,0.0,0.6278794407844543]",-2.9524420223914216e-07,0.0,0.0,passed,,,,,True,True,0.6793729138532797,False,False,nominal,0,0,0.0,False,,False,False,,False,False,,False,,5,0.02093419385848505,0.04999999888241291,True,0.010019011948510088,0.17979060548522943,"[-1.7955899238586426e-06,0.010018758475780487,-1.6763806343078613e-08]",False,800,"[5.066394805908203e-07,0.00539446622133255,1.2852251529693604e-07]","[-2.9884737159591168e-05,0.17993226171529386,6.609978231608693e-05]",0.010019011948510088,0.17979060548522943,False,False,True,,0.010175114588458087,True,True,True,True,-2.9524420223914216e-07,0.0799999050796032,489,0,privileged_state_simulator_reference_agreement,True,800,0,0,0,0,800,0,,,,1.0,800,,,,,0,400,0,0.0,,,,,,,,
111,175,baseline,force-easy-v1,0.41868388652801514,0,800,False,False,,7.0223095279652625,True,316,True,True,True,0.010255158515174997,True,,True,True,True,True,489,True,False,489,0.11974742636084557,0.010255158515174997,"[0.0,0.0,0.6278576254844666]",-3.3316221262347234e-07,0.0,0.0,disabled,,,,,True,True,0.6473298188801984,False,False,disabled,0,0,0.0,False,,False,False,,False,False,,False,,5,0.02093419385848505,0.04999999888241291,True,0.010026836239898588,0.18075834771203741,"[1.3284385204315186e-05,0.010026797652244568,3.91155481338501e-08]",False,800,"[6.493180990219116e-06,0.005392834544181824,1.30385160446167e-06]","[-0.00021493992971954867,0.18102352783898823,-0.0035863696393789724]",0.010026836239898588,0.18075834771203741,False,False,,,,,,,,,,,,,,,,,,,,,,,,,,,,,,,,,,,,,,,,,
112,175,v1,force-easy-v1,0.41868388652801514,0,800,False,False,,6.115093637956306,True,316,True,True,True,0.010255158515174997,True,,True,True,True,True,489,True,False,489,0.11974742636084557,0.010255158515174997,"[0.0,0.0,0.6278576254844666]",-3.3316221262347234e-07,0.0,0.0,passed,,,,,True,True,0.6473298188801984,False,False,disabled,0,0,0.0,False,,False,False,,False,False,,False,,5,0.02093419385848505,0.04999999888241291,True,0.010026836239898588,0.18075834771203741,"[1.3284385204315186e-05,0.010026797652244568,3.91155481338501e-08]",False,800,"[6.493180990219116e-06,0.005392834544181824,1.30385160446167e-06]","[-0.00021493992971954867,0.18102352783898823,-0.0035863696393789724]",0.010026836239898588,0.18075834771203741,False,False,True,,0.010255158515174997,True,True,True,True,-3.3316221262347234e-07,0.07999995350837708,489,0,privileged_state_simulator_reference_agreement,True,800,0,0,0,0,800,0,,,,1.0,800,,,,,,,,,,,,,,,,
113,175,v2,force-easy-v1,0.41868388652801514,0,800,False,False,,6.030820121988654,True,316,True,True,True,0.010255158515174997,True,,True,True,True,True,489,True,False,489,0.11974742636084557,0.010255158515174997,"[0.0,0.0,0.6278576254844666]",-3.3316221262347234e-07,0.0,0.0,passed,,,,,True,True,0.6473298188801984,False,False,nominal,0,0,0.0,False,,False,False,,False,False,,False,,5,0.02093419385848505,0.04999999888241291,True,0.010026836239898588,0.18075834771203741,"[1.3284385204315186e-05,0.010026797652244568,3.91155481338501e-08]",False,800,"[6.493180990219116e-06,0.005392834544181824,1.30385160446167e-06]","[-0.00021493992971954867,0.18102352783898823,-0.0035863696393789724]",0.010026836239898588,0.18075834771203741,False,False,True,,0.010255158515174997,True,True,True,True,-3.3316221262347234e-07,0.07999995350837708,489,0,privileged_state_simulator_reference_agreement,True,800,0,0,0,0,800,0,,,,1.0,800,,,,,0,400,0,0.0,,,,,,,,
114,176,baseline,force-easy-v1,0.41868388652801514,0,800,False,False,,6.152447291882709,True,316,True,True,True,0.010307653724228719,True,,True,True,True,True,489,True,False,489,0.11977749690413475,0.010307653724228719,"[0.0,0.0,0.6278602480888367]",-4.402866054901977e-07,0.0,0.0,disabled,,,,,True,True,0.6122351561930591,False,False,disabled,0,0,0.0,False,,False,False,,False,False,,False,,5,0.02093419385848505,0.04999999888241291,True,0.010049157343099595,0.18084668155666617,"[1.1868774890899658e-05,0.010049143806099892,-2.9802322387695312e-08]",False,800,"[6.511807441711426e-06,0.005401995033025742,1.0542571544647217e-06]","[-0.00035054295676673064,0.18100021964346524,-0.0034880622442869935]",0.010049157343099595,0.18084668155666617,False,False,,,,,,,,,,,,,,,,,,,,,,,,,,,,,,,,,,,,,,,,,
115,176,v1,force-easy-v1,0.41868388652801514,0,800,False,False,,7.528399894014001,True,316,True,True,True,0.010307653724228719,True,,True,True,True,True,489,True,False,489,0.11977749690413475,0.010307653724228719,"[0.0,0.0,0.6278602480888367]",-4.402866054901977e-07,0.0,0.0,passed,,,,,True,True,0.6122351561930591,False,False,disabled,0,0,0.0,False,,False,False,,False,False,,False,,5,0.02093419385848505,0.04999999888241291,True,0.010049157343099595,0.18084668155666617,"[1.1868774890899658e-05,0.010049143806099892,-2.9802322387695312e-08]",False,800,"[6.511807441711426e-06,0.005401995033025742,1.0542571544647217e-06]","[-0.00035054295676673064,0.18100021964346524,-0.0034880622442869935]",0.010049157343099595,0.18084668155666617,False,False,True,,0.010307653724228719,True,True,True,True,-4.402866054901977e-07,0.07999992743134499,489,0,privileged_state_simulator_reference_agreement,True,800,0,0,0,0,800,0,,,,1.0,800,,,,,,,,,,,,,,,,
116,176,v2,force-easy-v1,0.41868388652801514,0,800,False,False,,6.633505390025675,True,316,True,True,True,0.010307653724228719,True,,True,True,True,True,489,True,False,489,0.11977749690413475,0.010307653724228719,"[0.0,0.0,0.6278602480888367]",-4.402866054901977e-07,0.0,0.0,passed,,,,,True,True,0.6122351561930591,False,False,nominal,0,0,0.0,False,,False,False,,False,False,,False,,5,0.02093419385848505,0.04999999888241291,True,0.010049157343099595,0.18084668155666617,"[1.1868774890899658e-05,0.010049143806099892,-2.9802322387695312e-08]",False,800,"[6.511807441711426e-06,0.005401995033025742,1.0542571544647217e-06]","[-0.00035054295676673064,0.18100021964346524,-0.0034880622442869935]",0.010049157343099595,0.18084668155666617,False,False,True,,0.010307653724228719,True,True,True,True,-4.402866054901977e-07,0.07999992743134499,489,0,privileged_state_simulator_reference_agreement,True,800,0,0,0,0,800,0,,,,1.0,800,,,,,0,400,0,0.0,,,,,,,,
117,177,baseline,force-easy-v1,0.41868388652801514,0,800,False,False,,6.331309598870575,True,316,True,True,True,0.009889657489429524,True,,True,True,True,True,489,True,False,489,0.1197681836783886,0.009889657489429524,"[0.0,0.0,0.6278571486473083]",-4.361855906465095e-07,0.0,0.0,disabled,,,,,True,True,0.6617842960139908,False,False,disabled,0,0,0.0,False,,False,False,,False,False,,False,,5,0.02093419385848505,0.04999999888241291,True,0.010049124104139917,0.1809031185543534,"[1.2870877981185913e-05,0.010049108415842056,0.0]",False,800,"[7.539987564086914e-06,0.005402024835348129,1.1082738637924194e-06]","[-0.0003303183930256637,0.18105742090847343,-0.003645581040473189]",0.010049124104139917,0.1809031185543534,False,False,,,,,,,,,,,,,,,,,,,,,,,,,,,,,,,,,,,,,,,,,
118,177,v1,force-easy-v1,0.41868388652801514,0,800,False,False,,6.039452489931136,True,316,True,True,True,0.009889657489429524,True,,True,True,True,True,489,True,False,489,0.1197681836783886,0.009889657489429524,"[0.0,0.0,0.6278571486473083]",-4.361855906465095e-07,0.0,0.0,passed,,,,,True,True,0.6617842960139908,False,False,disabled,0,0,0.0,False,,False,False,,False,False,,False,,5,0.02093419385848505,0.04999999888241291,True,0.010049124104139917,0.1809031185543534,"[1.2870877981185913e-05,0.010049108415842056,0.0]",False,800,"[7.539987564086914e-06,0.005402024835348129,1.1082738637924194e-06]","[-0.0003303183930256637,0.18105742090847343,-0.003645581040473189]",0.010049124104139917,0.1809031185543534,False,False,True,,0.009889657489429524,True,True,True,True,-4.361855906465095e-07,0.07999994233250618,489,0,privileged_state_simulator_reference_agreement,True,800,0,0,0,0,800,0,,,,1.0,800,,,,,,,,,,,,,,,,
119,177,v2,force-easy-v1,0.41868388652801514,0,800,False,False,,6.135900875786319,True,316,True,True,True,0.009889657489429524,True,,True,True,True,True,489,True,False,489,0.1197681836783886,0.009889657489429524,"[0.0,0.0,0.6278571486473083]",-4.361855906465095e-07,0.0,0.0,passed,,,,,True,True,0.6617842960139908,False,False,nominal,0,0,0.0,False,,False,False,,False,False,,False,,5,0.02093419385848505,0.04999999888241291,True,0.010049124104139917,0.1809031185543534,"[1.2870877981185913e-05,0.010049108415842056,0.0]",False,800,"[7.539987564086914e-06,0.005402024835348129,1.1082738637924194e-06]","[-0.0003303183930256637,0.18105742090847343,-0.003645581040473189]",0.010049124104139917,0.1809031185543534,False,False,True,,0.009889657489429524,True,True,True,True,-4.361855906465095e-07,0.07999994233250618,489,0,privileged_state_simulator_reference_agreement,True,800,0,0,0,0,800,0,,,,1.0,800,,,,,0,400,0,0.0,,,,,,,,
120,178,baseline,force-easy-v1,0.41868388652801514,0,800,False,False,,5.920306670013815,True,316,True,True,True,0.010276125310757122,True,,True,True,True,True,489,True,False,489,0.11975976452231407,0.010276125310757122,"[0.0,0.0,0.6277438402175903]",-2.9799423307066975e-07,0.0,0.0,disabled,,,,,True,True,0.6562075749153827,False,False,disabled,0,0,0.0,False,,False,False,,False,False,,False,,5,0.02093419385848505,0.04999999888241291,True,0.010090098006081901,0.17994163495009008,"[1.7136335372924805e-06,0.010089479386806488,-1.862645149230957e-08]",False,800,"[-7.674098014831543e-07,0.005419384688138962,1.434236764907837e-07]","[0.0001611394400242716,0.1799234977170272,7.733166762591281e-05]",0.010090098006081901,0.17994163495009008,False,False,,,,,,,,,,,,,,,,,,,,,,,,,,,,,,,,,,,,,,,,,
121,178,v1,force-easy-v1,0.41868388652801514,0,800,False,False,,6.010976092191413,True,316,True,True,True,0.010276125310757122,True,,True,True,True,True,489,True,False,489,0.11975976452231407,0.010276125310757122,"[0.0,0.0,0.6277438402175903]",-2.9799423307066975e-07,0.0,0.0,passed,,,,,True,True,0.6562075749153827,False,False,disabled,0,0,0.0,False,,False,False,,False,False,,False,,5,0.02093419385848505,0.04999999888241291,True,0.010090098006081901,0.17994163495009008,"[1.7136335372924805e-06,0.010089479386806488,-1.862645149230957e-08]",False,800,"[-7.674098014831543e-07,0.005419384688138962,1.434236764907837e-07]","[0.0001611394400242716,0.1799234977170272,7.733166762591281e-05]",0.010090098006081901,0.17994163495009008,False,False,True,,0.010276125310757122,True,True,True,True,-2.9799423307066975e-07,0.07999993488192558,489,0,privileged_state_simulator_reference_agreement,True,800,0,0,0,0,800,0,,,,1.0,800,,,,,,,,,,,,,,,,
122,178,v2,force-easy-v1,0.41868388652801514,0,800,False,False,,6.113995462888852,True,316,True,True,True,0.010276125310757122,True,,True,True,True,True,489,True,False,489,0.11975976452231407,0.010276125310757122,"[0.0,0.0,0.6277438402175903]",-2.9799423307066975e-07,0.0,0.0,passed,,,,,True,True,0.6562075749153827,False,False,nominal,0,0,0.0,False,,False,False,,False,False,,False,,5,0.02093419385848505,0.04999999888241291,True,0.010090098006081901,0.17994163495009008,"[1.7136335372924805e-06,0.010089479386806488,-1.862645149230957e-08]",False,800,"[-7.674098014831543e-07,0.005419384688138962,1.434236764907837e-07]","[0.0001611394400242716,0.1799234977170272,7.733166762591281e-05]",0.010090098006081901,0.17994163495009008,False,False,True,,0.010276125310757122,True,True,True,True,-2.9799423307066975e-07,0.07999993488192558,489,0,privileged_state_simulator_reference_agreement,True,800,0,0,0,0,800,0,,,,1.0,800,,,,,0,400,0,0.0,,,,,,,,
123,179,baseline,force-easy-v1,0.41868388652801514,0,800,False,False,,5.87901563802734,True,316,True,True,True,0.010401249520256313,True,,True,True,True,True,489,True,False,489,0.11978251859545708,0.010401249520256313,"[0.0,0.0,0.6278218030929565]",-3.8469666969673244e-07,0.0,0.0,disabled,,,,,True,True,0.644836846138906,False,False,disabled,0,0,0.0,False,,False,False,,False,False,,False,,5,0.02093419385848505,0.04999999888241291,True,0.010112413490336437,0.18023302798824842,"[-1.2487173080444336e-05,0.010111413896083832,1.862645149230957e-09]",False,800,"[-1.0892748832702637e-05,0.005430981516838074,2.123415470123291e-07]","[0.0005295514856697991,0.17992483894340694,7.981140936408337e-05]",0.010112413490336437,0.18023302798824842,False,False,,,,,,,,,,,,,,,,,,,,,,,,,,,,,,,,,,,,,,,,,
124,179,v1,force-easy-v1,0.41868388652801514,0,800,False,False,,6.092428222997114,True,316,True,True,True,0.010401249520256313,True,,True,True,True,True,489,True,False,489,0.11978251859545708,0.010401249520256313,"[0.0,0.0,0.6278218030929565]",-3.8469666969673244e-07,0.0,0.0,passed,,,,,True,True,0.644836846138906,False,False,disabled,0,0,0.0,False,,False,False,,False,False,,False,,5,0.02093419385848505,0.04999999888241291,True,0.010112413490336437,0.18023302798824842,"[-1.2487173080444336e-05,0.010111413896083832,1.862645149230957e-09]",False,800,"[-1.0892748832702637e-05,0.005430981516838074,2.123415470123291e-07]","[0.0005295514856697991,0.17992483894340694,7.981140936408337e-05]",0.010112413490336437,0.18023302798824842,False,False,True,,0.010401249520256313,True,True,True,True,-3.8469666969673244e-07,0.07999992743134499,489,0,privileged_state_simulator_reference_agreement,True,800,0,0,0,0,800,0,,,,1.0,800,,,,,,,,,,,,,,,,
125,179,v2,force-easy-v1,0.41868388652801514,0,800,False,False,,6.032616428099573,True,316,True,True,True,0.010401249520256313,True,,True,True,True,True,489,True,False,489,0.11978251859545708,0.010401249520256313,"[0.0,0.0,0.6278218030929565]",-3.8469666969673244e-07,0.0,0.0,passed,,,,,True,True,0.644836846138906,False,False,nominal,0,0,0.0,False,,False,False,,False,False,,False,,5,0.02093419385848505,0.04999999888241291,True,0.010112413490336437,0.18023302798824842,"[-1.2487173080444336e-05,0.010111413896083832,1.862645149230957e-09]",False,800,"[-1.0892748832702637e-05,0.005430981516838074,2.123415470123291e-07]","[0.0005295514856697991,0.17992483894340694,7.981140936408337e-05]",0.010112413490336437,0.18023302798824842,False,False,True,,0.010401249520256313,True,True,True,True,-3.8469666969673244e-07,0.07999992743134499,489,0,privileged_state_simulator_reference_agreement,True,800,0,0,0,0,800,0,,,,1.0,800,,,,,0,400,0,0.0,,,,,,,,
126,160,baseline,force-probe-1,1.857688546180725,0,800,False,False,,5.908253145171329,True,316,True,True,True,0.019659462559180982,True,,True,True,True,True,489,True,False,489,0.11970184370875359,0.019659462559180982,"[0.0,0.0,0.627818763256073]",-4.5427629437669315e-07,0.0,0.0,disabled,,,,,True,True,0.6976265667529359,False,False,disabled,0,0,0.0,False,,False,False,,False,False,,False,,5,0.09288442523290752,0.04999999888241291,True,0.019832053441228667,0.7827344210965539,"[0.001529499888420105,0.019772090017795563,-1.6763806343078613e-08]",True,800,"[0.00023265741765499115,0.019733041524887085,0.0007222462445497513]","[0.07115693931700662,-0.003834407718386501,0.044248433187021874]",0.019832053441228667,0.7827344210965539,True,False,,,,,,,,,,,,,,,,,,,,,,,,,,,,,,,,,,,,,,,,,
127,160,v1,force-probe-1,1.857688546180725,0,800,False,False,,6.013193188933656,True,316,True,True,True,0.019659462559180982,True,,True,True,True,True,489,True,False,489,0.11970184370875359,0.019659462559180982,"[0.0,0.0,0.627818763256073]",-4.5427629437669315e-07,0.0,0.0,passed,,,,,True,True,0.6976265667529359,False,False,disabled,0,0,0.0,False,,False,False,,False,False,,False,,5,0.09288442523290752,0.04999999888241291,True,0.019832053441228667,0.7827344210965539,"[0.001529499888420105,0.019772090017795563,-1.6763806343078613e-08]",True,800,"[0.00023265741765499115,0.019733041524887085,0.0007222462445497513]","[0.07115693931700662,-0.003834407718386501,0.044248433187021874]",0.019832053441228667,0.7827344210965539,True,False,True,,0.019659462559180982,True,True,True,True,-4.5427629437669315e-07,0.07999994605779648,489,0,privileged_state_simulator_reference_agreement,True,800,0,0,0,0,800,0,,,,1.0,800,,,,,,,,,,,,,,,,
128,160,v2,force-probe-1,1.857688546180725,0,800,False,False,,6.072239225963131,True,316,True,True,True,0.019659462559180982,True,,True,True,True,True,489,True,False,489,0.11970184370875359,0.019659462559180982,"[0.0,0.0,0.627818763256073]",-4.5427629437669315e-07,0.0,0.0,passed,,,,,True,True,0.6976265667529359,False,False,nominal,0,0,0.0,False,,False,False,,False,False,,False,,5,0.09288442523290752,0.04999999888241291,True,0.019832053441228667,0.7827344210965539,"[0.001529499888420105,0.019772090017795563,-1.6763806343078613e-08]",True,800,"[0.00023265741765499115,0.019733041524887085,0.0007222462445497513]","[0.07115693931700662,-0.003834407718386501,0.044248433187021874]",0.019832053441228667,0.7827344210965539,True,False,True,,0.019659462559180982,True,True,True,True,-4.5427629437669315e-07,0.07999994605779648,489,0,privileged_state_simulator_reference_agreement,True,800,0,0,0,0,800,0,,,,1.0,800,,,,,0,400,0,0.0,,,,,,,,
129,161,baseline,force-probe-1,1.857688546180725,0,800,False,False,,5.810110731050372,False,,True,True,True,0.08301050975961542,False,PLACEMENT_TARGET_NOT_REACHED,True,True,True,True,489,True,False,0,0.11978517100214958,0.08301050975961542,"[0.0,0.0,0.6278402209281921]",-4.6642467610089056e-07,0.0,0.0,disabled,,,,,True,True,0.7458813680814789,False,False,disabled,0,0,0.0,False,,False,False,,False,False,,False,,5,0.09288442523290752,0.04999999888241291,True,0.08279464873635364,0.7824311899529798,"[-0.06923298351466656,0.04540641792118549,-1.3969838619232178e-07]",False,800,"[-0.00725971907377243,0.025309714255854487,0.0013971030712127686]","[-0.5738664615928428,0.19590777668054216,0.1289911555213621]",0.08279464873635364,0.7824311899529798,False,False,,,,,,,,,,,,,,,,,,,,,,,,,,,,,,,,,,,,340,PLACEMENT_TARGET_NOT_REACHED,,,,
130,161,v1,force-probe-1,1.857688546180725,0,800,False,False,,6.059410976013169,False,,True,True,True,0.08301050975961542,False,PLACEMENT_TARGET_NOT_REACHED,True,True,True,True,489,True,False,0,0.11978517100214958,0.08301050975961542,"[0.0,0.0,0.6278402209281921]",-4.6642467610089056e-07,0.0,0.0,failed,PLACEMENT_TARGET_NOT_REACHED,,,2,True,True,0.7458813680814789,False,False,disabled,0,0,0.0,False,,False,False,,False,False,,False,,5,0.09288442523290752,0.04999999888241291,True,0.08279464873635364,0.7824311899529798,"[-0.06923298351466656,0.04540641792118549,-1.3969838619232178e-07]",False,800,"[-0.00725971907377243,0.025309714255854487,0.0013971030712127686]","[-0.5738664615928428,0.19590777668054216,0.1289911555213621]",0.08279464873635364,0.7824311899529798,False,False,False,,0.08301050975961542,True,True,True,True,-4.6642467610089056e-07,0.07999993860721588,0,461,privileged_state_simulator_reference_agreement,True,800,0,459,0,2,339,0,1.0,0.9956616052060737,1.0,1.0,339,,,,,,,,,,,340,PLACEMENT_TARGET_NOT_REACHED,342,PLACEMENT_TARGET_NOT_REACHED,2,459
131,161,v2,force-probe-1,1.857688546180725,0,800,False,False,,6.136189089156687,True,488,True,True,True,0.004544307392394324,True,,True,True,True,True,317,True,False,317,0.11978517100214958,0.004544307392394324,"[0.0,0.0,0.6277370452880859]",-4.770301032415436e-07,0.0,0.0,passed,,,,2,False,True,1.3200593567751666,False,False,attempt_complete,1,152,0.5733001750452241,True,457,False,True,458,True,True,468,True,,5,0.09288442523290752,0.04999999888241291,True,0.08391841023387081,0.7824311899529798,"[-0.004005599766969681,0.0016909930855035782,-1.434236764907837e-07]",True,342,"[-0.00725971907377243,0.025309714255854487,0.0013971030712127686]","[-0.5738664615928428,0.19590777668054216,0.1289911555213621]",0.08279464873635364,0.7824311899529798,False,True,True,,0.004544307392394324,True,True,True,True,-4.770301032415436e-07,0.07999994978308678,317,0,privileged_state_simulator_reference_agreement,True,800,0,1,0,2,797,0,1.0,0.3333333333333333,1.0,1.0,797,PLACEMENT_TARGET_NOT_REACHED,342,343,settle,5,400,0,0.10267749801278114,,"[-0.04742691293358803,0.0191110260784626,0.01999988779425621]",340,PLACEMENT_TARGET_NOT_REACHED,342,PLACEMENT_TARGET_NOT_REACHED,2,1
132,162,baseline,force-probe-1,1.857688546180725,0,800,False,False,,6.237943999003619,True,316,True,True,True,0.023991587520009936,True,,True,True,True,True,489,True,False,489,0.11971185728907585,0.023991587520009936,"[0.0,0.0,0.6278414130210876]",-4.1623933407994307e-07,0.0,0.0,disabled,,,,,True,True,0.727070074686608,False,False,disabled,0,0,0.0,False,,False,False,,False,False,,False,,5,0.09288442523290752,0.04999999888241291,True,0.024227157106828563,0.7831353634883627,"[0.01382194459438324,0.01989744044840336,-3.725290298461914e-09]",False,800,"[0.0030728429555892944,0.02061094343662262,0.00041773729026317596]","[0.2369328705535736,-0.029931535274954513,0.028164345319964923]",0.024227157106828563,0.7831353634883627,False,False,,,,,,,,,,,,,,,,,,,,,,,,,,,,,,,,,,,,,,,,,
133,162,v1,force-probe-1,1.857688546180725,0,800,False,False,,6.0922269891016185,True,316,True,True,True,0.023991587520009936,True,,True,True,True,True,489,True,False,489,0.11971185728907585,0.023991587520009936,"[0.0,0.0,0.6278414130210876]",-4.1623933407994307e-07,0.0,0.0,passed,,,,,True,True,0.727070074686608,False,False,disabled,0,0,0.0,False,,False,False,,False,False,,False,,5,0.09288442523290752,0.04999999888241291,True,0.024227157106828563,0.7831353634883627,"[0.01382194459438324,0.01989744044840336,-3.725290298461914e-09]",False,800,"[0.0030728429555892944,0.02061094343662262,0.00041773729026317596]","[0.2369328705535736,-0.029931535274954513,0.028164345319964923]",0.024227157106828563,0.7831353634883627,False,False,True,,0.023991587520009936,True,True,True,True,-4.1623933407994307e-07,0.07999994605779648,489,0,privileged_state_simulator_reference_agreement,True,800,0,0,0,0,800,0,,,,1.0,800,,,,,,,,,,,,,,,,
134,162,v2,force-probe-1,1.857688546180725,0,800,False,False,,6.041213124059141,True,316,True,True,True,0.023991587520009936,True,,True,True,True,True,489,True,False,489,0.11971185728907585,0.023991587520009936,"[0.0,0.0,0.6278414130210876]",-4.1623933407994307e-07,0.0,0.0,passed,,,,,True,True,0.727070074686608,False,False,nominal,0,0,0.0,False,,False,False,,False,False,,False,,5,0.09288442523290752,0.04999999888241291,True,0.024227157106828563,0.7831353634883627,"[0.01382194459438324,0.01989744044840336,-3.725290298461914e-09]",False,800,"[0.0030728429555892944,0.02061094343662262,0.00041773729026317596]","[0.2369328705535736,-0.029931535274954513,0.028164345319964923]",0.024227157106828563,0.7831353634883627,False,False,True,,0.023991587520009936,True,True,True,True,-4.1623933407994307e-07,0.07999994605779648,489,0,privileged_state_simulator_reference_agreement,True,800,0,0,0,0,800,0,,,,1.0,800,,,,,0,400,0,0.0,,,,,,,,
135,163,baseline,force-probe-1,1.857688546180725,0,800,False,False,,5.887231139931828,True,316,True,True,True,0.02025150633344261,True,,True,True,True,True,489,True,False,489,0.11969823762774467,0.02025150633344261,"[0.0,0.0,0.6278381943702698]",-4.4182421190044896e-07,0.0,0.0,disabled,,,,,True,True,0.7398823105359167,False,False,disabled,0,0,0.0,False,,False,False,,False,False,,False,,5,0.09288442523290752,0.04999999888241291,True,0.020045075030608102,0.7829778837633897,"[-0.00021055154502391815,0.020043954253196716,5.587935447692871e-09]",True,800,"[-0.00027672480791807175,0.019507981836795807,0.0008566081523895264]","[0.015279789309715852,0.009791303193196654,0.03030312126793433]",0.020045075030608102,0.7829778837633897,True,False,,,,,,,,,,,,,,,,,,,,,,,,,,,,,,,,,,,,,,,,,
136,163,v1,force-probe-1,1.857688546180725,0,800,False,False,,6.106708221137524,True,316,True,True,True,0.02025150633344261,True,,True,True,True,True,489,True,False,489,0.11969823762774467,0.02025150633344261,"[0.0,0.0,0.6278381943702698]",-4.4182421190044896e-07,0.0,0.0,passed,,,,,True,True,0.7398823105359167,False,False,disabled,0,0,0.0,False,,False,False,,False,False,,False,,5,0.09288442523290752,0.04999999888241291,True,0.020045075030608102,0.7829778837633897,"[-0.00021055154502391815,0.020043954253196716,5.587935447692871e-09]",True,800,"[-0.00027672480791807175,0.019507981836795807,0.0008566081523895264]","[0.015279789309715852,0.009791303193196654,0.03030312126793433]",0.020045075030608102,0.7829778837633897,True,False,True,,0.02025150633344261,True,True,True,True,-4.4182421190044896e-07,0.07999995350837708,489,0,privileged_state_simulator_reference_agreement,True,800,0,0,0,0,800,0,,,,1.0,800,,,,,,,,,,,,,,,,
137,163,v2,force-probe-1,1.857688546180725,0,800,False,False,,6.072866265196353,True,316,True,True,True,0.02025150633344261,True,,True,True,True,True,489,True,False,489,0.11969823762774467,0.02025150633344261,"[0.0,0.0,0.6278381943702698]",-4.4182421190044896e-07,0.0,0.0,passed,,,,,True,True,0.7398823105359167,False,False,nominal,0,0,0.0,False,,False,False,,False,False,,False,,5,0.09288442523290752,0.04999999888241291,True,0.020045075030608102,0.7829778837633897,"[-0.00021055154502391815,0.020043954253196716,5.587935447692871e-09]",True,800,"[-0.00027672480791807175,0.019507981836795807,0.0008566081523895264]","[0.015279789309715852,0.009791303193196654,0.03030312126793433]",0.020045075030608102,0.7829778837633897,True,False,True,,0.02025150633344261,True,True,True,True,-4.4182421190044896e-07,0.07999995350837708,489,0,privileged_state_simulator_reference_agreement,True,800,0,0,0,0,800,0,,,,1.0,800,,,,,0,400,0,0.0,,,,,,,,
138,164,baseline,force-probe-1,1.857688546180725,0,800,False,False,,5.754416584968567,True,316,True,True,True,0.019493104027970765,True,,True,True,True,True,489,True,False,489,0.1197037361562252,0.019493104027970765,"[0.0,0.0,0.6278408169746399]",-4.369378126430068e-07,0.0,0.0,disabled,,,,,True,True,0.6725901732422801,False,False,disabled,0,0,0.0,False,,False,False,,False,False,,False,,5,0.09288442523290752,0.04999999888241291,True,0.01994172776493134,0.7827191008084573,"[0.0005907770246267319,0.019632382318377495,1.1175870895385742e-08]",True,800,"[-4.358566366136074e-05,0.019941680133342743,0.0006640814244747162]","[0.046709362330148,-0.03145621548173949,0.03817184422223363]",0.01994172776493134,0.7827191008084573,True,False,,,,,,,,,,,,,,,,,,,,,,,,,,,,,,,,,,,,,,,,,
139,164,v1,force-probe-1,1.857688546180725,0,800,False,False,,6.08935738587752,True,316,True,True,True,0.019493104027970765,True,,True,True,True,True,489,True,False,489,0.1197037361562252,0.019493104027970765,"[0.0,0.0,0.6278408169746399]",-4.369378126430068e-07,0.0,0.0,passed,,,,,True,True,0.6725901732422801,False,False,disabled,0,0,0.0,False,,False,False,,False,False,,False,,5,0.09288442523290752,0.04999999888241291,True,0.01994172776493134,0.7827191008084573,"[0.0005907770246267319,0.019632382318377495,1.1175870895385742e-08]",True,800,"[-4.358566366136074e-05,0.019941680133342743,0.0006640814244747162]","[0.046709362330148,-0.03145621548173949,0.03817184422223363]",0.01994172776493134,0.7827191008084573,True,False,True,,0.019493104027970765,True,True,True,True,-4.369378126430068e-07,0.07999993115663528,489,0,privileged_state_simulator_reference_agreement,True,800,0,0,0,0,800,0,,,,1.0,800,,,,,,,,,,,,,,,,
140,164,v2,force-probe-1,1.857688546180725,0,800,False,False,,6.087877467041835,True,316,True,True,True,0.019493104027970765,True,,True,True,True,True,489,True,False,489,0.1197037361562252,0.019493104027970765,"[0.0,0.0,0.6278408169746399]",-4.369378126430068e-07,0.0,0.0,passed,,,,,True,True,0.6725901732422801,False,False,nominal,0,0,0.0,False,,False,False,,False,False,,False,,5,0.09288442523290752,0.04999999888241291,True,0.01994172776493134,0.7827191008084573,"[0.0005907770246267319,0.019632382318377495,1.1175870895385742e-08]",True,800,"[-4.358566366136074e-05,0.019941680133342743,0.0006640814244747162]","[0.046709362330148,-0.03145621548173949,0.03817184422223363]",0.01994172776493134,0.7827191008084573,True,False,True,,0.019493104027970765,True,True,True,True,-4.369378126430068e-07,0.07999993115663528,489,0,privileged_state_simulator_reference_agreement,True,800,0,0,0,0,800,0,,,,1.0,800,,,,,0,400,0,0.0,,,,,,,,
141,165,baseline,force-probe-1,1.857688546180725,0,800,False,False,,5.89533652109094,False,,True,True,True,0.04155490121446245,False,PLACEMENT_TARGET_NOT_REACHED,True,True,True,True,489,True,False,0,0.1197097860276699,0.04155490121446245,"[0.0,0.0,0.6278391480445862]",-4.3476524061794586e-07,0.0,0.0,disabled,,,,,True,True,0.623141243577421,False,False,disabled,0,0,0.0,False,,False,False,,False,False,,False,,5,0.09288442523290752,0.04999999888241291,True,0.041420938845195876,0.7825949236884897,"[-0.034628414548933506,0.022727765142917633,2.7939677238464355e-08]",False,800,"[-0.006017548032104969,0.022163450717926025,0.0010403655469417572]","[-0.41180486866505817,0.022961689363000914,0.06947331702394877]",0.041420938845195876,0.7825949236884897,False,False,,,,,,,,,,,,,,,,,,,,,,,,,,,,,,,,,,,,340,PLACEMENT_TARGET_NOT_REACHED,,,,
142,165,v1,force-probe-1,1.857688546180725,0,800,False,False,,5.92516626091674,False,,True,True,True,0.04155490121446245,False,PLACEMENT_TARGET_NOT_REACHED,True,True,True,True,489,True,False,0,0.1197097860276699,0.04155490121446245,"[0.0,0.0,0.6278391480445862]",-4.3476524061794586e-07,0.0,0.0,failed,PLACEMENT_TARGET_NOT_REACHED,,,2,True,True,0.623141243577421,False,False,disabled,0,0,0.0,False,,False,False,,False,False,,False,,5,0.09288442523290752,0.04999999888241291,True,0.041420938845195876,0.7825949236884897,"[-0.034628414548933506,0.022727765142917633,2.7939677238464355e-08]",False,800,"[-0.006017548032104969,0.022163450717926025,0.0010403655469417572]","[-0.41180486866505817,0.022961689363000914,0.06947331702394877]",0.041420938845195876,0.7825949236884897,False,False,False,,0.04155490121446245,True,True,True,True,-4.3476524061794586e-07,0.07999991998076439,0,461,privileged_state_simulator_reference_agreement,True,800,0,459,0,2,339,0,1.0,0.9956616052060737,1.0,1.0,339,,,,,,,,,,,340,PLACEMENT_TARGET_NOT_REACHED,342,PLACEMENT_TARGET_NOT_REACHED,2,459
143,165,v2,force-probe-1,1.857688546180725,0,800,False,False,,6.188656767830253,True,466,True,True,True,0.003935829753259869,True,,True,True,True,True,339,True,False,339,0.1197097860276699,0.003935829753259869,"[0.0,0.0,0.6278627514839172]",-4.375575354716166e-07,0.0,0.0,passed,,,,2,False,True,1.1149770238581578,False,False,attempt_complete,1,130,0.49096257428375417,True,435,False,True,436,True,True,446,True,,5,0.09288442523290752,0.04999999888241291,True,0.04276606346264285,0.7825949236884897,"[-0.003639812581241131,0.0003496408462524414,2.60770320892334e-08]",True,342,"[-0.006017548032104969,0.022163450717926025,0.0010403655469417572]","[-0.41180486866505817,0.022961689363000914,0.06947331702394877]",0.041420938845195876,0.7825949236884897,False,True,True,,0.003935829753259869,True,True,True,True,-4.375575354716166e-07,0.07999995723366737,339,0,privileged_state_simulator_reference_agreement,True,800,0,1,0,2,797,0,1.0,0.3333333333333333,1.0,1.0,797,PLACEMENT_TARGET_NOT_REACHED,342,343,settle,5,400,0,0.1008864063769579,,"[-0.047146428376436234,0.09848910570144653,0.01999993436038494]",340,PLACEMENT_TARGET_NOT_REACHED,342,PLACEMENT_TARGET_NOT_REACHED,2,1
144,166,baseline,force-probe-1,1.857688546180725,0,800,False,False,,6.0147307079751045,False,,True,True,True,0.038390743727360975,False,PLACEMENT_TARGET_NOT_REACHED,True,True,True,True,489,True,False,0,0.11973297223448753,0.038390743727360975,"[0.0,0.0,0.6278256773948669]",-3.515418063593234e-07,0.0,0.0,disabled,,,,,True,True,0.7135797048434528,False,False,disabled,0,0,0.0,False,,False,False,,False,False,,False,,5,0.09288442523290752,0.04999999888241291,True,0.03815070934857326,0.7826263400982023,"[-0.026879344135522842,0.027072690427303314,-8.568167686462402e-08]",False,800,"[-0.005684565752744675,0.022343240678310394,0.0006200484931468964]","[-0.36061568347213324,0.08784752132487483,0.025362287371535785]",0.03815070934857326,0.7826263400982023,False,False,,,,,,,,,,,,,,,,,,,,,,,,,,,,,,,,,,,,340,PLACEMENT_TARGET_NOT_REACHED,,,,
145,166,v1,force-probe-1,1.857688546180725,0,800,False,False,,6.184254440944642,False,,True,True,True,0.038390743727360975,False,PLACEMENT_TARGET_NOT_REACHED,True,True,True,True,489,True,False,0,0.11973297223448753,0.038390743727360975,"[0.0,0.0,0.6278256773948669]",-3.515418063593234e-07,0.0,0.0,failed,PLACEMENT_TARGET_NOT_REACHED,,,2,True,True,0.7135797048434528,False,False,disabled,0,0,0.0,False,,False,False,,False,False,,False,,5,0.09288442523290752,0.04999999888241291,True,0.03815070934857326,0.7826263400982023,"[-0.026879344135522842,0.027072690427303314,-8.568167686462402e-08]",False,800,"[-0.005684565752744675,0.022343240678310394,0.0006200484931468964]","[-0.36061568347213324,0.08784752132487483,0.025362287371535785]",0.03815070934857326,0.7826263400982023,False,False,False,,0.038390743727360975,True,True,True,True,-3.515418063593234e-07,0.07999994233250618,0,461,privileged_state_simulator_reference_agreement,True,800,0,459,0,2,339,0,1.0,0.9956616052060737,1.0,1.0,339,,,,,,,,,,,340,PLACEMENT_TARGET_NOT_REACHED,342,PLACEMENT_TARGET_NOT_REACHED,2,459
146,166,v2,force-probe-1,1.857688546180725,0,800,False,False,,6.451945627108216,True,459,True,True,True,0.0036207839584633658,True,,True,True,True,True,346,True,False,346,0.11973297223448753,0.0036207839584633658,"[0.0,0.0,0.6278403997421265]",-4.1719381387028687e-07,0.0,0.0,passed,,,,2,False,True,1.1984027888073383,False,False,attempt_complete,1,123,0.4839095298068494,True,428,False,True,429,True,True,439,True,,5,0.09288442523290752,0.04999999888241291,True,0.03906504026162282,0.7826263400982023,"[-0.003140382468700409,0.0013149231672286987,-1.2293457984924316e-07]",True,342,"[-0.005684565752744675,0.022343240678310394,0.0006200484931468964]","[-0.36061568347213324,0.08784752132487483,0.025362287371535785]",0.03815070934857326,0.7826263400982023,False,True,True,,0.0036207839584633658,True,True,True,True,-4.1719381387028687e-07,0.07999992743134499,346,0,privileged_state_simulator_reference_agreement,True,800,0,1,0,2,797,0,1.0,0.3333333333333333,1.0,1.0,797,PLACEMENT_TARGET_NOT_REACHED,342,343,settle,5,400,0,0.0992463156580925,,"[0.03454490378499031,0.09051927179098129,0.019999943673610687]",340,PLACEMENT_TARGET_NOT_REACHED,342,PLACEMENT_TARGET_NOT_REACHED,2,1
147,167,baseline,force-probe-1,1.857688546180725,0,800,False,False,,6.469424030045047,False,,True,True,True,0.040487349550769595,False,PLACEMENT_TARGET_NOT_REACHED,True,True,True,True,489,True,False,0,0.11981472000479698,0.040487349550769595,"[0.0,0.0,0.6272563934326172]",-4.200380217637967e-07,0.0,0.0,disabled,,,,,True,True,0.824042746693782,False,False,disabled,0,0,0.0,False,,False,False,,False,False,,False,,5,0.09288442523290752,0.04999999888241291,True,0.04068131446797229,0.7828372300185693,"[0.032572109485045075,0.024370476603507996,1.1175870895385742e-08]",False,800,"[0.005375223234295845,0.022672139108181,1.9185245037078857e-07]","[0.4139309952443,0.025464506237767637,4.991720925318077e-05]",0.04068131446797229,0.7828372300185693,False,False,,,,,,,,,,,,,,,,,,,,,,,,,,,,,,,,,,,,340,PLACEMENT_TARGET_NOT_REACHED,,,,
148,167,v1,force-probe-1,1.857688546180725,0,800,False,False,,6.3707122900523245,False,,True,True,True,0.040487349550769595,False,PLACEMENT_TARGET_NOT_REACHED,True,True,True,True,489,True,False,0,0.11981472000479698,0.040487349550769595,"[0.0,0.0,0.6272563934326172]",-4.200380217637967e-07,0.0,0.0,failed,PLACEMENT_TARGET_NOT_REACHED,,,2,True,True,0.824042746693782,False,False,disabled,0,0,0.0,False,,False,False,,False,False,,False,,5,0.09288442523290752,0.04999999888241291,True,0.04068131446797229,0.7828372300185693,"[0.032572109485045075,0.024370476603507996,1.1175870895385742e-08]",False,800,"[0.005375223234295845,0.022672139108181,1.9185245037078857e-07]","[0.4139309952443,0.025464506237767637,4.991720925318077e-05]",0.04068131446797229,0.7828372300185693,False,False,False,,0.040487349550769595,True,True,True,True,-4.200380217637967e-07,0.07999991998076439,0,461,privileged_state_simulator_reference_agreement,True,800,0,459,0,2,339,0,1.0,0.9956616052060737,1.0,1.0,339,,,,,,,,,,,340,PLACEMENT_TARGET_NOT_REACHED,342,PLACEMENT_TARGET_NOT_REACHED,2,459
149,167,v2,force-probe-1,1.857688546180725,0,800,False,False,,6.081904030172154,True,460,True,True,True,0.00288436576737216,True,,True,True,True,True,345,True,False,345,0.11981472000479698,0.00288436576737216,"[0.0,0.0,0.6284175515174866]",-2.3510891822633995e-07,0.0,0.0,passed,,,,2,False,True,1.3159289788627553,False,False,attempt_complete,1,124,0.4910062614956213,True,429,False,True,430,True,True,440,True,,5,0.09288442523290752,0.04999999888241291,True,0.04870367271283064,0.7828372300185693,"[0.002652626484632492,0.0015659034252166748,2.7939677238464355e-08]",True,342,"[0.005375223234295845,0.022672139108181,1.9185245037078857e-07]","[0.4139309952443,0.025464506237767637,4.991720925318077e-05]",0.04068131446797229,0.7828372300185693,False,True,True,,0.00288436576737216,True,True,True,True,-2.3510891822633995e-07,0.07999991625547409,345,0,privileged_state_simulator_reference_agreement,True,800,0,1,0,2,797,0,1.0,0.3333333333333333,1.0,1.0,797,PLACEMENT_TARGET_NOT_REACHED,342,343,settle,5,400,0,0.10052443854510784,,"[0.0010835158172994852,-0.07107935845851898,0.019999930635094643]",340,PLACEMENT_TARGET_NOT_REACHED,342,PLACEMENT_TARGET_NOT_REACHED,2,1
150,168,baseline,force-probe-1,1.857688546180725,0,800,False,False,,5.879506042925641,False,,True,True,True,0.03913414167792659,False,PLACEMENT_TARGET_NOT_REACHED,True,True,True,True,489,True,False,0,0.11978715285658836,0.03913414167792659,"[0.0,0.0,0.6278378963470459]",-4.0556236021935255e-07,0.0,0.0,disabled,,,,,True,True,0.6291257115361852,False,False,disabled,0,0,0.0,False,,False,False,,False,False,,False,,5,0.09288442523290752,0.04999999888241291,True,0.03891741172269173,0.7826837369972417,"[-0.028793267905712128,0.026180369779467583,-1.0989606380462646e-07]",False,800,"[-0.005852207541465759,0.022315769223496318,0.0007112286984920502]","[-0.37315583671443164,0.07828906326903962,0.03583252943644766]",0.03891741172269173,0.7826837369972417,False,False,,,,,,,,,,,,,,,,,,,,,,,,,,,,,,,,,,,,340,PLACEMENT_TARGET_NOT_REACHED,,,,
151,168,v1,force-probe-1,1.857688546180725,0,800,False,False,,6.108144554076716,False,,True,True,True,0.03913414167792659,False,PLACEMENT_TARGET_NOT_REACHED,True,True,True,True,489,True,False,0,0.11978715285658836,0.03913414167792659,"[0.0,0.0,0.6278378963470459]",-4.0556236021935255e-07,0.0,0.0,failed,PLACEMENT_TARGET_NOT_REACHED,,,2,True,True,0.6291257115361852,False,False,disabled,0,0,0.0,False,,False,False,,False,False,,False,,5,0.09288442523290752,0.04999999888241291,True,0.03891741172269173,0.7826837369972417,"[-0.028793267905712128,0.026180369779467583,-1.0989606380462646e-07]",False,800,"[-0.005852207541465759,0.022315769223496318,0.0007112286984920502]","[-0.37315583671443164,0.07828906326903962,0.03583252943644766]",0.03891741172269173,0.7826837369972417,False,False,False,,0.03913414167792659,True,True,True,True,-4.0556236021935255e-07,0.07999992370605469,0,461,privileged_state_simulator_reference_agreement,True,800,0,459,0,2,339,0,1.0,0.9956616052060737,1.0,1.0,339,,,,,,,,,,,340,PLACEMENT_TARGET_NOT_REACHED,342,PLACEMENT_TARGET_NOT_REACHED,2,459
152,168,v2,force-probe-1,1.857688546180725,0,800,False,False,,6.266130310948938,True,459,True,True,True,0.004641954937491465,True,,True,True,True,True,346,True,False,346,0.11978715285658836,0.004641954937491465,"[0.0,0.0,0.6278401613235474]",-4.036922788448749e-07,0.0,0.0,passed,,,,2,False,True,1.1147213303664918,False,False,attempt_complete,1,122,0.48387966675142324,True,428,False,True,429,True,True,439,True,,5,0.09288442523290752,0.04999999888241291,True,0.040787848209000506,0.7826837369972417,"[-0.004480905830860138,0.0004630517214536667,-1.2479722499847412e-07]",True,342,"[-0.005852207541465759,0.022315769223496318,0.0007112286984920502]","[-0.37315583671443164,0.07828906326903962,0.03583252943644766]",0.03891741172269173,0.7826837369972417,False,True,True,,0.004641954937491465,True,True,True,True,-4.036922788448749e-07,0.07999994233250618,346,0,privileged_state_simulator_reference_agreement,True,800,0,1,0,2,797,0,1.0,0.3333333333333333,1.0,1.0,797,PLACEMENT_TARGET_NOT_REACHED,342,343,settle,5,400,0,0.10206336714327335,,"[-0.12513527274131775,0.006192242726683617,0.019999919459223747]",340,PLACEMENT_TARGET_NOT_REACHED,342,PLACEMENT_TARGET_NOT_REACHED,2,1
153,169,baseline,force-probe-1,1.857688546180725,0,800,False,False,,5.896249543176964,True,316,True,True,True,0.018670630928201468,True,,True,True,True,True,489,True,False,489,0.11975259706377983,0.018670630928201468,"[0.0,0.0,0.6278417110443115]",-4.218360193791737e-07,0.0,0.0,disabled,,,,,True,True,0.6133311082040445,False,False,disabled,0,0,0.0,False,,False,False,,False,False,,False,,5,0.09288442523290752,0.04999999888241291,True,0.01979687838440585,0.7827171379283779,"[0.0032932981848716736,0.018542088568210602,0.0]",True,800,"[0.0007009431719779968,0.019784465432167053,0.0006866753101348877]","[0.09913579165004194,-0.048052744299639016,0.03957202886522282]",0.01979687838440585,0.7827171379283779,True,False,,,,,,,,,,,,,,,,,,,,,,,,,,,,,,,,,,,,,,,,,
154,169,v1,force-probe-1,1.857688546180725,0,800,False,False,,6.0071351148653775,True,316,True,True,True,0.018670630928201468,True,,True,True,True,True,489,True,False,489,0.11975259706377983,0.018670630928201468,"[0.0,0.0,0.6278417110443115]",-4.218360193791737e-07,0.0,0.0,passed,,,,,True,True,0.6133311082040445,False,False,disabled,0,0,0.0,False,,False,False,,False,False,,False,,5,0.09288442523290752,0.04999999888241291,True,0.01979687838440585,0.7827171379283779,"[0.0032932981848716736,0.018542088568210602,0.0]",True,800,"[0.0007009431719779968,0.019784465432167053,0.0006866753101348877]","[0.09913579165004194,-0.048052744299639016,0.03957202886522282]",0.01979687838440585,0.7827171379283779,True,False,True,,0.018670630928201468,True,True,True,True,-4.218360193791737e-07,0.07999994978308678,489,0,privileged_state_simulator_reference_agreement,True,800,0,0,0,0,800,0,,,,1.0,800,,,,,,,,,,,,,,,,
155,169,v2,force-probe-1,1.857688546180725,0,800,False,False,,6.102716029155999,True,316,True,True,True,0.018670630928201468,True,,True,True,True,True,489,True,False,489,0.11975259706377983,0.018670630928201468,"[0.0,0.0,0.6278417110443115]",-4.218360193791737e-07,0.0,0.0,passed,,,,,True,True,0.6133311082040445,False,False,nominal,0,0,0.0,False,,False,False,,False,False,,False,,5,0.09288442523290752,0.04999999888241291,True,0.01979687838440585,0.7827171379283779,"[0.0032932981848716736,0.018542088568210602,0.0]",True,800,"[0.0007009431719779968,0.019784465432167053,0.0006866753101348877]","[0.09913579165004194,-0.048052744299639016,0.03957202886522282]",0.01979687838440585,0.7827171379283779,True,False,True,,0.018670630928201468,True,True,True,True,-4.218360193791737e-07,0.07999994978308678,489,0,privileged_state_simulator_reference_agreement,True,800,0,0,0,0,800,0,,,,1.0,800,,,,,0,400,0,0.0,,,,,,,,
156,170,baseline,force-probe-1,1.857688546180725,0,800,False,False,,5.745935020968318,True,316,True,True,True,0.0191705241754079,True,,True,True,True,True,489,True,False,489,0.11973616108298302,0.0191705241754079,"[0.0,0.0,0.6278382539749146]",-4.1750476943366865e-07,0.0,0.0,disabled,,,,,True,True,0.7621151856673081,False,False,disabled,0,0,0.0,False,,False,False,,False,False,,False,,5,0.09288442523290752,0.04999999888241291,True,0.019633320921469057,0.7827852082528012,"[0.008513040840625763,0.01701350137591362,1.1175870895385742e-08]",True,800,"[0.0019321329891681671,0.019390307366847992,0.0008105579763650894]","[0.17781053337967023,0.028733614541124552,0.04488797130761668]",0.019633320921469057,0.7827852082528012,True,False,,,,,,,,,,,,,,,,,,,,,,,,,,,,,,,,,,,,,,,,,
157,170,v1,force-probe-1,1.857688546180725,0,800,False,False,,6.058404668932781,True,316,True,True,True,0.0191705241754079,True,,True,True,True,True,489,True,False,489,0.11973616108298302,0.0191705241754079,"[0.0,0.0,0.6278382539749146]",-4.1750476943366865e-07,0.0,0.0,passed,,,,,True,True,0.7621151856673081,False,False,disabled,0,0,0.0,False,,False,False,,False,False,,False,,5,0.09288442523290752,0.04999999888241291,True,0.019633320921469057,0.7827852082528012,"[0.008513040840625763,0.01701350137591362,1.1175870895385742e-08]",True,800,"[0.0019321329891681671,0.019390307366847992,0.0008105579763650894]","[0.17781053337967023,0.028733614541124552,0.04488797130761668]",0.019633320921469057,0.7827852082528012,True,False,True,,0.0191705241754079,True,True,True,True,-4.1750476943366865e-07,0.07999995350837708,489,0,privileged_state_simulator_reference_agreement,True,800,0,0,0,0,800,0,,,,1.0,800,,,,,,,,,,,,,,,,
158,170,v2,force-probe-1,1.857688546180725,0,800,False,False,,6.101365030976012,True,316,True,True,True,0.0191705241754079,True,,True,True,True,True,489,True,False,489,0.11973616108298302,0.0191705241754079,"[0.0,0.0,0.6278382539749146]",-4.1750476943366865e-07,0.0,0.0,passed,,,,,True,True,0.7621151856673081,False,False,nominal,0,0,0.0,False,,False,False,,False,False,,False,,5,0.09288442523290752,0.04999999888241291,True,0.019633320921469057,0.7827852082528012,"[0.008513040840625763,0.01701350137591362,1.1175870895385742e-08]",True,800,"[0.0019321329891681671,0.019390307366847992,0.0008105579763650894]","[0.17781053337967023,0.028733614541124552,0.04488797130761668]",0.019633320921469057,0.7827852082528012,True,False,True,,0.0191705241754079,True,True,True,True,-4.1750476943366865e-07,0.07999995350837708,489,0,privileged_state_simulator_reference_agreement,True,800,0,0,0,0,800,0,,,,1.0,800,,,,,0,400,0,0.0,,,,,,,,
159,171,baseline,force-probe-1,1.857688546180725,0,800,False,False,,5.899621319025755,True,316,True,True,True,0.020655033197436026,True,,True,True,True,True,489,True,False,489,0.11969780549407005,0.020655033197436026,"[0.0,0.0,0.6278167366981506]",-4.2700970358938717e-07,0.0,0.0,disabled,,,,,True,True,0.77412311062119,False,False,disabled,0,0,0.0,False,,False,False,,False,False,,False,,5,0.09288442523290752,0.04999999888241291,True,0.020571689251259996,0.7830790578688677,"[0.009158506989479065,0.018420517444610596,0.0]",True,800,"[0.0021890029311180115,0.019377537071704865,0.0007979907095432281]","[0.18065694809774868,0.06916371150873601,0.04594290097884368]",0.020571689251259996,0.7830790578688677,True,False,,,,,,,,,,,,,,,,,,,,,,,,,,,,,,,,,,,,,,,,,
160,171,v1,force-probe-1,1.857688546180725,0,800,False,False,,6.0530038678552955,True,316,True,True,True,0.020655033197436026,True,,True,True,True,True,489,True,False,489,0.11969780549407005,0.020655033197436026,"[0.0,0.0,0.6278167366981506]",-4.2700970358938717e-07,0.0,0.0,passed,,,,,True,True,0.77412311062119,False,False,disabled,0,0,0.0,False,,False,False,,False,False,,False,,5,0.09288442523290752,0.04999999888241291,True,0.020571689251259996,0.7830790578688677,"[0.009158506989479065,0.018420517444610596,0.0]",True,800,"[0.0021890029311180115,0.019377537071704865,0.0007979907095432281]","[0.18065694809774868,0.06916371150873601,0.04594290097884368]",0.020571689251259996,0.7830790578688677,True,False,True,,0.020655033197436026,True,True,True,True,-4.2700970358938717e-07,0.07999995723366737,489,0,privileged_state_simulator_reference_agreement,True,800,0,0,0,0,800,0,,,,1.0,800,,,,,,,,,,,,,,,,
161,171,v2,force-probe-1,1.857688546180725,0,800,False,False,,6.116352133918554,True,316,True,True,True,0.020655033197436026,True,,True,True,True,True,489,True,False,489,0.11969780549407005,0.020655033197436026,"[0.0,0.0,0.6278167366981506]",-4.2700970358938717e-07,0.0,0.0,passed,,,,,True,True,0.77412311062119,False,False,nominal,0,0,0.0,False,,False,False,,False,False,,False,,5,0.09288442523290752,0.04999999888241291,True,0.020571689251259996,0.7830790578688677,"[0.009158506989479065,0.018420517444610596,0.0]",True,800,"[0.0021890029311180115,0.019377537071704865,0.0007979907095432281]","[0.18065694809774868,0.06916371150873601,0.04594290097884368]",0.020571689251259996,0.7830790578688677,True,False,True,,0.020655033197436026,True,True,True,True,-4.2700970358938717e-07,0.07999995723366737,489,0,privileged_state_simulator_reference_agreement,True,800,0,0,0,0,800,0,,,,1.0,800,,,,,0,400,0,0.0,,,,,,,,
162,172,baseline,force-probe-1,1.857688546180725,0,800,False,False,,6.145217339042574,False,,True,True,True,0.11029427687895892,False,PLACEMENT_TARGET_NOT_REACHED,True,True,True,True,488,True,False,0,0.11970704421401024,0.11029427687895892,"[0.0,0.0,0.6278568506240845]",-4.1104127674815305e-07,0.0,0.0,disabled,,,,,True,True,0.7693829229750024,False,False,disabled,0,0,0.0,False,,False,False,,False,False,,False,,5,0.09288442523290752,0.04999999888241291,True,0.11048377391813241,0.7824096872757288,"[0.04591899737715721,0.10048862546682358,-5.587935447692871e-09]",True,800,"[0.0040755607187747955,0.030398398637771606,0.00047276169061660767]","[0.3128303546618554,0.5326501182134962,0.060938186463317834]",0.11048377391813241,0.7824096872757288,True,False,,,,,,,,,,,,,,,,,,,,,,,,,,,,,,,,,,,,340,PLACEMENT_TARGET_NOT_REACHED,,,,
163,172,v1,force-probe-1,1.857688546180725,0,800,False,False,,6.128560923971236,False,,True,True,True,0.11029427687895892,False,PLACEMENT_TARGET_NOT_REACHED,True,True,True,True,488,True,False,0,0.11970704421401024,0.11029427687895892,"[0.0,0.0,0.6278568506240845]",-4.1104127674815305e-07,0.0,0.0,failed,PLACEMENT_TARGET_NOT_REACHED,,,2,True,True,0.7693829229750024,False,False,disabled,0,0,0.0,False,,False,False,,False,False,,False,,5,0.09288442523290752,0.04999999888241291,True,0.11048377391813241,0.7824096872757288,"[0.04591899737715721,0.10048862546682358,-5.587935447692871e-09]",True,800,"[0.0040755607187747955,0.030398398637771606,0.00047276169061660767]","[0.3128303546618554,0.5326501182134962,0.060938186463317834]",0.11048377391813241,0.7824096872757288,True,False,False,,0.11029427687895892,True,True,True,True,-4.1104127674815305e-07,0.07999994233250618,0,461,privileged_state_simulator_reference_agreement,True,800,0,459,0,2,339,0,1.0,0.9956616052060737,1.0,1.0,339,,,,,,,,,,,340,PLACEMENT_TARGET_NOT_REACHED,342,PLACEMENT_TARGET_NOT_REACHED,2,459
164,172,v2,force-probe-1,1.857688546180725,0,800,False,False,,7.780435165856034,True,490,True,True,True,0.00273951554044181,True,,True,True,True,True,315,True,False,315,0.11970704421401024,0.00273951554044181,"[0.0,0.0,0.6278371810913086]",-3.976284401289998e-07,0.0,0.0,passed,,,,2,False,True,1.4017065514197153,False,False,attempt_complete,1,154,0.6314117379008837,True,459,False,True,460,True,True,470,True,,5,0.09288442523290752,0.04999999888241291,True,0.11609946300052884,0.7824096872757288,"[0.0018806159496307373,0.0022711381316184998,1.862645149230957e-08]",True,342,"[0.0040755607187747955,0.030398398637771606,0.00047276169061660767]","[0.3128303546618554,0.5326501182134962,0.060938186463317834]",0.11048377391813241,0.7824096872757288,True,True,True,,0.00273951554044181,True,True,True,True,-3.976284401289998e-07,0.07999994233250618,315,0,privileged_state_simulator_reference_agreement,True,800,0,1,0,2,797,0,1.0,0.3333333333333333,1.0,1.0,797,PLACEMENT_TARGET_NOT_REACHED,342,343,settle,5,400,0,0.10276125743985176,,"[0.10463935136795044,0.18640166521072388,0.019999895244836807]",340,PLACEMENT_TARGET_NOT_REACHED,342,PLACEMENT_TARGET_NOT_REACHED,2,1
165,173,baseline,force-probe-1,1.857688546180725,0,800,False,False,,5.784783370094374,False,,True,True,True,0.030835592649561826,False,PLACEMENT_TARGET_NOT_REACHED,True,True,True,True,489,True,False,0,0.1197843961417675,0.030835592649561826,"[0.0,0.0,0.6278383731842041]",-3.6654095128194064e-07,0.0,0.0,disabled,,,,,True,True,0.7118167663378344,False,False,disabled,0,0,0.0,False,,False,False,,False,False,,False,,5,0.09288442523290752,0.04999999888241291,True,0.03055956178857278,0.7825570961794733,"[-0.018719017505645752,0.02415541559457779,4.0978193283081055e-08]",False,800,"[-0.004962347447872162,0.021761231124401093,0.0005946196615695953]","[-0.2922762176458491,0.060146110263303854,0.02360416551528033]",0.03055956178857278,0.7825570961794733,False,False,,,,,,,,,,,,,,,,,,,,,,,,,,,,,,,,,,,,340,PLACEMENT_TARGET_NOT_REACHED,,,,
166,173,v1,force-probe-1,1.857688546180725,0,800,False,False,,6.050703415181488,False,,True,True,True,0.030835592649561826,False,PLACEMENT_TARGET_NOT_REACHED,True,True,True,True,489,True,False,0,0.1197843961417675,0.030835592649561826,"[0.0,0.0,0.6278383731842041]",-3.6654095128194064e-07,0.0,0.0,failed,PLACEMENT_TARGET_NOT_REACHED,,,2,True,True,0.7118167663378344,False,False,disabled,0,0,0.0,False,,False,False,,False,False,,False,,5,0.09288442523290752,0.04999999888241291,True,0.03055956178857278,0.7825570961794733,"[-0.018719017505645752,0.02415541559457779,4.0978193283081055e-08]",False,800,"[-0.004962347447872162,0.021761231124401093,0.0005946196615695953]","[-0.2922762176458491,0.060146110263303854,0.02360416551528033]",0.03055956178857278,0.7825570961794733,False,False,False,,0.030835592649561826,True,True,True,True,-3.6654095128194064e-07,0.07999991998076439,0,461,privileged_state_simulator_reference_agreement,True,800,0,459,0,2,339,0,1.0,0.9956616052060737,1.0,1.0,339,,,,,,,,,,,340,PLACEMENT_TARGET_NOT_REACHED,342,PLACEMENT_TARGET_NOT_REACHED,2,459
167,173,v2,force-probe-1,1.857688546180725,0,800,False,False,,7.638286706060171,True,456,True,True,True,0.0035259141276664475,True,,True,True,True,True,349,True,False,349,0.1197843961417675,0.0035259141276664475,"[0.0,0.0,0.6278433799743652]",-3.808477048103387e-07,0.0,0.0,passed,,,,2,False,True,1.1834949370562085,False,False,attempt_complete,1,120,0.4707963615579502,True,425,False,True,426,True,True,436,True,,5,0.09288442523290752,0.04999999888241291,True,0.0316159259502563,0.7825570961794733,"[-0.0029409825801849365,0.0014651939272880554,4.284083843231201e-08]",True,342,"[-0.004962347447872162,0.021761231124401093,0.0005946196615695953]","[-0.2922762176458491,0.060146110263303854,0.02360416551528033]",0.03055956178857278,0.7825570961794733,False,True,True,,0.0035259141276664475,True,True,True,True,-3.808477048103387e-07,0.07999994605779648,349,0,privileged_state_simulator_reference_agreement,True,800,0,1,0,2,797,0,1.0,0.3333333333333333,1.0,1.0,797,PLACEMENT_TARGET_NOT_REACHED,342,343,settle,5,400,0,0.09989756159484386,,"[-0.059201162308454514,-0.03970597684383392,0.01999993808567524]",340,PLACEMENT_TARGET_NOT_REACHED,342,PLACEMENT_TARGET_NOT_REACHED,2,1
168,174,baseline,force-probe-1,1.857688546180725,0,800,False,False,,5.868015900021419,False,,True,True,True,0.07409929865762974,False,PLACEMENT_TARGET_NOT_REACHED,True,True,True,True,489,True,False,0,0.11977709457278252,0.07409929865762974,"[0.0,0.0,0.627825915813446]",-3.7075096205249625e-07,0.0,0.0,disabled,,,,,True,True,0.6793340733964645,False,False,disabled,0,0,0.0,False,,False,False,,False,False,,False,,5,0.09288442523290752,0.04999999888241291,True,0.07393399781767208,0.7824273680887784,"[-0.06552205979824066,0.03424980491399765,-6.332993507385254e-08]",False,800,"[-0.007543615996837616,0.023821726441383362,0.0012700501829385757]","[-0.5715426583701628,0.13525351406133268,0.10725733327853959]",0.07393399781767208,0.7824273680887784,False,False,,,,,,,,,,,,,,,,,,,,,,,,,,,,,,,,,,,,340,PLACEMENT_TARGET_NOT_REACHED,,,,
169,174,v1,force-probe-1,1.857688546180725,0,800,False,False,,7.479262498905882,False,,True,True,True,0.07409929865762974,False,PLACEMENT_TARGET_NOT_REACHED,True,True,True,True,489,True,False,0,0.11977709457278252,0.07409929865762974,"[0.0,0.0,0.627825915813446]",-3.7075096205249625e-07,0.0,0.0,failed,PLACEMENT_TARGET_NOT_REACHED,,,2,True,True,0.6793340733964645,False,False,disabled,0,0,0.0,False,,False,False,,False,False,,False,,5,0.09288442523290752,0.04999999888241291,True,0.07393399781767208,0.7824273680887784,"[-0.06552205979824066,0.03424980491399765,-6.332993507385254e-08]",False,800,"[-0.007543615996837616,0.023821726441383362,0.0012700501829385757]","[-0.5715426583701628,0.13525351406133268,0.10725733327853959]",0.07393399781767208,0.7824273680887784,False,False,False,,0.07409929865762974,True,True,True,True,-3.7075096205249625e-07,0.0799999050796032,0,461,privileged_state_simulator_reference_agreement,True,800,0,459,0,2,339,0,1.0,0.9956616052060737,1.0,1.0,339,,,,,,,,,,,340,PLACEMENT_TARGET_NOT_REACHED,342,PLACEMENT_TARGET_NOT_REACHED,2,459
170,174,v2,force-probe-1,1.857688546180725,0,800,False,False,,6.411890813848004,True,487,True,True,True,0.004895392675459887,True,,True,True,True,True,318,True,False,318,0.11977709457278252,0.004895392675459887,"[0.0,0.0,0.6278209686279297]",-3.695817261534229e-07,0.0,0.0,passed,,,,2,False,True,1.2345685899179182,False,False,attempt_complete,1,151,0.5543374585865375,True,456,False,True,457,True,True,467,True,,5,0.09288442523290752,0.04999999888241291,True,0.07551038411916644,0.7824273680887784,"[-0.00476779043674469,0.0003101155161857605,-6.705522537231445e-08]",True,342,"[-0.007543615996837616,0.023821726441383362,0.0012700501829385757]","[-0.5715426583701628,0.13525351406133268,0.10725733327853959]",0.07393399781767208,0.7824273680887784,False,True,True,,0.004895392675459887,True,True,True,True,-3.695817261534229e-07,0.07999992370605469,318,0,privileged_state_simulator_reference_agreement,True,800,0,1,0,2,797,0,1.0,0.3333333333333333,1.0,1.0,797,PLACEMENT_TARGET_NOT_REACHED,342,343,settle,5,400,0,0.10452728904783726,,"[-0.13770046830177307,0.09208391606807709,0.019999926909804344]",340,PLACEMENT_TARGET_NOT_REACHED,342,PLACEMENT_TARGET_NOT_REACHED,2,1
171,175,baseline,force-probe-1,1.857688546180725,0,800,False,False,,6.299805930815637,False,,True,True,True,0.029296723352841975,False,PLACEMENT_TARGET_NOT_REACHED,True,True,True,True,489,True,False,0,0.11974742636084557,0.029296723352841975,"[0.0,0.0,0.6278408765792847]",-3.8076179673107724e-07,0.0,0.0,disabled,,,,,True,True,0.647370611771421,False,False,disabled,0,0,0.0,False,,False,False,,False,False,,False,,5,0.09288442523290752,0.04999999888241291,True,0.029272741115253444,0.7831071894544092,"[0.016812212765216827,0.023963265120983124,3.91155481338501e-08]",True,800,"[0.003577832132577896,0.020449087023735046,0.0004668980836868286]","[0.2563478075026069,0.04350936503033154,0.0314969480241416]",0.029272741115253444,0.7831071894544092,True,False,,,,,,,,,,,,,,,,,,,,,,,,,,,,,,,,,,,,340,PLACEMENT_TARGET_NOT_REACHED,,,,
172,175,v1,force-probe-1,1.857688546180725,0,800,False,False,,6.049064319115132,False,,True,True,True,0.029296723352841975,False,PLACEMENT_TARGET_NOT_REACHED,True,True,True,True,489,True,False,0,0.11974742636084557,0.029296723352841975,"[0.0,0.0,0.6278408765792847]",-3.8076179673107724e-07,0.0,0.0,failed,PLACEMENT_TARGET_NOT_REACHED,,,2,True,True,0.647370611771421,False,False,disabled,0,0,0.0,False,,False,False,,False,False,,False,,5,0.09288442523290752,0.04999999888241291,True,0.029272741115253444,0.7831071894544092,"[0.016812212765216827,0.023963265120983124,3.91155481338501e-08]",True,800,"[0.003577832132577896,0.020449087023735046,0.0004668980836868286]","[0.2563478075026069,0.04350936503033154,0.0314969480241416]",0.029272741115253444,0.7831071894544092,True,False,False,,0.029296723352841975,True,True,True,True,-3.8076179673107724e-07,0.07999995350837708,0,461,privileged_state_simulator_reference_agreement,True,800,0,459,0,2,339,0,1.0,0.9956616052060737,1.0,1.0,339,,,,,,,,,,,340,PLACEMENT_TARGET_NOT_REACHED,342,PLACEMENT_TARGET_NOT_REACHED,2,459
173,175,v2,force-probe-1,1.857688546180725,0,800,False,False,,6.185740212909877,True,467,True,True,True,0.002635248195563788,True,,True,True,True,True,338,True,False,338,0.11974742636084557,0.002635248195563788,"[0.0,0.0,0.6278382539749146]",-3.6523478933597753e-07,0.0,0.0,passed,,,,2,False,True,1.117636339900047,False,False,attempt_complete,1,131,0.46937855366746795,True,436,False,True,437,True,True,447,True,,5,0.09288442523290752,0.04999999888241291,True,0.03566345144779402,0.7831071894544092,"[0.002240154892206192,0.0015392005443572998,5.21540641784668e-08]",True,342,"[0.003577832132577896,0.020449087023735046,0.0004668980836868286]","[0.2563478075026069,0.04350936503033154,0.0314969480241416]",0.029272741115253444,0.7831071894544092,True,True,True,,0.002635248195563788,True,True,True,True,-3.6523478933597753e-07,0.07999993488192558,338,0,privileged_state_simulator_reference_agreement,True,800,0,1,0,2,797,0,1.0,0.3333333333333333,1.0,1.0,797,PLACEMENT_TARGET_NOT_REACHED,342,343,settle,5,400,0,0.09890402667224407,,"[0.05876155570149422,0.0911802351474762,0.01999993808567524]",340,PLACEMENT_TARGET_NOT_REACHED,342,PLACEMENT_TARGET_NOT_REACHED,2,1
174,176,baseline,force-probe-1,1.857688546180725,0,800,False,False,,5.915845781099051,False,,True,True,True,0.049834602353835106,False,PLACEMENT_TARGET_NOT_REACHED,True,True,True,True,489,True,False,0,0.11977749690413475,0.049834602353835106,"[0.0,0.0,0.6284341812133789]",-2.6233407879674986e-07,0.0,0.0,disabled,,,,,True,True,0.6122905935981939,False,False,disabled,0,0,0.0,False,,False,False,,False,False,,False,,5,0.09288442523290752,0.04999999888241291,True,0.049938398728098715,0.7828346701044807,"[0.04067298583686352,0.028974981512874365,-3.5390257835388184e-08]",False,800,"[0.0060328468680381775,0.023264489544089884,1.8812716007232666e-07]","[0.4626466129266191,0.07671774363552686,5.448173715194571e-05]",0.049938398728098715,0.7828346701044807,False,False,,,,,,,,,,,,,,,,,,,,,,,,,,,,,,,,,,,,340,PLACEMENT_TARGET_NOT_REACHED,,,,
175,176,v1,force-probe-1,1.857688546180725,0,800,False,False,,6.035034536849707,False,,True,True,True,0.049834602353835106,False,PLACEMENT_TARGET_NOT_REACHED,True,True,True,True,489,True,False,0,0.11977749690413475,0.049834602353835106,"[0.0,0.0,0.6284341812133789]",-2.6233407879674986e-07,0.0,0.0,failed,PLACEMENT_TARGET_NOT_REACHED,,,2,True,True,0.6122905935981939,False,False,disabled,0,0,0.0,False,,False,False,,False,False,,False,,5,0.09288442523290752,0.04999999888241291,True,0.049938398728098715,0.7828346701044807,"[0.04067298583686352,0.028974981512874365,-3.5390257835388184e-08]",False,800,"[0.0060328468680381775,0.023264489544089884,1.8812716007232666e-07]","[0.4626466129266191,0.07671774363552686,5.448173715194571e-05]",0.049938398728098715,0.7828346701044807,False,False,False,,0.049834602353835106,True,True,True,True,-2.6233407879674986e-07,0.07999993860721588,0,461,privileged_state_simulator_reference_agreement,True,800,0,459,0,2,339,0,1.0,0.9956616052060737,1.0,1.0,339,,,,,,,,,,,340,PLACEMENT_TARGET_NOT_REACHED,342,PLACEMENT_TARGET_NOT_REACHED,2,459
176,176,v2,force-probe-1,1.857688546180725,0,800,False,False,,6.131281693931669,True,464,True,True,True,0.002880453437156145,True,,True,True,True,True,341,True,False,341,0.11977749690413475,0.002880453437156145,"[0.0,0.0,0.6284205913543701]",-2.6891975878073904e-07,0.0,0.0,passed,,,,2,False,True,1.1253690220692587,False,False,attempt_complete,1,128,0.5121779005811878,True,433,False,True,434,True,True,444,True,,5,0.09288442523290752,0.04999999888241291,True,0.058369826181707656,0.7828346701044807,"[0.002787485718727112,0.0012157633900642395,-4.470348358154297e-08]",True,342,"[0.0060328468680381775,0.023264489544089884,1.8812716007232666e-07]","[0.4626466129266191,0.07671774363552686,5.448173715194571e-05]",0.049938398728098715,0.7828346701044807,False,True,True,,0.002880453437156145,True,True,True,True,-2.6891975878073904e-07,0.07999993115663528,341,0,privileged_state_simulator_reference_agreement,True,800,0,1,0,2,797,0,1.0,0.3333333333333333,1.0,1.0,797,PLACEMENT_TARGET_NOT_REACHED,342,343,settle,5,400,0,0.10193433426320553,,"[-0.028711603954434395,0.006485899444669485,0.019999900832772255]",340,PLACEMENT_TARGET_NOT_REACHED,342,PLACEMENT_TARGET_NOT_REACHED,2,1
177,177,baseline,force-probe-1,1.857688546180725,0,800,False,False,,6.519044699147344,False,,True,True,True,0.047270129905337306,False,PLACEMENT_TARGET_NOT_REACHED,True,True,True,True,489,True,False,0,0.1197681836783886,0.047270129905337306,"[0.0,0.0,0.6284423470497131]",-2.917272025025619e-07,0.0,0.0,disabled,,,,,True,True,0.6618277559323391,False,False,disabled,0,0,0.0,False,,False,False,,False,False,,False,,5,0.09288442523290752,0.04999999888241291,True,0.04749579810971048,0.7828705734384596,"[0.03806375712156296,0.028407711535692215,-2.9802322387695312e-08]",False,800,"[0.005763392895460129,0.02334665134549141,2.1420419216156006e-07]","[0.4473588766704779,0.07054417335893959,5.677195713360561e-05]",0.04749579810971048,0.7828705734384596,False,False,,,,,,,,,,,,,,,,,,,,,,,,,,,,,,,,,,,,340,PLACEMENT_TARGET_NOT_REACHED,,,,
178,177,v1,force-probe-1,1.857688546180725,0,800,False,False,,6.681285305181518,False,,True,True,True,0.047270129905337306,False,PLACEMENT_TARGET_NOT_REACHED,True,True,True,True,489,True,False,0,0.1197681836783886,0.047270129905337306,"[0.0,0.0,0.6284423470497131]",-2.917272025025619e-07,0.0,0.0,failed,PLACEMENT_TARGET_NOT_REACHED,,,2,True,True,0.6618277559323391,False,False,disabled,0,0,0.0,False,,False,False,,False,False,,False,,5,0.09288442523290752,0.04999999888241291,True,0.04749579810971048,0.7828705734384596,"[0.03806375712156296,0.028407711535692215,-2.9802322387695312e-08]",False,800,"[0.005763392895460129,0.02334665134549141,2.1420419216156006e-07]","[0.4473588766704779,0.07054417335893959,5.677195713360561e-05]",0.04749579810971048,0.7828705734384596,False,False,False,,0.047270129905337306,True,True,True,True,-2.917272025025619e-07,0.07999993860721588,0,461,privileged_state_simulator_reference_agreement,True,800,0,459,0,2,339,0,1.0,0.9956616052060737,1.0,1.0,339,,,,,,,,,,,340,PLACEMENT_TARGET_NOT_REACHED,342,PLACEMENT_TARGET_NOT_REACHED,2,459
179,177,v2,force-probe-1,1.857688546180725,0,800,False,False,,6.142613130854443,True,462,True,True,True,0.003571485065621986,True,,True,True,True,True,343,True,False,343,0.1197681836783886,0.003571485065621986,"[0.0,0.0,0.6278380155563354]",-4.480037223524025e-07,0.0,0.0,passed,,,,2,False,True,1.165359005759114,False,False,attempt_complete,1,126,0.5026370717535013,True,431,False,True,432,True,True,442,True,,5,0.09288442523290752,0.04999999888241291,True,0.05694802109417529,0.7828705734384596,"[0.0032283030450344086,0.001991305500268936,-2.2351741790771484e-08]",True,342,"[0.005763392895460129,0.02334665134549141,2.1420419216156006e-07]","[0.4473588766704779,0.07054417335893959,5.677195713360561e-05]",0.04749579810971048,0.7828705734384596,False,True,True,,0.003571485065621986,True,True,True,True,-4.480037223524025e-07,0.07999993115663528,343,0,privileged_state_simulator_reference_agreement,True,800,0,1,0,2,797,0,1.0,0.3333333333333333,1.0,1.0,797,PLACEMENT_TARGET_NOT_REACHED,342,343,settle,5,400,0,0.10071375966072083,,"[-0.023593507707118988,0.08721853792667389,0.01999989151954651]",340,PLACEMENT_TARGET_NOT_REACHED,342,PLACEMENT_TARGET_NOT_REACHED,2,1
180,178,baseline,force-probe-1,1.857688546180725,0,800,False,False,,5.820860942127183,False,,True,True,True,0.16352792467144994,False,PLACEMENT_TARGET_NOT_REACHED,True,True,True,True,489,True,False,0,0.11975976452231407,0.16352792467144994,"[0.0,0.0,0.6278328895568848]",-1.4549362158805534e-07,0.0,0.0,disabled,,,,,True,True,0.656185393336514,False,False,disabled,0,0,0.0,False,,False,False,,False,False,,False,,5,0.09288442523290752,0.04999999888241291,True,0.1633218234475364,0.7838347769947333,"[-0.062001186423003674,0.15109539777040482,2.60770320892334e-08]",False,800,"[-0.0045489296317100525,0.03196360729634762,0.0004027280956506729]","[-0.3499114323349204,0.7003188660546584,0.038621541221800726]",0.1633218234475364,0.7838347769947333,False,False,,,,,,,,,,,,,,,,,,,,,,,,,,,,,,,,,,,,340,PLACEMENT_TARGET_NOT_REACHED,,,,
181,178,v1,force-probe-1,1.857688546180725,0,800,False,False,,6.01879014307633,False,,True,True,True,0.16352792467144994,False,PLACEMENT_TARGET_NOT_REACHED,True,True,True,True,489,True,False,0,0.11975976452231407,0.16352792467144994,"[0.0,0.0,0.6278328895568848]",-1.4549362158805534e-07,0.0,0.0,failed,PLACEMENT_TARGET_NOT_REACHED,,,2,True,True,0.656185393336514,False,False,disabled,0,0,0.0,False,,False,False,,False,False,,False,,5,0.09288442523290752,0.04999999888241291,True,0.1633218234475364,0.7838347769947333,"[-0.062001186423003674,0.15109539777040482,2.60770320892334e-08]",False,800,"[-0.0045489296317100525,0.03196360729634762,0.0004027280956506729]","[-0.3499114323349204,0.7003188660546584,0.038621541221800726]",0.1633218234475364,0.7838347769947333,False,False,False,,0.16352792467144994,True,True,True,True,-1.4549362158805534e-07,0.07999994233250618,0,461,privileged_state_simulator_reference_agreement,True,800,0,459,0,2,339,0,1.0,0.9956616052060737,1.0,1.0,339,,,,,,,,,,,340,PLACEMENT_TARGET_NOT_REACHED,342,PLACEMENT_TARGET_NOT_REACHED,2,459
182,178,v2,force-probe-1,1.857688546180725,0,800,False,False,,6.599561085924506,True,513,True,True,True,0.003278085355233958,True,,True,True,True,True,292,True,False,292,0.11975976452231407,0.003278085355233958,"[0.0,0.0,0.6277706027030945]",-2.582033134315709e-07,0.0,0.0,passed,,,,2,False,True,1.394610945572979,False,False,attempt_complete,1,177,0.737528082629408,True,482,False,True,483,True,True,493,True,,5,0.09288442523290752,0.04999999888241291,True,0.16487637019886955,0.7838347769947333,"[-0.002730034291744232,0.0014860741794109344,9.313225746154785e-09]",True,342,"[-0.0045489296317100525,0.03196360729634762,0.0004027280956506729]","[-0.3499114323349204,0.7003188660546584,0.038621541221800726]",0.1633218234475364,0.7838347769947333,False,True,True,,0.003278085355233958,True,True,True,True,-2.582033134315709e-07,0.07999993860721588,292,0,privileged_state_simulator_reference_agreement,True,800,0,1,0,2,797,0,1.0,0.3333333333333333,1.0,1.0,797,PLACEMENT_TARGET_NOT_REACHED,342,343,settle,5,400,0,0.10366706736385822,,"[-0.010258226655423641,0.09495548158884048,0.020000001415610313]",340,PLACEMENT_TARGET_NOT_REACHED,342,PLACEMENT_TARGET_NOT_REACHED,2,1
183,179,baseline,force-probe-1,1.857688546180725,0,800,False,False,,5.94192912010476,False,,True,True,True,0.027210332434540328,False,PLACEMENT_TARGET_NOT_REACHED,True,True,True,True,489,True,False,0,0.11978251859545708,0.027210332434540328,"[0.0,0.0,0.627916157245636]",-3.859538999437251e-07,0.0,0.0,disabled,,,,,True,True,0.6448910290076033,False,False,disabled,0,0,0.0,False,,False,False,,False,False,,False,,5,0.09288442523290752,0.04999999888241291,True,0.02712944188418029,0.7827855147890648,"[0.016717351973056793,0.021365784108638763,2.60770320892334e-08]",True,800,"[0.003443203866481781,0.020546026527881622,0.0004740022122859955]","[0.2640622842882294,-0.002019715146161616,0.0301497681211913]",0.02712944188418029,0.7827855147890648,True,False,,,,,,,,,,,,,,,,,,,,,,,,,,,,,,,,,,,,340,PLACEMENT_TARGET_NOT_REACHED,,,,
184,179,v1,force-probe-1,1.857688546180725,0,800,False,False,,6.575331019004807,False,,True,True,True,0.027210332434540328,False,PLACEMENT_TARGET_NOT_REACHED,True,True,True,True,489,True,False,0,0.11978251859545708,0.027210332434540328,"[0.0,0.0,0.627916157245636]",-3.859538999437251e-07,0.0,0.0,failed,PLACEMENT_TARGET_NOT_REACHED,,,2,True,True,0.6448910290076033,False,False,disabled,0,0,0.0,False,,False,False,,False,False,,False,,5,0.09288442523290752,0.04999999888241291,True,0.02712944188418029,0.7827855147890648,"[0.016717351973056793,0.021365784108638763,2.60770320892334e-08]",True,800,"[0.003443203866481781,0.020546026527881622,0.0004740022122859955]","[0.2640622842882294,-0.002019715146161616,0.0301497681211913]",0.02712944188418029,0.7827855147890648,True,False,False,,0.027210332434540328,True,True,True,True,-3.859538999437251e-07,0.07999992743134499,0,461,privileged_state_simulator_reference_agreement,True,800,0,459,0,2,339,0,1.0,0.9956616052060737,1.0,1.0,339,,,,,,,,,,,340,PLACEMENT_TARGET_NOT_REACHED,342,PLACEMENT_TARGET_NOT_REACHED,2,459
185,179,v2,force-probe-1,1.857688546180725,0,800,False,False,,6.839365503983572,True,466,True,True,True,0.002317166747224882,True,,True,True,True,True,339,True,False,339,0.11978251859545708,0.002317166747224882,"[0.0,0.0,0.6277779936790466]",-2.854517810006729e-07,0.0,0.0,passed,,,,2,False,True,1.1108028487076742,False,False,attempt_complete,1,129,0.4642096212910638,True,435,False,True,436,True,True,446,True,,5,0.09288442523290752,0.04999999888241291,True,0.03379512158578244,0.7827855147890648,"[0.001605100929737091,0.0015841349959373474,8.754432201385498e-08]",True,342,"[0.003443203866481781,0.020546026527881622,0.0004740022122859955]","[0.2640622842882294,-0.002019715146161616,0.0301497681211913]",0.02712944188418029,0.7827855147890648,True,True,True,,0.002317166747224882,True,True,True,True,-2.854517810006729e-07,0.07999987527728081,339,0,privileged_state_simulator_reference_agreement,True,800,0,1,0,2,797,0,1.0,0.3333333333333333,1.0,1.0,797,PLACEMENT_TARGET_NOT_REACHED,342,343,settle,5,400,0,0.09885002300143242,,"[-0.07827004045248032,-0.07092359662055969,0.019999932497739792]",340,PLACEMENT_TARGET_NOT_REACHED,342,PLACEMENT_TARGET_NOT_REACHED,2,1
186,162,baseline,force-probe-2,2.322110652923584,0,800,False,False,,5.735675661126152,True,316,True,True,True,0.020607296365020785,True,,True,True,True,True,489,True,False,489,0.11971185728907585,0.020607296365020785,"[0.0,0.0,0.6278219819068909]",-3.571076604459711e-07,0.0,0.0,disabled,,,,,True,True,0.7270901666099946,False,False,disabled,0,0,0.0,False,,False,False,,False,False,,False,,5,0.11610553005101831,0.04999999888241291,True,0.020938979492786024,0.941865881257378,"[0.0006738491356372833,0.02074000332504511,5.587935447692871e-09]",True,800,"[0.0002161674201488495,0.020584532991051674,0.0015525389462709427]","[0.02102108727558516,0.01996447957935743,0.08838680713961367]",0.020938979492786024,0.941865881257378,True,False,,,,,,,,,,,,,,,,,,,,,,,,,,,,,,,,,,,,,,,,,
187,162,v1,force-probe-2,2.322110652923584,0,800,False,False,,6.008766905171797,True,316,True,True,True,0.020607296365020785,True,,True,True,True,True,489,True,False,489,0.11971185728907585,0.020607296365020785,"[0.0,0.0,0.6278219819068909]",-3.571076604459711e-07,0.0,0.0,passed,,,,,True,True,0.7270901666099946,False,False,disabled,0,0,0.0,False,,False,False,,False,False,,False,,5,0.11610553005101831,0.04999999888241291,True,0.020938979492786024,0.941865881257378,"[0.0006738491356372833,0.02074000332504511,5.587935447692871e-09]",True,800,"[0.0002161674201488495,0.020584532991051674,0.0015525389462709427]","[0.02102108727558516,0.01996447957935743,0.08838680713961367]",0.020938979492786024,0.941865881257378,True,False,True,,0.020607296365020785,True,True,True,True,-3.571076604459711e-07,0.07999995350837708,489,0,privileged_state_simulator_reference_agreement,True,800,0,0,0,0,800,0,,,,1.0,800,,,,,,,,,,,,,,,,
188,162,v2,force-probe-2,2.322110652923584,0,800,False,False,,6.025952168973163,True,316,True,True,True,0.020607296365020785,True,,True,True,True,True,489,True,False,489,0.11971185728907585,0.020607296365020785,"[0.0,0.0,0.6278219819068909]",-3.571076604459711e-07,0.0,0.0,passed,,,,,True,True,0.7270901666099946,False,False,nominal,0,0,0.0,False,,False,False,,False,False,,False,,5,0.11610553005101831,0.04999999888241291,True,0.020938979492786024,0.941865881257378,"[0.0006738491356372833,0.02074000332504511,5.587935447692871e-09]",True,800,"[0.0002161674201488495,0.020584532991051674,0.0015525389462709427]","[0.02102108727558516,0.01996447957935743,0.08838680713961367]",0.020938979492786024,0.941865881257378,True,False,True,,0.020607296365020785,True,True,True,True,-3.571076604459711e-07,0.07999995350837708,489,0,privileged_state_simulator_reference_agreement,True,800,0,0,0,0,800,0,,,,1.0,800,,,,,0,400,0,0.0,,,,,,,,
189,163,baseline,force-probe-2,2.322110652923584,0,800,False,False,,5.967388255987316,True,316,True,True,True,0.02028193920483298,True,,True,True,True,True,489,True,False,489,0.11969823762774467,0.02028193920483298,"[0.0,0.0,0.6278465986251831]",-4.309599831858746e-07,0.0,0.0,disabled,,,,,True,True,0.7398947045063986,False,False,disabled,0,0,0.0,False,,False,False,,False,False,,False,,5,0.11610553005101831,0.04999999888241291,True,0.02008995728720258,0.714009822659763,"[0.0007416503503918648,0.02007301151752472,0.0]",True,800,"[8.882582187652588e-05,0.019585944712162018,0.0011531766504049301]","[0.056436008628224954,0.11803148477338254,0.05387952616729308]",0.02008995728720258,0.714009822659763,True,False,,,,,,,,,,,,,,,,,,,,,,,,,,,,,,,,,,,,,,,,,
190,163,v1,force-probe-2,2.322110652923584,0,800,False,False,,6.096661918098107,True,316,True,True,True,0.02028193920483298,True,,True,True,True,True,489,True,False,489,0.11969823762774467,0.02028193920483298,"[0.0,0.0,0.6278465986251831]",-4.309599831858746e-07,0.0,0.0,passed,,,,,True,True,0.7398947045063986,False,False,disabled,0,0,0.0,False,,False,False,,False,False,,False,,5,0.11610553005101831,0.04999999888241291,True,0.02008995728720258,0.714009822659763,"[0.0007416503503918648,0.02007301151752472,0.0]",True,800,"[8.882582187652588e-05,0.019585944712162018,0.0011531766504049301]","[0.056436008628224954,0.11803148477338254,0.05387952616729308]",0.02008995728720258,0.714009822659763,True,False,True,,0.02028193920483298,True,True,True,True,-4.309599831858746e-07,0.07999994978308678,489,0,privileged_state_simulator_reference_agreement,True,800,0,0,0,0,800,0,,,,1.0,800,,,,,,,,,,,,,,,,
191,163,v2,force-probe-2,2.322110652923584,0,800,False,False,,6.024371787905693,True,316,True,True,True,0.02028193920483298,True,,True,True,True,True,489,True,False,489,0.11969823762774467,0.02028193920483298,"[0.0,0.0,0.6278465986251831]",-4.309599831858746e-07,0.0,0.0,passed,,,,,True,True,0.7398947045063986,False,False,nominal,0,0,0.0,False,,False,False,,False,False,,False,,5,0.11610553005101831,0.04999999888241291,True,0.02008995728720258,0.714009822659763,"[0.0007416503503918648,0.02007301151752472,0.0]",True,800,"[8.882582187652588e-05,0.019585944712162018,0.0011531766504049301]","[0.056436008628224954,0.11803148477338254,0.05387952616729308]",0.02008995728720258,0.714009822659763,True,False,True,,0.02028193920483298,True,True,True,True,-4.309599831858746e-07,0.07999994978308678,489,0,privileged_state_simulator_reference_agreement,True,800,0,0,0,0,800,0,,,,1.0,800,,,,,0,400,0,0.0,,,,,,,,
192,164,baseline,force-probe-2,2.322110652923584,0,800,False,False,,5.880136618157849,True,316,True,True,True,0.018679728262910436,True,,True,True,True,True,489,True,False,489,0.1197037361562252,0.018679728262910436,"[0.0,0.0,0.6278197169303894]",-4.477172963826548e-07,0.0,0.0,disabled,,,,,True,True,0.6726215801988262,False,False,disabled,0,0,0.0,False,,False,False,,False,False,,False,,5,0.11610553005101831,0.04999999888241291,True,0.020340728934846782,0.8522387728629862,"[0.0006642923690378666,0.0188173558562994,-1.4901161193847656e-08]",True,800,"[-0.00031226652208715677,0.020136600360274315,0.0010646674782037735]","[0.09623848638148047,0.06707153265597299,0.06803688932268415]",0.020340728934846782,0.8522387728629862,True,False,,,,,,,,,,,,,,,,,,,,,,,,,,,,,,,,,,,,,,,,,
193,164,v1,force-probe-2,2.322110652923584,0,800,False,False,,6.065550551051274,True,316,True,True,True,0.018679728262910436,True,,True,True,True,True,489,True,False,489,0.1197037361562252,0.018679728262910436,"[0.0,0.0,0.6278197169303894]",-4.477172963826548e-07,0.0,0.0,passed,,,,,True,True,0.6726215801988262,False,False,disabled,0,0,0.0,False,,False,False,,False,False,,False,,5,0.11610553005101831,0.04999999888241291,True,0.020340728934846782,0.8522387728629862,"[0.0006642923690378666,0.0188173558562994,-1.4901161193847656e-08]",True,800,"[-0.00031226652208715677,0.020136600360274315,0.0010646674782037735]","[0.09623848638148047,0.06707153265597299,0.06803688932268415]",0.020340728934846782,0.8522387728629862,True,False,True,,0.018679728262910436,True,True,True,True,-4.477172963826548e-07,0.07999993115663528,489,0,privileged_state_simulator_reference_agreement,True,800,0,0,0,0,800,0,,,,1.0,800,,,,,,,,,,,,,,,,
194,164,v2,force-probe-2,2.322110652923584,0,800,False,False,,6.014603427844122,True,316,True,True,True,0.018679728262910436,True,,True,True,True,True,489,True,False,489,0.1197037361562252,0.018679728262910436,"[0.0,0.0,0.6278197169303894]",-4.477172963826548e-07,0.0,0.0,passed,,,,,True,True,0.6726215801988262,False,False,nominal,0,0,0.0,False,,False,False,,False,False,,False,,5,0.11610553005101831,0.04999999888241291,True,0.020340728934846782,0.8522387728629862,"[0.0006642923690378666,0.0188173558562994,-1.4901161193847656e-08]",True,800,"[-0.00031226652208715677,0.020136600360274315,0.0010646674782037735]","[0.09623848638148047,0.06707153265597299,0.06803688932268415]",0.020340728934846782,0.8522387728629862,True,False,True,,0.018679728262910436,True,True,True,True,-4.477172963826548e-07,0.07999993115663528,489,0,privileged_state_simulator_reference_agreement,True,800,0,0,0,0,800,0,,,,1.0,800,,,,,0,400,0,0.0,,,,,,,,
195,165,baseline,force-probe-2,2.322110652923584,0,800,False,False,,5.837834432022646,False,,True,True,True,0.047471275869750106,False,PLACEMENT_TARGET_NOT_REACHED,True,True,True,True,489,True,False,0,0.1197097860276699,0.047471275869750106,"[0.0,0.0,0.6278380751609802]",-4.150199736062399e-07,0.0,0.0,disabled,,,,,True,True,0.6231696998673388,False,False,disabled,0,0,0.0,False,,False,False,,False,False,,False,,5,0.11610553005101831,0.04999999888241291,True,0.0474172312032053,1.0002930221863346,"[-0.03258356545120478,0.03444857895374298,5.587935447692871e-09]",True,800,"[-0.005098736844956875,0.02327364683151245,0.0012462809681892395]","[-0.25925622769864276,0.2418809050868731,0.07970117604418192]",0.0474172312032053,1.0002930221863346,True,False,,,,,,,,,,,,,,,,,,,,,,,,,,,,,,,,,,,,340,PLACEMENT_TARGET_NOT_REACHED,,,,
196,165,v1,force-probe-2,2.322110652923584,0,800,False,False,,6.117010992020369,False,,True,True,True,0.047471275869750106,False,PLACEMENT_TARGET_NOT_REACHED,True,True,True,True,489,True,False,0,0.1197097860276699,0.047471275869750106,"[0.0,0.0,0.6278380751609802]",-4.150199736062399e-07,0.0,0.0,failed,PLACEMENT_TARGET_NOT_REACHED,,,2,True,True,0.6231696998673388,False,False,disabled,0,0,0.0,False,,False,False,,False,False,,False,,5,0.11610553005101831,0.04999999888241291,True,0.0474172312032053,1.0002930221863346,"[-0.03258356545120478,0.03444857895374298,5.587935447692871e-09]",True,800,"[-0.005098736844956875,0.02327364683151245,0.0012462809681892395]","[-0.25925622769864276,0.2418809050868731,0.07970117604418192]",0.0474172312032053,1.0002930221863346,True,False,False,,0.047471275869750106,True,True,True,True,-4.150199736062399e-07,0.07999991998076439,0,461,privileged_state_simulator_reference_agreement,True,800,0,459,0,2,339,0,1.0,0.9956616052060737,1.0,1.0,339,,,,,,,,,,,340,PLACEMENT_TARGET_NOT_REACHED,342,PLACEMENT_TARGET_NOT_REACHED,2,459
197,165,v2,force-probe-2,2.322110652923584,0,800,False,False,,6.2553433959838,True,463,True,True,True,0.003876088658928944,True,,True,True,True,True,342,True,False,342,0.1197097860276699,0.003876088658928944,"[0.0,0.0,0.6278414130210876]",-4.0494488713974097e-07,0.0,0.0,passed,,,,2,False,True,1.1286173914431068,False,False,attempt_complete,1,127,0.5045736917272738,True,432,False,True,433,True,True,443,True,,5,0.11610553005101831,0.04999999888241291,True,0.04884165000539626,1.0002930221863346,"[-0.003085537813603878,0.002104140818119049,2.7939677238464355e-08]",True,342,"[-0.005098736844956875,0.02327364683151245,0.0012462809681892395]","[-0.25925622769864276,0.2418809050868731,0.07970117604418192]",0.0474172312032053,1.0002930221863346,True,True,True,,0.003876088658928944,True,True,True,True,-4.0494488713974097e-07,0.07999991998076439,342,0,privileged_state_simulator_reference_agreement,True,800,0,1,0,2,797,0,1.0,0.3333333333333333,1.0,1.0,797,PLACEMENT_TARGET_NOT_REACHED,342,343,settle,5,400,0,0.10121293552219868,,"[-0.045101579278707504,0.11020991951227188,0.01999991200864315]",340,PLACEMENT_TARGET_NOT_REACHED,342,PLACEMENT_TARGET_NOT_REACHED,2,1
198,166,baseline,force-probe-2,2.322110652923584,0,800,False,False,,5.913458852795884,False,,True,True,True,0.04581995565714545,False,PLACEMENT_TARGET_NOT_REACHED,True,True,True,True,489,True,False,0,0.11973297223448753,0.04581995565714545,"[0.0,0.0,0.6278388500213623]",-3.5134823270221993e-07,0.0,0.0,disabled,,,,,True,True,0.7136162474410115,False,False,disabled,0,0,0.0,False,,False,False,,False,False,,False,,5,0.11610553005101831,0.04999999888241291,True,0.045578677311042586,1.0003070918209542,"[-0.030694948509335518,0.033693231642246246,-8.568167686462402e-08]",True,800,"[-0.0053275227546691895,0.022937342524528503,0.0010321512818336487]","[-0.26067684379813727,0.23153967948746867,0.06087194448627997]",0.045578677311042586,1.0003070918209542,True,False,,,,,,,,,,,,,,,,,,,,,,,,,,,,,,,,,,,,340,PLACEMENT_TARGET_NOT_REACHED,,,,
199,166,v1,force-probe-2,2.322110652923584,0,800,False,False,,6.085441998904571,False,,True,True,True,0.04581995565714545,False,PLACEMENT_TARGET_NOT_REACHED,True,True,True,True,489,True,False,0,0.11973297223448753,0.04581995565714545,"[0.0,0.0,0.6278388500213623]",-3.5134823270221993e-07,0.0,0.0,failed,PLACEMENT_TARGET_NOT_REACHED,,,2,True,True,0.7136162474410115,False,False,disabled,0,0,0.0,False,,False,False,,False,False,,False,,5,0.11610553005101831,0.04999999888241291,True,0.045578677311042586,1.0003070918209542,"[-0.030694948509335518,0.033693231642246246,-8.568167686462402e-08]",True,800,"[-0.0053275227546691895,0.022937342524528503,0.0010321512818336487]","[-0.26067684379813727,0.23153967948746867,0.06087194448627997]",0.045578677311042586,1.0003070918209542,True,False,False,,0.04581995565714545,True,True,True,True,-3.5134823270221993e-07,0.07999993860721588,0,461,privileged_state_simulator_reference_agreement,True,800,0,459,0,2,339,0,1.0,0.9956616052060737,1.0,1.0,339,,,,,,,,,,,340,PLACEMENT_TARGET_NOT_REACHED,342,PLACEMENT_TARGET_NOT_REACHED,2,459
200,166,v2,force-probe-2,2.322110652923584,0,800,False,False,,6.1825558240525424,True,462,True,True,True,0.003834519747189376,True,,True,True,True,True,343,True,False,343,0.11973297223448753,0.003834519747189376,"[0.0,0.0,0.6278412938117981]",-3.863809945048313e-07,0.0,0.0,passed,,,,2,False,True,1.2132540068386335,False,False,attempt_complete,1,126,0.49872473376531207,True,431,False,True,432,True,True,442,True,,5,0.11610553005101831,0.04999999888241291,True,0.04702804484592843,1.0003070918209542,"[-0.003395184874534607,0.0012637823820114136,-9.313225746154785e-08]",True,342,"[-0.0053275227546691895,0.022937342524528503,0.0010321512818336487]","[-0.26067684379813727,0.23153967948746867,0.06087194448627997]",0.045578677311042586,1.0003070918209542,True,True,True,,0.003834519747189376,True,True,True,True,-3.863809945048313e-07,0.07999993115663528,343,0,privileged_state_simulator_reference_agreement,True,800,0,1,0,2,797,0,1.0,0.3333333333333333,1.0,1.0,797,PLACEMENT_TARGET_NOT_REACHED,342,343,settle,5,400,0,0.10036108642816544,,"[0.030729299411177635,0.09713981300592422,0.019999943673610687]",340,PLACEMENT_TARGET_NOT_REACHED,342,PLACEMENT_TARGET_NOT_REACHED,2,1
201,167,baseline,force-probe-2,2.322110652923584,0,800,False,False,,5.830519479000941,False,,True,True,True,0.04655280130122536,False,PLACEMENT_TARGET_NOT_REACHED,True,True,True,True,489,True,False,0,0.11981472000479698,0.04655280130122536,"[0.0,0.0,0.6276874542236328]",-2.4403804080655456e-07,0.0,0.0,disabled,,,,,True,True,0.8240695254622942,False,False,disabled,0,0,0.0,False,,False,False,,False,False,,False,,5,0.11610553005101831,0.04999999888241291,True,0.04673416546048294,1.0005347885621514,"[0.03128119793836959,0.03472068905830383,-9.313225746154785e-09]",True,800,"[0.004490658640861511,0.023766212165355682,0.0014033801853656769]","[0.25601185657433234,0.2536846430739388,0.04742189418175258]",0.04673416546048294,1.0005347885621514,True,False,,,,,,,,,,,,,,,,,,,,,,,,,,,,,,,,,,,,340,PLACEMENT_TARGET_NOT_REACHED,,,,
202,167,v1,force-probe-2,2.322110652923584,0,800,False,False,,5.880847793072462,False,,True,True,True,0.04655280130122536,False,PLACEMENT_TARGET_NOT_REACHED,True,True,True,True,489,True,False,0,0.11981472000479698,0.04655280130122536,"[0.0,0.0,0.6276874542236328]",-2.4403804080655456e-07,0.0,0.0,failed,PLACEMENT_TARGET_NOT_REACHED,,,2,True,True,0.8240695254622942,False,False,disabled,0,0,0.0,False,,False,False,,False,False,,False,,5,0.11610553005101831,0.04999999888241291,True,0.04673416546048294,1.0005347885621514,"[0.03128119793836959,0.03472068905830383,-9.313225746154785e-09]",True,800,"[0.004490658640861511,0.023766212165355682,0.0014033801853656769]","[0.25601185657433234,0.2536846430739388,0.04742189418175258]",0.04673416546048294,1.0005347885621514,True,False,False,,0.04655280130122536,True,True,True,True,-2.4403804080655456e-07,0.07999992743134499,0,461,privileged_state_simulator_reference_agreement,True,800,0,459,0,2,339,0,1.0,0.9956616052060737,1.0,1.0,339,,,,,,,,,,,340,PLACEMENT_TARGET_NOT_REACHED,342,PLACEMENT_TARGET_NOT_REACHED,2,459
203,167,v2,force-probe-2,2.322110652923584,0,800,False,False,,6.072800405090675,True,463,True,True,True,0.002752613859744819,True,,True,True,True,True,342,True,False,342,0.11981472000479698,0.002752613859744819,"[0.0,0.0,0.6278907060623169]",-2.3257047502417416e-07,0.0,0.0,passed,,,,2,False,True,1.3294921689315078,False,False,attempt_complete,1,127,0.5045429226826466,True,432,False,True,433,True,True,443,True,,5,0.11610553005101831,0.04999999888241291,True,0.05285324701627567,1.0005347885621514,"[0.0019499491900205612,0.0021895915269851685,-3.725290298461914e-09]",True,342,"[0.004490658640861511,0.023766212165355682,0.0014033801853656769]","[0.25601185657433234,0.2536846430739388,0.04742189418175258]",0.04673416546048294,1.0005347885621514,True,True,True,,0.002752613859744819,True,True,True,True,-2.3257047502417416e-07,0.07999991998076439,342,0,privileged_state_simulator_reference_agreement,True,800,0,1,0,2,797,0,1.0,0.3333333333333333,1.0,1.0,797,PLACEMENT_TARGET_NOT_REACHED,342,343,settle,5,400,0,0.10105208680033684,,"[-0.00020739572937600315,-0.060729146003723145,0.019999910145998]",340,PLACEMENT_TARGET_NOT_REACHED,342,PLACEMENT_TARGET_NOT_REACHED,2,1
204,168,baseline,force-probe-2,2.322110652923584,0,800,False,False,,5.836655572988093,False,,True,True,True,0.04800334022737861,False,PLACEMENT_TARGET_NOT_REACHED,True,True,True,True,489,True,False,0,0.11978715285658836,0.04800334022737861,"[0.0,0.0,0.6278388500213623]",-4.1759751463407713e-07,0.0,0.0,disabled,,,,,True,True,0.6291507123041362,False,False,disabled,0,0,0.0,False,,False,False,,False,False,,False,,5,0.11610553005101831,0.04999999888241291,True,0.04778176746285585,1.000381237311021,"[-0.03309831768274307,0.03446056228131056,-1.3783574104309082e-07]",True,800,"[-0.005173869431018829,0.022941063391044736,0.0013121254742145538]","[-0.24731372739188373,0.2342491760791745,0.08036222822556738]",0.04778176746285585,1.000381237311021,True,False,,,,,,,,,,,,,,,,,,,,,,,,,,,,,,,,,,,,340,PLACEMENT_TARGET_NOT_REACHED,,,,
205,168,v1,force-probe-2,2.322110652923584,0,800,False,False,,6.032904327148572,False,,True,True,True,0.04800334022737861,False,PLACEMENT_TARGET_NOT_REACHED,True,True,True,True,489,True,False,0,0.11978715285658836,0.04800334022737861,"[0.0,0.0,0.6278388500213623]",-4.1759751463407713e-07,0.0,0.0,failed,PLACEMENT_TARGET_NOT_REACHED,,,2,True,True,0.6291507123041362,False,False,disabled,0,0,0.0,False,,False,False,,False,False,,False,,5,0.11610553005101831,0.04999999888241291,True,0.04778176746285585,1.000381237311021,"[-0.03309831768274307,0.03446056228131056,-1.3783574104309082e-07]",True,800,"[-0.005173869431018829,0.022941063391044736,0.0013121254742145538]","[-0.24731372739188373,0.2342491760791745,0.08036222822556738]",0.04778176746285585,1.000381237311021,True,False,False,,0.04800334022737861,True,True,True,True,-4.1759751463407713e-07,0.07999992370605469,0,461,privileged_state_simulator_reference_agreement,True,800,0,459,0,2,339,0,1.0,0.9956616052060737,1.0,1.0,339,,,,,,,,,,,340,PLACEMENT_TARGET_NOT_REACHED,342,PLACEMENT_TARGET_NOT_REACHED,2,459
206,168,v2,force-probe-2,2.322110652923584,0,800,False,False,,6.114817468915135,True,464,True,True,True,0.0037135957886858073,True,,True,True,True,True,341,True,False,341,0.11978715285658836,0.0037135957886858073,"[0.0,0.0,0.6278396844863892]",-4.021788151328809e-07,0.0,0.0,passed,,,,2,False,True,1.1361756834092183,False,False,attempt_complete,1,127,0.505322979396378,True,433,False,True,434,True,True,444,True,,5,0.11610553005101831,0.04999999888241291,True,0.04915148897698348,1.000381237311021,"[-0.0035225003957748413,0.0005557015538215637,-1.0058283805847168e-07]",True,342,"[-0.005173869431018829,0.022941063391044736,0.0013121254742145538]","[-0.24731372739188373,0.2342491760791745,0.08036222822556738]",0.04778176746285585,1.000381237311021,True,True,True,,0.0037135957886858073,True,True,True,True,-4.021788151328809e-07,0.07999993488192558,341,0,privileged_state_simulator_reference_agreement,True,800,0,1,0,2,797,0,1.0,0.3333333333333333,1.0,1.0,797,PLACEMENT_TARGET_NOT_REACHED,342,343,settle,5,400,0,0.10293209552764893,,"[-0.1294403225183487,0.014472435228526592,0.01999989151954651]",340,PLACEMENT_TARGET_NOT_REACHED,342,PLACEMENT_TARGET_NOT_REACHED,2,1
207,169,baseline,force-probe-2,2.322110652923584,0,800,False,False,,5.838256035000086,True,316,True,True,True,0.01818165462303325,True,,True,True,True,True,489,True,False,489,0.11975259706377983,0.01818165462303325,"[0.0,0.0,0.6278387308120728]",-4.250166974265057e-07,0.0,0.0,disabled,,,,,True,True,0.6133561295008808,False,False,disabled,0,0,0.0,False,,False,False,,False,False,,False,,5,0.11610553005101831,0.04999999888241291,True,0.02048288578928633,0.8666776363106041,"[-0.0003588050603866577,0.018298134207725525,1.6763806343078613e-08]",True,800,"[-0.0002666264772415161,0.020197778940200806,0.0013436712324619293]","[0.05986303254030645,0.07564579945756122,0.09359308933198918]",0.02048288578928633,0.8666776363106041,True,False,,,,,,,,,,,,,,,,,,,,,,,,,,,,,,,,,,,,,,,,,
208,169,v1,force-probe-2,2.322110652923584,0,800,False,False,,6.047624956117943,True,316,True,True,True,0.01818165462303325,True,,True,True,True,True,489,True,False,489,0.11975259706377983,0.01818165462303325,"[0.0,0.0,0.6278387308120728]",-4.250166974265057e-07,0.0,0.0,passed,,,,,True,True,0.6133561295008808,False,False,disabled,0,0,0.0,False,,False,False,,False,False,,False,,5,0.11610553005101831,0.04999999888241291,True,0.02048288578928633,0.8666776363106041,"[-0.0003588050603866577,0.018298134207725525,1.6763806343078613e-08]",True,800,"[-0.0002666264772415161,0.020197778940200806,0.0013436712324619293]","[0.05986303254030645,0.07564579945756122,0.09359308933198918]",0.02048288578928633,0.8666776363106041,True,False,True,,0.01818165462303325,True,True,True,True,-4.250166974265057e-07,0.07999994233250618,489,0,privileged_state_simulator_reference_agreement,True,800,0,0,0,0,800,0,,,,1.0,800,,,,,,,,,,,,,,,,
209,169,v2,force-probe-2,2.322110652923584,0,800,False,False,,6.113208235939965,True,316,True,True,True,0.01818165462303325,True,,True,True,True,True,489,True,False,489,0.11975259706377983,0.01818165462303325,"[0.0,0.0,0.6278387308120728]",-4.250166974265057e-07,0.0,0.0,passed,,,,,True,True,0.6133561295008808,False,False,nominal,0,0,0.0,False,,False,False,,False,False,,False,,5,0.11610553005101831,0.04999999888241291,True,0.02048288578928633,0.8666776363106041,"[-0.0003588050603866577,0.018298134207725525,1.6763806343078613e-08]",True,800,"[-0.0002666264772415161,0.020197778940200806,0.0013436712324619293]","[0.05986303254030645,0.07564579945756122,0.09359308933198918]",0.02048288578928633,0.8666776363106041,True,False,True,,0.01818165462303325,True,True,True,True,-4.250166974265057e-07,0.07999994233250618,489,0,privileged_state_simulator_reference_agreement,True,800,0,0,0,0,800,0,,,,1.0,800,,,,,0,400,0,0.0,,,,,,,,
210,170,baseline,force-probe-2,2.322110652923584,0,800,False,False,,5.87393142003566,True,316,True,True,True,0.020619543080947687,True,,True,True,True,True,489,True,False,489,0.11973616108298302,0.020619543080947687,"[0.0,0.0,0.6278413534164429]",-4.2889039575735866e-07,0.0,0.0,disabled,,,,,True,True,0.7621322258400559,False,False,disabled,0,0,0.0,False,,False,False,,False,False,,False,,5,0.11610553005101831,0.04999999888241291,True,0.020411338786707662,0.769780086724369,"[0.0005620010197162628,0.02034575492143631,2.9802322387695312e-08]",True,800,"[4.3414533138275146e-05,0.019876182079315186,0.0010919049382209778]","[0.049326220934744924,0.10040818125708029,0.048704836692195386]",0.020411338786707662,0.769780086724369,True,False,,,,,,,,,,,,,,,,,,,,,,,,,,,,,,,,,,,,,,,,,
211,170,v1,force-probe-2,2.322110652923584,0,800,False,False,,6.06945980200544,True,316,True,True,True,0.020619543080947687,True,,True,True,True,True,489,True,False,489,0.11973616108298302,0.020619543080947687,"[0.0,0.0,0.6278413534164429]",-4.2889039575735866e-07,0.0,0.0,passed,,,,,True,True,0.7621322258400559,False,False,disabled,0,0,0.0,False,,False,False,,False,False,,False,,5,0.11610553005101831,0.04999999888241291,True,0.020411338786707662,0.769780086724369,"[0.0005620010197162628,0.02034575492143631,2.9802322387695312e-08]",True,800,"[4.3414533138275146e-05,0.019876182079315186,0.0010919049382209778]","[0.049326220934744924,0.10040818125708029,0.048704836692195386]",0.020411338786707662,0.769780086724369,True,False,True,,0.020619543080947687,True,True,True,True,-4.2889039575735866e-07,0.07999995350837708,489,0,privileged_state_simulator_reference_agreement,True,800,0,0,0,0,800,0,,,,1.0,800,,,,,,,,,,,,,,,,
212,170,v2,force-probe-2,2.322110652923584,0,800,False,False,,6.105282655917108,True,316,True,True,True,0.020619543080947687,True,,True,True,True,True,489,True,False,489,0.11973616108298302,0.020619543080947687,"[0.0,0.0,0.6278413534164429]",-4.2889039575735866e-07,0.0,0.0,passed,,,,,True,True,0.7621322258400559,False,False,nominal,0,0,0.0,False,,False,False,,False,False,,False,,5,0.11610553005101831,0.04999999888241291,True,0.020411338786707662,0.769780086724369,"[0.0005620010197162628,0.02034575492143631,2.9802322387695312e-08]",True,800,"[4.3414533138275146e-05,0.019876182079315186,0.0010919049382209778]","[0.049326220934744924,0.10040818125708029,0.048704836692195386]",0.020411338786707662,0.769780086724369,True,False,True,,0.020619543080947687,True,True,True,True,-4.2889039575735866e-07,0.07999995350837708,489,0,privileged_state_simulator_reference_agreement,True,800,0,0,0,0,800,0,,,,1.0,800,,,,,0,400,0,0.0,,,,,,,,
213,171,baseline,force-probe-2,2.322110652923584,0,800,False,False,,5.883287508971989,True,316,True,True,True,0.020139569852026345,True,,True,True,True,True,489,True,False,489,0.11969780549407005,0.020139569852026345,"[0.0,0.0,0.627824604511261]",-4.1896617320943963e-07,0.0,0.0,disabled,,,,,True,True,0.7741400818767616,False,False,disabled,0,0,0.0,False,,False,False,,False,False,,False,,5,0.11610553005101831,0.04999999888241291,True,0.01994468594312506,0.7438297864030473,"[0.000599157065153122,0.019917502999305725,1.1175870895385742e-08]",True,800,"[5.253404378890991e-05,0.01982484757900238,0.0012363586574792862]","[0.04009598956326954,0.12616856559179723,0.0678351021342678]",0.01994468594312506,0.7438297864030473,True,False,,,,,,,,,,,,,,,,,,,,,,,,,,,,,,,,,,,,,,,,,
214,171,v1,force-probe-2,2.322110652923584,0,800,False,False,,6.030941074946895,True,316,True,True,True,0.020139569852026345,True,,True,True,True,True,489,True,False,489,0.11969780549407005,0.020139569852026345,"[0.0,0.0,0.627824604511261]",-4.1896617320943963e-07,0.0,0.0,passed,,,,,True,True,0.7741400818767616,False,False,disabled,0,0,0.0,False,,False,False,,False,False,,False,,5,0.11610553005101831,0.04999999888241291,True,0.01994468594312506,0.7438297864030473,"[0.000599157065153122,0.019917502999305725,1.1175870895385742e-08]",True,800,"[5.253404378890991e-05,0.01982484757900238,0.0012363586574792862]","[0.04009598956326954,0.12616856559179723,0.0678351021342678]",0.01994468594312506,0.7438297864030473,True,False,True,,0.020139569852026345,True,True,True,True,-4.1896617320943963e-07,0.07999996095895767,489,0,privileged_state_simulator_reference_agreement,True,800,0,0,0,0,800,0,,,,1.0,800,,,,,,,,,,,,,,,,
215,171,v2,force-probe-2,2.322110652923584,0,800,False,False,,6.119718893896788,True,316,True,True,True,0.020139569852026345,True,,True,True,True,True,489,True,False,489,0.11969780549407005,0.020139569852026345,"[0.0,0.0,0.627824604511261]",-4.1896617320943963e-07,0.0,0.0,passed,,,,,True,True,0.7741400818767616,False,False,nominal,0,0,0.0,False,,False,False,,False,False,,False,,5,0.11610553005101831,0.04999999888241291,True,0.01994468594312506,0.7438297864030473,"[0.000599157065153122,0.019917502999305725,1.1175870895385742e-08]",True,800,"[5.253404378890991e-05,0.01982484757900238,0.0012363586574792862]","[0.04009598956326954,0.12616856559179723,0.0678351021342678]",0.01994468594312506,0.7438297864030473,True,False,True,,0.020139569852026345,True,True,True,True,-4.1896617320943963e-07,0.07999996095895767,489,0,privileged_state_simulator_reference_agreement,True,800,0,0,0,0,800,0,,,,1.0,800,,,,,0,400,0,0.0,,,,,,,,
216,172,baseline,force-probe-2,2.322110652923584,0,800,False,False,,5.952578129014,False,,True,True,True,0.1768431947460589,False,PLACEMENT_TARGET_NOT_REACHED,True,True,True,True,488,True,False,0,0.11970704421401024,0.1768431947460589,"[0.0,0.0,0.6278795599937439]",-4.107833238842229e-07,0.0,0.0,disabled,,,,,True,True,0.7694067811661471,False,False,disabled,0,0,0.0,False,,False,False,,False,False,,False,,5,0.11610553005101831,0.04999999888241291,True,0.17704534251608547,1.0000408980591544,"[0.09499640390276909,0.1494004800915718,0.0]",True,800,"[0.009445276111364365,0.03561942279338837,1.5813857316970825e-06]","[0.543483253211889,0.7175902775343275,-0.002380522681050934]",0.17704534251608547,1.0000408980591544,True,False,,,,,,,,,,,,,,,,,,,,,,,,,,,,,,,,,,,,340,PLACEMENT_TARGET_NOT_REACHED,,,,
217,172,v1,force-probe-2,2.322110652923584,0,800,False,False,,6.075786710018292,False,,True,True,True,0.1768431947460589,False,PLACEMENT_TARGET_NOT_REACHED,True,True,True,True,488,True,False,0,0.11970704421401024,0.1768431947460589,"[0.0,0.0,0.6278795599937439]",-4.107833238842229e-07,0.0,0.0,failed,PLACEMENT_TARGET_NOT_REACHED,,,2,True,True,0.7694067811661471,False,False,disabled,0,0,0.0,False,,False,False,,False,False,,False,,5,0.11610553005101831,0.04999999888241291,True,0.17704534251608547,1.0000408980591544,"[0.09499640390276909,0.1494004800915718,0.0]",True,800,"[0.009445276111364365,0.03561942279338837,1.5813857316970825e-06]","[0.543483253211889,0.7175902775343275,-0.002380522681050934]",0.17704534251608547,1.0000408980591544,True,False,False,,0.1768431947460589,True,True,True,True,-4.107833238842229e-07,0.07999993488192558,0,461,privileged_state_simulator_reference_agreement,True,800,0,459,0,2,339,0,1.0,0.9956616052060737,1.0,1.0,339,,,,,,,,,,,340,PLACEMENT_TARGET_NOT_REACHED,342,PLACEMENT_TARGET_NOT_REACHED,2,459
218,172,v2,force-probe-2,2.322110652923584,0,800,False,False,,6.471531732939184,False,,True,False,False,0.17684291462862647,False,PLACEMENT_TARGET_NOT_REACHED,True,True,True,False,0,False,False,0,0.11970704421401024,0.17684291462862647,"[0.0,0.0,0.6278439164161682]",-3.9262446032556353e-07,0.0002551039423963264,0.001906192057182312,failed,PLACEMENT_TARGET_NOT_REACHED,,,2,False,False,1.0285561783106878,False,False,aborted,1,72,0.25915134322763195,False,,False,False,,False,False,,False,,5,0.11610553005101831,0.04999999888241291,True,0.17704534251608547,1.0000408980591544,"[0.0949963741004467,0.14940016716718674,1.4901161193847656e-08]",True,342,"[0.009445276111364365,0.03561942279338837,1.5813857316970825e-06]","[0.543483253211889,0.7175902775343275,-0.002380522681050934]",0.17704534251608547,1.0000408980591544,True,True,False,,0.17684291462862647,True,True,False,True,-3.9262446032556353e-07,0.07999974116683006,0,1,privileged_state_simulator_reference_agreement,True,800,0,2,0,2,796,0,1.0,0.5,1.0,1.0,796,PLACEMENT_TARGET_NOT_REACHED,342,343,descend,35,400,0,1.6763806343078613e-08,retry_descend_not_completed,"[0.15371675789356232,0.2353135198354721,0.019999900832772255]",340,PLACEMENT_TARGET_NOT_REACHED,342,PLACEMENT_TARGET_NOT_REACHED,2,2
219,173,baseline,force-probe-2,2.322110652923584,0,800,False,False,,5.976216216105968,False,,True,True,True,0.032513096487699,False,PLACEMENT_TARGET_NOT_REACHED,True,True,True,True,489,True,False,0,0.1197843961417675,0.032513096487699,"[0.0,0.0,0.627348780632019]",-3.3665545816352616e-07,0.0,0.0,disabled,,,,,True,True,0.7118496163137512,False,False,disabled,0,0,0.0,False,,False,False,,False,False,,False,,5,0.11610553005101831,0.04999999888241291,True,0.0322372428609842,0.9845400676920878,"[-0.01932544633746147,0.025801729410886765,3.5390257835388184e-08]",True,800,"[-0.004332143813371658,0.021797653287649155,0.0010095536708831787]","[-0.22489441842481028,0.07674374630732927,0.08241968577203806]",0.0322372428609842,0.9845400676920878,True,False,,,,,,,,,,,,,,,,,,,,,,,,,,,,,,,,,,,,340,PLACEMENT_TARGET_NOT_REACHED,,,,
220,173,v1,force-probe-2,2.322110652923584,0,800,False,False,,6.030807852046564,False,,True,True,True,0.032513096487699,False,PLACEMENT_TARGET_NOT_REACHED,True,True,True,True,489,True,False,0,0.1197843961417675,0.032513096487699,"[0.0,0.0,0.627348780632019]",-3.3665545816352616e-07,0.0,0.0,failed,PLACEMENT_TARGET_NOT_REACHED,,,2,True,True,0.7118496163137512,False,False,disabled,0,0,0.0,False,,False,False,,False,False,,False,,5,0.11610553005101831,0.04999999888241291,True,0.0322372428609842,0.9845400676920878,"[-0.01932544633746147,0.025801729410886765,3.5390257835388184e-08]",True,800,"[-0.004332143813371658,0.021797653287649155,0.0010095536708831787]","[-0.22489441842481028,0.07674374630732927,0.08241968577203806]",0.0322372428609842,0.9845400676920878,True,False,False,,0.032513096487699,True,True,True,True,-3.3665545816352616e-07,0.07999992743134499,0,461,privileged_state_simulator_reference_agreement,True,800,0,459,0,2,339,0,1.0,0.9956616052060737,1.0,1.0,339,,,,,,,,,,,340,PLACEMENT_TARGET_NOT_REACHED,342,PLACEMENT_TARGET_NOT_REACHED,2,459
221,173,v2,force-probe-2,2.322110652923584,0,800,False,False,,6.458907424006611,True,474,True,True,True,0.0023661077121093204,True,,True,True,True,True,331,True,False,331,0.1197843961417675,0.0023661077121093204,"[0.0,0.0,0.6283778548240662]",-2.2203444514923287e-07,0.0,0.0,passed,,,,2,False,True,1.187635468605556,False,False,attempt_complete,1,138,0.4749055521726896,True,443,False,True,444,True,True,454,True,,5,0.11610553005101831,0.04999999888241291,True,0.0322372428609842,0.9845400676920878,"[-0.0020648501813411713,0.0006025508046150208,5.774199962615967e-08]",True,342,"[-0.004332143813371658,0.021797653287649155,0.0010095536708831787]","[-0.22489441842481028,0.07674374630732927,0.08241968577203806]",0.0322372428609842,0.9845400676920878,True,True,True,,0.0023661077121093204,True,True,True,True,-2.2203444514923287e-07,0.07999991998076439,331,0,privileged_state_simulator_reference_agreement,True,800,0,1,0,2,797,0,1.0,0.3333333333333333,1.0,1.0,797,PLACEMENT_TARGET_NOT_REACHED,342,343,settle,5,400,0,0.09986952319741249,,"[-0.05980759114027023,-0.03805966302752495,0.019999932497739792]",340,PLACEMENT_TARGET_NOT_REACHED,342,PLACEMENT_TARGET_NOT_REACHED,2,1
222,174,baseline,force-probe-2,2.322110652923584,0,800,False,False,,5.931970234028995,False,,True,True,True,0.09814012538635043,False,PLACEMENT_TARGET_NOT_REACHED,True,True,True,True,489,True,False,0,0.11977709457278252,0.09814012538635043,"[0.0,0.0,0.6278599500656128]",-4.412118846594537e-07,0.0,0.0,disabled,,,,,True,True,0.6793543277226766,False,False,disabled,0,0,0.0,False,,False,False,,False,False,,False,,5,0.11610553005101831,0.04999999888241291,True,0.09795300733177419,1.0000613980004514,"[-0.05052017420530319,0.08391880244016647,-7.82310962677002e-08]",True,800,"[-0.006643563508987427,0.02643682062625885,0.0015297550708055496]","[-0.35088572696986375,0.40880904615914915,0.10317858743655961]",0.09795300733177419,1.0000613980004514,True,False,,,,,,,,,,,,,,,,,,,,,,,,,,,,,,,,,,,,340,PLACEMENT_TARGET_NOT_REACHED,,,,
223,174,v1,force-probe-2,2.322110652923584,0,800,False,False,,6.08210689900443,False,,True,True,True,0.09814012538635043,False,PLACEMENT_TARGET_NOT_REACHED,True,True,True,True,489,True,False,0,0.11977709457278252,0.09814012538635043,"[0.0,0.0,0.6278599500656128]",-4.412118846594537e-07,0.0,0.0,failed,PLACEMENT_TARGET_NOT_REACHED,,,2,True,True,0.6793543277226766,False,False,disabled,0,0,0.0,False,,False,False,,False,False,,False,,5,0.11610553005101831,0.04999999888241291,True,0.09795300733177419,1.0000613980004514,"[-0.05052017420530319,0.08391880244016647,-7.82310962677002e-08]",True,800,"[-0.006643563508987427,0.02643682062625885,0.0015297550708055496]","[-0.35088572696986375,0.40880904615914915,0.10317858743655961]",0.09795300733177419,1.0000613980004514,True,False,False,,0.09814012538635043,True,True,True,True,-4.412118846594537e-07,0.0799999013543129,0,461,privileged_state_simulator_reference_agreement,True,800,0,459,0,2,339,0,1.0,0.9956616052060737,1.0,1.0,339,,,,,,,,,,,340,PLACEMENT_TARGET_NOT_REACHED,342,PLACEMENT_TARGET_NOT_REACHED,2,459
224,174,v2,force-probe-2,2.322110652923584,0,800,False,False,,6.195628996938467,True,496,True,True,True,0.0030051966658640687,True,,True,True,True,True,309,True,False,309,0.11977709457278252,0.0030051966658640687,"[0.0,0.0,0.6278597712516785]",-4.0207757683735634e-07,0.0,0.0,passed,,,,2,False,True,1.287768536407931,False,False,attempt_complete,1,160,0.6075170256247177,True,465,False,True,466,True,True,476,True,,5,0.11610553005101831,0.04999999888241291,True,0.09858436653012682,1.0000613980004514,"[-0.0027180537581443787,0.0008734911680221558,-5.029141902923584e-08]",True,342,"[-0.006643563508987427,0.02643682062625885,0.0015297550708055496]","[-0.35088572696986375,0.40880904615914915,0.10317858743655961]",0.09795300733177419,1.0000613980004514,True,True,True,,0.0030051966658640687,True,True,True,True,-4.0207757683735634e-07,0.07999995350837708,309,0,privileged_state_simulator_reference_agreement,True,800,0,1,0,2,797,0,1.0,0.3333333333333333,1.0,1.0,797,PLACEMENT_TARGET_NOT_REACHED,342,343,settle,5,400,0,0.10402734018862247,,"[-0.1226985827088356,0.1417529135942459,0.01999991200864315]",340,PLACEMENT_TARGET_NOT_REACHED,342,PLACEMENT_TARGET_NOT_REACHED,2,1
225,175,baseline,force-probe-2,2.322110652923584,0,800,False,False,,5.762823363067582,True,316,True,True,True,0.02079282401730221,True,,True,True,True,True,489,True,False,489,0.11974742636084557,0.02079282401730221,"[0.0,0.0,0.6278589963912964]",-3.681114873893554e-07,0.0,0.0,disabled,,,,,True,True,0.6473785976216756,False,False,disabled,0,0,0.0,False,,False,False,,False,False,,False,,5,0.11610553005101831,0.04999999888241291,True,0.020648632141762543,0.8530972058197978,"[-0.00012378767132759094,0.02056402713060379,1.6763806343078613e-08]",True,800,"[-0.00012116879224777222,0.020274944603443146,0.0014285873621702194]","[-0.0008035825740080327,0.018968253367347643,0.08205252366315108]",0.020648632141762543,0.8530972058197978,True,False,,,,,,,,,,,,,,,,,,,,,,,,,,,,,,,,,,,,,,,,,
226,175,v1,force-probe-2,2.322110652923584,0,800,False,False,,6.095387800130993,True,316,True,True,True,0.02079282401730221,True,,True,True,True,True,489,True,False,489,0.11974742636084557,0.02079282401730221,"[0.0,0.0,0.6278589963912964]",-3.681114873893554e-07,0.0,0.0,passed,,,,,True,True,0.6473785976216756,False,False,disabled,0,0,0.0,False,,False,False,,False,False,,False,,5,0.11610553005101831,0.04999999888241291,True,0.020648632141762543,0.8530972058197978,"[-0.00012378767132759094,0.02056402713060379,1.6763806343078613e-08]",True,800,"[-0.00012116879224777222,0.020274944603443146,0.0014285873621702194]","[-0.0008035825740080327,0.018968253367347643,0.08205252366315108]",0.020648632141762543,0.8530972058197978,True,False,True,,0.02079282401730221,True,True,True,True,-3.681114873893554e-07,0.07999995723366737,489,0,privileged_state_simulator_reference_agreement,True,800,0,0,0,0,800,0,,,,1.0,800,,,,,,,,,,,,,,,,
227,175,v2,force-probe-2,2.322110652923584,0,800,False,False,,6.1565606410149485,True,316,True,True,True,0.02079282401730221,True,,True,True,True,True,489,True,False,489,0.11974742636084557,0.02079282401730221,"[0.0,0.0,0.6278589963912964]",-3.681114873893554e-07,0.0,0.0,passed,,,,,True,True,0.6473785976216756,False,False,nominal,0,0,0.0,False,,False,False,,False,False,,False,,5,0.11610553005101831,0.04999999888241291,True,0.020648632141762543,0.8530972058197978,"[-0.00012378767132759094,0.02056402713060379,1.6763806343078613e-08]",True,800,"[-0.00012116879224777222,0.020274944603443146,0.0014285873621702194]","[-0.0008035825740080327,0.018968253367347643,0.08205252366315108]",0.020648632141762543,0.8530972058197978,True,False,True,,0.02079282401730221,True,True,True,True,-3.681114873893554e-07,0.07999995723366737,489,0,privileged_state_simulator_reference_agreement,True,800,0,0,0,0,800,0,,,,1.0,800,,,,,0,400,0,0.0,,,,,,,,
228,176,baseline,force-probe-2,2.322110652923584,0,800,False,False,,5.93511643493548,False,,True,True,True,0.06682164644702211,False,PLACEMENT_TARGET_NOT_REACHED,True,True,True,True,489,True,False,0,0.11977749690413475,0.06682164644702211,"[0.0,0.0,0.6278390288352966]",-3.871274356741228e-07,0.0,0.0,disabled,,,,,True,True,0.6123042779007681,False,False,disabled,0,0,0.0,False,,False,False,,False,False,,False,,5,0.11610553005101831,0.04999999888241291,True,0.066767797828861,1.0005388521081853,"[0.03515084460377693,0.056765735149383545,-9.313225746154785e-09]",True,800,"[0.005724772810935974,0.02508925343863666,0.0014754869043827057]","[0.3231770489655901,0.33200550264155027,0.05421560461036279]",0.066767797828861,1.0005388521081853,True,False,,,,,,,,,,,,,,,,,,,,,,,,,,,,,,,,,,,,340,PLACEMENT_TARGET_NOT_REACHED,,,,
229,176,v1,force-probe-2,2.322110652923584,0,800,False,False,,6.067146963905543,False,,True,True,True,0.06682164644702211,False,PLACEMENT_TARGET_NOT_REACHED,True,True,True,True,489,True,False,0,0.11977749690413475,0.06682164644702211,"[0.0,0.0,0.6278390288352966]",-3.871274356741228e-07,0.0,0.0,failed,PLACEMENT_TARGET_NOT_REACHED,,,2,True,True,0.6123042779007681,False,False,disabled,0,0,0.0,False,,False,False,,False,False,,False,,5,0.11610553005101831,0.04999999888241291,True,0.066767797828861,1.0005388521081853,"[0.03515084460377693,0.056765735149383545,-9.313225746154785e-09]",True,800,"[0.005724772810935974,0.02508925343863666,0.0014754869043827057]","[0.3231770489655901,0.33200550264155027,0.05421560461036279]",0.066767797828861,1.0005388521081853,True,False,False,,0.06682164644702211,True,True,True,True,-3.871274356741228e-07,0.07999992370605469,0,461,privileged_state_simulator_reference_agreement,True,800,0,459,0,2,339,0,1.0,0.9956616052060737,1.0,1.0,339,,,,,,,,,,,340,PLACEMENT_TARGET_NOT_REACHED,342,PLACEMENT_TARGET_NOT_REACHED,2,459
230,176,v2,force-probe-2,2.322110652923584,0,800,False,False,,6.7841848090756685,True,472,True,True,True,0.0030957051452261243,True,,True,True,True,True,333,True,False,333,0.11977749690413475,0.0030957051452261243,"[0.0,0.0,0.6278380751609802]",-3.849647826799363e-07,0.0,0.0,passed,,,,2,False,True,1.1575618037447133,False,False,attempt_complete,1,136,0.5443564989688788,True,441,False,True,442,True,True,452,True,,5,0.11610553005101831,0.04999999888241291,True,0.07310342876693864,1.0005388521081853,"[0.0019490793347358704,0.002372201532125473,9.313225746154785e-09]",True,342,"[0.005724772810935974,0.02508925343863666,0.0014754869043827057]","[0.3231770489655901,0.33200550264155027,0.05421560461036279]",0.066767797828861,1.0005388521081853,True,True,True,,0.0030957051452261243,True,True,True,True,-3.849647826799363e-07,0.07999991998076439,333,0,privileged_state_simulator_reference_agreement,True,800,0,1,0,2,797,0,1.0,0.3333333333333333,1.0,1.0,797,PLACEMENT_TARGET_NOT_REACHED,342,343,settle,5,400,0,0.10238188691437244,,"[-0.03423374518752098,0.034276653081178665,0.019999926909804344]",340,PLACEMENT_TARGET_NOT_REACHED,342,PLACEMENT_TARGET_NOT_REACHED,2,1
231,177,baseline,force-probe-2,2.322110652923584,0,800,False,False,,5.8125653699971735,False,,True,True,True,0.06367711480083865,False,PLACEMENT_TARGET_NOT_REACHED,True,True,True,True,489,True,False,0,0.1197681836783886,0.06367711480083865,"[0.0,0.0,0.6278390288352966]",-4.3396852706864553e-07,0.0,0.0,disabled,,,,,True,True,0.6618354159596469,False,False,disabled,0,0,0.0,False,,False,False,,False,False,,False,,5,0.11610553005101831,0.04999999888241291,True,0.06389781900976915,1.0005740294612746,"[0.032586462795734406,0.05496395751833916,-2.2351741790771484e-08]",True,800,"[0.005493041127920151,0.024965573102235794,0.0015010982751846313]","[0.3122443260799628,0.3208117460599169,0.05237547183787683]",0.06389781900976915,1.0005740294612746,True,False,,,,,,,,,,,,,,,,,,,,,,,,,,,,,,,,,,,,340,PLACEMENT_TARGET_NOT_REACHED,,,,
232,177,v1,force-probe-2,2.322110652923584,0,800,False,False,,6.07402762491256,False,,True,True,True,0.06367711480083865,False,PLACEMENT_TARGET_NOT_REACHED,True,True,True,True,489,True,False,0,0.1197681836783886,0.06367711480083865,"[0.0,0.0,0.6278390288352966]",-4.3396852706864553e-07,0.0,0.0,failed,PLACEMENT_TARGET_NOT_REACHED,,,2,True,True,0.6618354159596469,False,False,disabled,0,0,0.0,False,,False,False,,False,False,,False,,5,0.11610553005101831,0.04999999888241291,True,0.06389781900976915,1.0005740294612746,"[0.032586462795734406,0.05496395751833916,-2.2351741790771484e-08]",True,800,"[0.005493041127920151,0.024965573102235794,0.0015010982751846313]","[0.3122443260799628,0.3208117460599169,0.05237547183787683]",0.06389781900976915,1.0005740294612746,True,False,False,,0.06367711480083865,True,True,True,True,-4.3396852706864553e-07,0.07999993860721588,0,461,privileged_state_simulator_reference_agreement,True,800,0,459,0,2,339,0,1.0,0.9956616052060737,1.0,1.0,339,,,,,,,,,,,340,PLACEMENT_TARGET_NOT_REACHED,342,PLACEMENT_TARGET_NOT_REACHED,2,459
233,177,v2,force-probe-2,2.322110652923584,0,800,False,False,,6.068571442971006,True,470,True,True,True,0.002882699438412113,True,,True,True,True,True,335,True,False,335,0.1197681836783886,0.002882699438412113,"[0.0,0.0,0.6278403401374817]",-4.169328957324969e-07,0.0,0.0,passed,,,,2,False,True,1.2029334026477696,False,False,attempt_complete,1,134,0.540208361162169,True,439,False,True,440,True,True,450,True,,5,0.11610553005101831,0.04999999888241291,True,0.07130606578320571,1.0005740294612746,"[0.0013652592897415161,0.0027800090610980988,-1.4901161193847656e-08]",True,342,"[0.005493041127920151,0.024965573102235794,0.0015010982751846313]","[0.3122443260799628,0.3208117460599169,0.05237547183787683]",0.06389781900976915,1.0005740294612746,True,True,True,,0.002882699438412113,True,True,True,True,-4.169328957324969e-07,0.07999992370605469,335,0,privileged_state_simulator_reference_agreement,True,800,0,1,0,2,797,0,1.0,0.3333333333333333,1.0,1.0,797,PLACEMENT_TARGET_NOT_REACHED,342,343,settle,5,400,0,0.10265472531318665,,"[-0.02907080203294754,0.11377478390932083,0.019999898970127106]",340,PLACEMENT_TARGET_NOT_REACHED,342,PLACEMENT_TARGET_NOT_REACHED,2,1
234,178,baseline,force-probe-2,2.322110652923584,0,800,False,False,,5.803170712897554,False,,True,True,True,0.18949056180539758,False,PLACEMENT_TARGET_NOT_REACHED,True,True,True,True,489,True,False,0,0.11975976452231407,0.18949056180539758,"[0.0,0.0,0.627821683883667]",-4.0177348128653256e-07,0.0,0.0,disabled,,,,,True,True,0.6561918754255261,False,False,disabled,0,0,0.0,False,,False,False,,False,False,,False,,5,0.11610553005101831,0.04999999888241291,True,0.18928420288562478,1.000194072840449,"[-0.08085580356419086,0.17114542424678802,-6.146728992462158e-08]",False,800,"[-0.005955636501312256,0.035079650580883026,0.0002966448664665222]","[-0.44741592890932225,0.7949513724252029,0.0006292760299402289]",0.18928420288562478,1.000194072840449,False,False,,,,,,,,,,,,,,,,,,,,,,,,,,,,,,,,,,,,340,PLACEMENT_TARGET_NOT_REACHED,,,,
235,178,v1,force-probe-2,2.322110652923584,0,800,False,False,,6.073529480025172,False,,True,True,True,0.18949056180539758,False,PLACEMENT_TARGET_NOT_REACHED,True,True,True,True,489,True,False,0,0.11975976452231407,0.18949056180539758,"[0.0,0.0,0.627821683883667]",-4.0177348128653256e-07,0.0,0.0,failed,PLACEMENT_TARGET_NOT_REACHED,,,2,True,True,0.6561918754255261,False,False,disabled,0,0,0.0,False,,False,False,,False,False,,False,,5,0.11610553005101831,0.04999999888241291,True,0.18928420288562478,1.000194072840449,"[-0.08085580356419086,0.17114542424678802,-6.146728992462158e-08]",False,800,"[-0.005955636501312256,0.035079650580883026,0.0002966448664665222]","[-0.44741592890932225,0.7949513724252029,0.0006292760299402289]",0.18928420288562478,1.000194072840449,False,False,False,,0.18949056180539758,True,True,True,True,-4.0177348128653256e-07,0.07999993115663528,0,461,privileged_state_simulator_reference_agreement,True,800,0,459,0,2,339,0,1.0,0.9956616052060737,1.0,1.0,339,,,,,,,,,,,340,PLACEMENT_TARGET_NOT_REACHED,342,PLACEMENT_TARGET_NOT_REACHED,2,459
236,178,v2,force-probe-2,2.322110652923584,0,800,False,False,,6.187052574940026,True,529,True,True,True,0.0033052245609043536,True,,True,True,True,True,276,True,False,276,0.11975976452231407,0.0033052245609043536,"[0.0,0.0,0.6278373599052429]",-3.844415175854876e-07,0.0,0.0,passed,,,,2,False,True,1.4472321443625038,False,False,attempt_complete,1,193,0.7901467714199083,True,498,False,True,499,True,True,509,True,,5,0.11610553005101831,0.04999999888241291,True,0.19043717893262707,1.000194072840449,"[-0.0026528500020503998,0.0016589052975177765,-3.166496753692627e-08]",True,342,"[-0.005955636501312256,0.035079650580883026,0.0002966448664665222]","[-0.44741592890932225,0.7949513724252029,0.0006292760299402289]",0.18928420288562478,1.000194072840449,False,True,True,,0.0033052245609043536,True,True,True,True,-3.844415175854876e-07,0.07999993115663528,276,0,privileged_state_simulator_reference_agreement,True,800,0,1,0,2,797,0,1.0,0.3333333333333333,1.0,1.0,797,PLACEMENT_TARGET_NOT_REACHED,342,343,settle,5,400,0,0.10388161987066269,,"[-0.029112843796610832,0.1150055080652237,0.0199999138712883]",340,PLACEMENT_TARGET_NOT_REACHED,342,PLACEMENT_TARGET_NOT_REACHED,2,1
237,179,baseline,force-probe-2,2.322110652923584,0,800,False,False,,5.802508800057694,True,316,True,True,True,0.02108973865093532,True,,True,True,True,True,489,True,False,489,0.11978251859545708,0.02108973865093532,"[0.0,0.0,0.6278597116470337]",-3.548651967034966e-07,0.0,0.0,disabled,,,,,True,True,0.6449042754725445,False,False,disabled,0,0,0.0,False,,False,False,,False,False,,False,,5,0.11610553005101831,0.04999999888241291,True,0.020964166217836106,0.9037078632378082,"[0.0007123202085494995,0.02079758793115616,-3.725290298461914e-09]",True,800,"[0.00012240558862686157,0.020558640360832214,0.001347484067082405]","[0.02452979309600778,0.023282554699108005,0.10648813752050046]",0.020964166217836106,0.9037078632378082,True,False,,,,,,,,,,,,,,,,,,,,,,,,,,,,,,,,,,,,,,,,,
238,179,v1,force-probe-2,2.322110652923584,0,800,False,False,,6.153218246996403,True,316,True,True,True,0.02108973865093532,True,,True,True,True,True,489,True,False,489,0.11978251859545708,0.02108973865093532,"[0.0,0.0,0.6278597116470337]",-3.548651967034966e-07,0.0,0.0,passed,,,,,True,True,0.6449042754725445,False,False,disabled,0,0,0.0,False,,False,False,,False,False,,False,,5,0.11610553005101831,0.04999999888241291,True,0.020964166217836106,0.9037078632378082,"[0.0007123202085494995,0.02079758793115616,-3.725290298461914e-09]",True,800,"[0.00012240558862686157,0.020558640360832214,0.001347484067082405]","[0.02452979309600778,0.023282554699108005,0.10648813752050046]",0.020964166217836106,0.9037078632378082,True,False,True,,0.02108973865093532,True,True,True,True,-3.548651967034966e-07,0.07999992743134499,489,0,privileged_state_simulator_reference_agreement,True,800,0,0,0,0,800,0,,,,1.0,800,,,,,,,,,,,,,,,,
239,179,v2,force-probe-2,2.322110652923584,0,800,False,False,,6.095771451015025,True,316,True,True,True,0.02108973865093532,True,,True,True,True,True,489,True,False,489,0.11978251859545708,0.02108973865093532,"[0.0,0.0,0.6278597116470337]",-3.548651967034966e-07,0.0,0.0,passed,,,,,True,True,0.6449042754725445,False,False,nominal,0,0,0.0,False,,False,False,,False,False,,False,,5,0.11610553005101831,0.04999999888241291,True,0.020964166217836106,0.9037078632378082,"[0.0007123202085494995,0.02079758793115616,-3.725290298461914e-09]",True,800,"[0.00012240558862686157,0.020558640360832214,0.001347484067082405]","[0.02452979309600778,0.023282554699108005,0.10648813752050046]",0.020964166217836106,0.9037078632378082,True,False,True,,0.02108973865093532,True,True,True,True,-3.548651967034966e-07,0.07999992743134499,489,0,privileged_state_simulator_reference_agreement,True,800,0,0,0,0,800,0,,,,1.0,800,,,,,0,400,0,0.0,,,,,,,,
240,160,baseline,force-probe-3,2.9026384353637695,0,800,False,False,,5.780071981949732,True,316,True,True,True,0.020407225997581453,True,,True,True,True,True,489,True,False,489,0.11970184370875359,0.020407225997581453,"[0.0,0.0,0.6278419494628906]",-4.399248822867241e-07,0.0,0.0,disabled,,,,,True,True,0.6976598292174729,False,False,disabled,0,0,0.0,False,,False,False,,False,False,,False,,5,0.14513191852423724,0.04999999888241291,True,0.020520055997424104,0.8484472360502828,"[-0.0033289622515439987,0.020246610045433044,-1.30385160446167e-08]",True,800,"[-0.0024540890008211136,0.019107638858258724,0.0010767802596092224]","[-0.05005048791645095,0.05022506165551022,0.039765683337464]",0.020520055997424104,0.8484472360502828,True,False,,,,,,,,,,,,,,,,,,,,,,,,,,,,,,,,,,,,,,,,,
241,160,v1,force-probe-3,2.9026384353637695,0,800,False,False,,6.018865235848352,True,316,True,True,True,0.020407225997581453,True,,True,True,True,True,489,True,False,489,0.11970184370875359,0.020407225997581453,"[0.0,0.0,0.6278419494628906]",-4.399248822867241e-07,0.0,0.0,passed,,,,,True,True,0.6976598292174729,False,False,disabled,0,0,0.0,False,,False,False,,False,False,,False,,5,0.14513191852423724,0.04999999888241291,True,0.020520055997424104,0.8484472360502828,"[-0.0033289622515439987,0.020246610045433044,-1.30385160446167e-08]",True,800,"[-0.0024540890008211136,0.019107638858258724,0.0010767802596092224]","[-0.05005048791645095,0.05022506165551022,0.039765683337464]",0.020520055997424104,0.8484472360502828,True,False,True,,0.020407225997581453,True,True,True,True,-4.399248822867241e-07,0.07999996095895767,489,0,privileged_state_simulator_reference_agreement,True,800,0,0,0,0,800,0,,,,1.0,800,,,,,,,,,,,,,,,,
242,160,v2,force-probe-3,2.9026384353637695,0,800,False,False,,5.997403444023803,True,316,True,True,True,0.020407225997581453,True,,True,True,True,True,489,True,False,489,0.11970184370875359,0.020407225997581453,"[0.0,0.0,0.6278419494628906]",-4.399248822867241e-07,0.0,0.0,passed,,,,,True,True,0.6976598292174729,False,False,nominal,0,0,0.0,False,,False,False,,False,False,,False,,5,0.14513191852423724,0.04999999888241291,True,0.020520055997424104,0.8484472360502828,"[-0.0033289622515439987,0.020246610045433044,-1.30385160446167e-08]",True,800,"[-0.0024540890008211136,0.019107638858258724,0.0010767802596092224]","[-0.05005048791645095,0.05022506165551022,0.039765683337464]",0.020520055997424104,0.8484472360502828,True,False,True,,0.020407225997581453,True,True,True,True,-4.399248822867241e-07,0.07999996095895767,489,0,privileged_state_simulator_reference_agreement,True,800,0,0,0,0,800,0,,,,1.0,800,,,,,0,400,0,0.0,,,,,,,,
243,161,baseline,force-probe-3,2.9026384353637695,0,800,False,False,,5.822077066171914,False,,True,True,True,0.2639637492077586,False,PLACEMENT_TARGET_NOT_REACHED,True,True,True,True,489,True,False,0,0.11978517100214958,0.2639637492077586,"[0.0,0.0,0.6278400421142578]",-4.392414826269453e-07,0.0,0.0,disabled,,,,,True,True,0.7458807505528887,False,False,disabled,0,0,0.0,False,,False,False,,False,False,,False,,5,0.14513191852423724,0.04999999888241291,True,0.2637269351912319,1.1257555645173778,"[-0.1240550596266985,0.23272731713950634,-1.4156103134155273e-07]",False,800,"[-0.0127412723377347,0.037407491356134415,1.650303602218628e-06]","[-0.561879371482064,0.9754928103357088,4.71109633508604e-05]",0.2637269351912319,1.1257555645173778,False,False,,,,,,,,,,,,,,,,,,,,,,,,,,,,,,,,,,,,340,PLACEMENT_TARGET_NOT_REACHED,,,,
244,161,v1,force-probe-3,2.9026384353637695,0,800,False,False,,6.059361954918131,False,,True,True,True,0.2639637492077586,False,PLACEMENT_TARGET_NOT_REACHED,True,True,True,True,489,True,False,0,0.11978517100214958,0.2639637492077586,"[0.0,0.0,0.6278400421142578]",-4.392414826269453e-07,0.0,0.0,failed,PLACEMENT_TARGET_NOT_REACHED,,,2,True,True,0.7458807505528887,False,False,disabled,0,0,0.0,False,,False,False,,False,False,,False,,5,0.14513191852423724,0.04999999888241291,True,0.2637269351912319,1.1257555645173778,"[-0.1240550596266985,0.23272731713950634,-1.4156103134155273e-07]",False,800,"[-0.0127412723377347,0.037407491356134415,1.650303602218628e-06]","[-0.561879371482064,0.9754928103357088,4.71109633508604e-05]",0.2637269351912319,1.1257555645173778,False,False,False,,0.2639637492077586,True,True,True,True,-4.392414826269453e-07,0.07999994605779648,0,461,privileged_state_simulator_reference_agreement,True,800,0,459,0,2,339,0,1.0,0.9956616052060737,1.0,1.0,339,,,,,,,,,,,340,PLACEMENT_TARGET_NOT_REACHED,342,PLACEMENT_TARGET_NOT_REACHED,2,459
245,161,v2,force-probe-3,2.9026384353637695,0,800,False,False,,6.266092784004286,True,558,True,True,True,0.003907749322538708,True,,True,True,True,True,247,True,False,247,0.11978517100214958,0.003907749322538708,"[0.0,0.0,0.6278226375579834]",-4.129564165518407e-07,0.0,0.0,passed,,,,2,False,True,1.6852586474300764,False,False,attempt_complete,1,222,0.938504212488851,True,527,False,True,528,True,True,538,True,,5,0.14513191852423724,0.04999999888241291,True,0.2654167927533885,1.1257555645173778,"[-0.0023722313344478607,0.002803269773721695,-1.1548399925231934e-07]",True,342,"[-0.0127412723377347,0.037407491356134415,1.650303602218628e-06]","[-0.561879371482064,0.9754928103357088,4.71109633508604e-05]",0.2637269351912319,1.1257555645173778,False,True,True,,0.003907749322538708,True,True,True,True,-4.129564165518407e-07,0.0799999013543129,247,0,privileged_state_simulator_reference_agreement,True,800,0,1,0,2,797,0,1.0,0.3333333333333333,1.0,1.0,797,PLACEMENT_TARGET_NOT_REACHED,342,343,settle,5,400,0,0.10496836714446545,,"[-0.10224898904561996,0.20643192529678345,0.01999988593161106]",340,PLACEMENT_TARGET_NOT_REACHED,342,PLACEMENT_TARGET_NOT_REACHED,2,1
246,162,baseline,force-probe-3,2.9026384353637695,0,800,False,False,,5.84031587280333,True,316,True,True,True,0.022979523885950242,True,,True,True,True,True,489,True,False,489,0.11971185728907585,0.022979523885950242,"[0.0,0.0,0.6278601288795471]",-4.333553409625879e-07,0.0,0.0,disabled,,,,,True,True,0.7271296572276098,False,False,disabled,0,0,0.0,False,,False,False,,False,False,,False,,5,0.14513191852423724,0.04999999888241291,True,0.023201964297413086,0.8478702786959545,"[0.010929074138402939,0.02046670112758875,-3.166496753692627e-08]",True,800,"[0.004452500492334366,0.021250995807349682,0.00045912154018878937]","[0.17595357875688933,-0.03231711991247721,0.05330964505265001]",0.023201964297413086,0.8478702786959545,True,False,,,,,,,,,,,,,,,,,,,,,,,,,,,,,,,,,,,,,,,,,
247,162,v1,force-probe-3,2.9026384353637695,0,800,False,False,,5.943938154028729,True,316,True,True,True,0.022979523885950242,True,,True,True,True,True,489,True,False,489,0.11971185728907585,0.022979523885950242,"[0.0,0.0,0.6278601288795471]",-4.333553409625879e-07,0.0,0.0,passed,,,,,True,True,0.7271296572276098,False,False,disabled,0,0,0.0,False,,False,False,,False,False,,False,,5,0.14513191852423724,0.04999999888241291,True,0.023201964297413086,0.8478702786959545,"[0.010929074138402939,0.02046670112758875,-3.166496753692627e-08]",True,800,"[0.004452500492334366,0.021250995807349682,0.00045912154018878937]","[0.17595357875688933,-0.03231711991247721,0.05330964505265001]",0.023201964297413086,0.8478702786959545,True,False,True,,0.022979523885950242,True,True,True,True,-4.333553409625879e-07,0.07999995350837708,489,0,privileged_state_simulator_reference_agreement,True,800,0,0,0,0,800,0,,,,1.0,800,,,,,,,,,,,,,,,,
248,162,v2,force-probe-3,2.9026384353637695,0,800,False,False,,6.089229464996606,True,316,True,True,True,0.022979523885950242,True,,True,True,True,True,489,True,False,489,0.11971185728907585,0.022979523885950242,"[0.0,0.0,0.6278601288795471]",-4.333553409625879e-07,0.0,0.0,passed,,,,,True,True,0.7271296572276098,False,False,nominal,0,0,0.0,False,,False,False,,False,False,,False,,5,0.14513191852423724,0.04999999888241291,True,0.023201964297413086,0.8478702786959545,"[0.010929074138402939,0.02046670112758875,-3.166496753692627e-08]",True,800,"[0.004452500492334366,0.021250995807349682,0.00045912154018878937]","[0.17595357875688933,-0.03231711991247721,0.05330964505265001]",0.023201964297413086,0.8478702786959545,True,False,True,,0.022979523885950242,True,True,True,True,-4.333553409625879e-07,0.07999995350837708,489,0,privileged_state_simulator_reference_agreement,True,800,0,0,0,0,800,0,,,,1.0,800,,,,,0,400,0,0.0,,,,,,,,
249,163,baseline,force-probe-3,2.9026384353637695,0,800,False,False,,5.807953063165769,True,316,True,True,True,0.019273115710092787,True,,True,True,True,True,489,True,False,489,0.11969823762774467,0.019273115710092787,"[0.0,0.0,0.6278418898582458]",-4.3179137946408597e-07,0.0,0.0,disabled,,,,,True,True,0.7399191917531754,False,False,disabled,0,0,0.0,False,,False,False,,False,False,,False,,5,0.14513191852423724,0.04999999888241291,True,0.01927326172040918,0.8478593635458329,"[0.0074388813227415085,0.017673976719379425,-1.30385160446167e-08]",True,800,"[0.0019569294527173042,0.01764848828315735,0.0011666659265756607]","[0.15446798023185693,0.02190938568674028,0.045955479799886234]",0.01927326172040918,0.8478593635458329,True,False,,,,,,,,,,,,,,,,,,,,,,,,,,,,,,,,,,,,,,,,,
250,163,v1,force-probe-3,2.9026384353637695,0,800,False,False,,6.054125763010234,True,316,True,True,True,0.019273115710092787,True,,True,True,True,True,489,True,False,489,0.11969823762774467,0.019273115710092787,"[0.0,0.0,0.6278418898582458]",-4.3179137946408597e-07,0.0,0.0,passed,,,,,True,True,0.7399191917531754,False,False,disabled,0,0,0.0,False,,False,False,,False,False,,False,,5,0.14513191852423724,0.04999999888241291,True,0.01927326172040918,0.8478593635458329,"[0.0074388813227415085,0.017673976719379425,-1.30385160446167e-08]",True,800,"[0.0019569294527173042,0.01764848828315735,0.0011666659265756607]","[0.15446798023185693,0.02190938568674028,0.045955479799886234]",0.01927326172040918,0.8478593635458329,True,False,True,,0.019273115710092787,True,True,True,True,-4.3179137946408597e-07,0.07999994605779648,489,0,privileged_state_simulator_reference_agreement,True,800,0,0,0,0,800,0,,,,1.0,800,,,,,,,,,,,,,,,,
251,163,v2,force-probe-3,2.9026384353637695,0,800,False,False,,6.208570400020108,True,316,True,True,True,0.019273115710092787,True,,True,True,True,True,489,True,False,489,0.11969823762774467,0.019273115710092787,"[0.0,0.0,0.6278418898582458]",-4.3179137946408597e-07,0.0,0.0,passed,,,,,True,True,0.7399191917531754,False,False,nominal,0,0,0.0,False,,False,False,,False,False,,False,,5,0.14513191852423724,0.04999999888241291,True,0.01927326172040918,0.8478593635458329,"[0.0074388813227415085,0.017673976719379425,-1.30385160446167e-08]",True,800,"[0.0019569294527173042,0.01764848828315735,0.0011666659265756607]","[0.15446798023185693,0.02190938568674028,0.045955479799886234]",0.01927326172040918,0.8478593635458329,True,False,True,,0.019273115710092787,True,True,True,True,-4.3179137946408597e-07,0.07999994605779648,489,0,privileged_state_simulator_reference_agreement,True,800,0,0,0,0,800,0,,,,1.0,800,,,,,0,400,0,0.0,,,,,,,,
252,164,baseline,force-probe-3,2.9026384353637695,0,800,False,False,,5.82177917403169,True,316,True,True,True,0.022166332729019016,True,,True,True,True,True,489,True,False,489,0.1197037361562252,0.022166332729019016,"[0.0,0.0,0.6278241872787476]",-4.163672129089968e-07,0.0,0.0,disabled,,,,,True,True,0.6726213699998173,False,False,disabled,0,0,0.0,False,,False,False,,False,False,,False,,5,0.14513191852423724,0.04999999888241291,True,0.022242130661427037,0.8484325112561515,"[-0.0056074128951877356,0.02152283862233162,-7.450580596923828e-09]",True,800,"[-0.003477932885289192,0.019643496721982956,0.001109343022108078]","[-0.0901450143137481,0.07710557972313836,0.03710753995983396]",0.022242130661427037,0.8484325112561515,True,False,,,,,,,,,,,,,,,,,,,,,,,,,,,,,,,,,,,,,,,,,
253,164,v1,force-probe-3,2.9026384353637695,0,800,False,False,,5.975163067923859,True,316,True,True,True,0.022166332729019016,True,,True,True,True,True,489,True,False,489,0.1197037361562252,0.022166332729019016,"[0.0,0.0,0.6278241872787476]",-4.163672129089968e-07,0.0,0.0,passed,,,,,True,True,0.6726213699998173,False,False,disabled,0,0,0.0,False,,False,False,,False,False,,False,,5,0.14513191852423724,0.04999999888241291,True,0.022242130661427037,0.8484325112561515,"[-0.0056074128951877356,0.02152283862233162,-7.450580596923828e-09]",True,800,"[-0.003477932885289192,0.019643496721982956,0.001109343022108078]","[-0.0901450143137481,0.07710557972313836,0.03710753995983396]",0.022242130661427037,0.8484325112561515,True,False,True,,0.022166332729019016,True,True,True,True,-4.163672129089968e-07,0.07999993860721588,489,0,privileged_state_simulator_reference_agreement,True,800,0,0,0,0,800,0,,,,1.0,800,,,,,,,,,,,,,,,,
254,164,v2,force-probe-3,2.9026384353637695,0,800,False,False,,5.9987075868994,True,316,True,True,True,0.022166332729019016,True,,True,True,True,True,489,True,False,489,0.1197037361562252,0.022166332729019016,"[0.0,0.0,0.6278241872787476]",-4.163672129089968e-07,0.0,0.0,passed,,,,,True,True,0.6726213699998173,False,False,nominal,0,0,0.0,False,,False,False,,False,False,,False,,5,0.14513191852423724,0.04999999888241291,True,0.022242130661427037,0.8484325112561515,"[-0.0056074128951877356,0.02152283862233162,-7.450580596923828e-09]",True,800,"[-0.003477932885289192,0.019643496721982956,0.001109343022108078]","[-0.0901450143137481,0.07710557972313836,0.03710753995983396]",0.022242130661427037,0.8484325112561515,True,False,True,,0.022166332729019016,True,True,True,True,-4.163672129089968e-07,0.07999993860721588,489,0,privileged_state_simulator_reference_agreement,True,800,0,0,0,0,800,0,,,,1.0,800,,,,,0,400,0,0.0,,,,,,,,
255,165,baseline,force-probe-3,2.9026384353637695,0,800,False,False,,5.846661035204306,False,,True,True,True,0.09609963848094345,False,PLACEMENT_TARGET_NOT_REACHED,True,True,True,True,489,True,False,0,0.1197097860276699,0.09609963848094345,"[0.0,0.0,0.6278190612792969]",-4.0127020498048616e-07,0.0,0.0,disabled,,,,,True,True,0.6231423565446927,False,False,disabled,0,0,0.0,False,,False,False,,False,False,,False,,5,0.14513191852423724,0.04999999888241291,True,0.09604595655215994,0.8483079769521457,"[-0.06615265924483538,0.06963159888982773,1.30385160446167e-08]",False,800,"[-0.011856875382363796,0.028181366622447968,0.0002977270632982254]","[-0.4841214854386635,0.37010907774674706,0.011511132252053358]",0.09604595655215994,0.8483079769521457,False,False,,,,,,,,,,,,,,,,,,,,,,,,,,,,,,,,,,,,340,PLACEMENT_TARGET_NOT_REACHED,,,,
256,165,v1,force-probe-3,2.9026384353637695,0,800,False,False,,6.048375824932009,False,,True,True,True,0.09609963848094345,False,PLACEMENT_TARGET_NOT_REACHED,True,True,True,True,489,True,False,0,0.1197097860276699,0.09609963848094345,"[0.0,0.0,0.6278190612792969]",-4.0127020498048616e-07,0.0,0.0,failed,PLACEMENT_TARGET_NOT_REACHED,,,2,True,True,0.6231423565446927,False,False,disabled,0,0,0.0,False,,False,False,,False,False,,False,,5,0.14513191852423724,0.04999999888241291,True,0.09604595655215994,0.8483079769521457,"[-0.06615265924483538,0.06963159888982773,1.30385160446167e-08]",False,800,"[-0.011856875382363796,0.028181366622447968,0.0002977270632982254]","[-0.4841214854386635,0.37010907774674706,0.011511132252053358]",0.09604595655215994,0.8483079769521457,False,False,False,,0.09609963848094345,True,True,True,True,-4.0127020498048616e-07,0.07999991998076439,0,461,privileged_state_simulator_reference_agreement,True,800,0,459,0,2,339,0,1.0,0.9956616052060737,1.0,1.0,339,,,,,,,,,,,340,PLACEMENT_TARGET_NOT_REACHED,342,PLACEMENT_TARGET_NOT_REACHED,2,459
257,165,v2,force-probe-3,2.9026384353637695,0,800,False,False,,6.16270083701238,True,492,True,True,True,0.0038193878942249628,True,,True,True,True,True,313,True,False,313,0.1197097860276699,0.0038193878942249628,"[0.0,0.0,0.6278592348098755]",-4.1562543240739047e-07,0.0,0.0,passed,,,,2,False,True,1.225724536059631,False,False,attempt_complete,1,156,0.6017079886704142,True,461,False,True,462,True,True,472,True,,5,0.14513191852423724,0.04999999888241291,True,0.09729521997514048,0.8483079769521457,"[-0.0024098530411720276,0.0029031112790107727,1.6763806343078613e-08]",True,342,"[-0.011856875382363796,0.028181366622447968,0.0002977270632982254]","[-0.4841214854386635,0.37010907774674706,0.011511132252053358]",0.09604595655215994,0.8483079769521457,False,True,True,,0.0038193878942249628,True,True,True,True,-4.1562543240739047e-07,0.07999986782670021,313,0,privileged_state_simulator_reference_agreement,True,800,0,1,0,2,797,0,1.0,0.3333333333333333,1.0,1.0,797,PLACEMENT_TARGET_NOT_REACHED,342,343,settle,5,400,0,0.10389315523207188,,"[-0.0786706730723381,0.14539293944835663,0.019999919459223747]",340,PLACEMENT_TARGET_NOT_REACHED,342,PLACEMENT_TARGET_NOT_REACHED,2,1
258,166,baseline,force-probe-3,2.9026384353637695,0,800,False,False,,5.841765051940456,False,,True,True,True,0.07842881118340882,False,PLACEMENT_TARGET_NOT_REACHED,True,True,True,True,489,True,False,0,0.11973297223448753,0.07842881118340882,"[0.0,0.0,0.6278369426727295]",-4.2646364414519744e-07,0.0,0.0,disabled,,,,,True,True,0.7135908633087206,False,False,disabled,0,0,0.0,False,,False,False,,False,False,,False,,5,0.14513191852423724,0.04999999888241291,True,0.07818747723341678,0.8483245508188508,"[-0.05239133443683386,0.05803816020488739,-1.1548399925231934e-07]",True,800,"[-0.011654261499643326,0.026302501559257507,0.001041186973452568]","[-0.43935636965034064,0.3113717118103523,0.01738774469413329]",0.07818747723341678,0.8483245508188508,True,False,,,,,,,,,,,,,,,,,,,,,,,,,,,,,,,,,,,,340,PLACEMENT_TARGET_NOT_REACHED,,,,
259,166,v1,force-probe-3,2.9026384353637695,0,800,False,False,,6.137669838964939,False,,True,True,True,0.07842881118340882,False,PLACEMENT_TARGET_NOT_REACHED,True,True,True,True,489,True,False,0,0.11973297223448753,0.07842881118340882,"[0.0,0.0,0.6278369426727295]",-4.2646364414519744e-07,0.0,0.0,failed,PLACEMENT_TARGET_NOT_REACHED,,,2,True,True,0.7135908633087206,False,False,disabled,0,0,0.0,False,,False,False,,False,False,,False,,5,0.14513191852423724,0.04999999888241291,True,0.07818747723341678,0.8483245508188508,"[-0.05239133443683386,0.05803816020488739,-1.1548399925231934e-07]",True,800,"[-0.011654261499643326,0.026302501559257507,0.001041186973452568]","[-0.43935636965034064,0.3113717118103523,0.01738774469413329]",0.07818747723341678,0.8483245508188508,True,False,False,,0.07842881118340882,True,True,True,True,-4.2646364414519744e-07,0.07999993860721588,0,461,privileged_state_simulator_reference_agreement,True,800,0,459,0,2,339,0,1.0,0.9956616052060737,1.0,1.0,339,,,,,,,,,,,340,PLACEMENT_TARGET_NOT_REACHED,342,PLACEMENT_TARGET_NOT_REACHED,2,459
260,166,v2,force-probe-3,2.9026384353637695,0,800,False,False,,6.119214687962085,True,482,True,True,True,0.003927813251731505,True,,True,True,True,True,323,True,False,323,0.11973297223448753,0.003927813251731505,"[0.0,0.0,0.6278578042984009]",-4.510983119265788e-07,0.0,0.0,passed,,,,2,False,True,1.2805360455424428,False,False,attempt_complete,1,146,0.5660340665174909,True,451,False,True,452,True,True,462,True,,5,0.14513191852423724,0.04999999888241291,True,0.0793768886835918,0.8483245508188508,"[-0.003625866025686264,0.0008790194988250732,-1.0989606380462646e-07]",True,342,"[-0.011654261499643326,0.026302501559257507,0.001041186973452568]","[-0.43935636965034064,0.3113717118103523,0.01738774469413329]",0.07818747723341678,0.8483245508188508,True,True,True,,0.003927813251731505,True,True,True,True,-4.510983119265788e-07,0.07999992743134499,323,0,privileged_state_simulator_reference_agreement,True,800,0,1,0,2,797,0,1.0,0.3333333333333333,1.0,1.0,797,PLACEMENT_TARGET_NOT_REACHED,342,343,settle,5,400,0,0.10237810760736465,,"[0.009032913483679295,0.12148474156856537,0.0199999138712883]",340,PLACEMENT_TARGET_NOT_REACHED,342,PLACEMENT_TARGET_NOT_REACHED,2,1
261,167,baseline,force-probe-3,2.9026384353637695,0,800,False,False,,5.858734990935773,False,,True,True,True,0.06876671012718612,False,PLACEMENT_TARGET_NOT_REACHED,True,True,True,True,489,True,False,0,0.11981472000479698,0.06876671012718612,"[0.0,0.0,0.6278412342071533]",-4.3284621624450903e-07,0.0,0.0,disabled,,,,,True,True,0.8240969652370074,False,False,disabled,0,0,0.0,False,,False,False,,False,False,,False,,5,0.14513191852423724,0.04999999888241291,True,0.06894525046066693,0.8485496850593831,"[0.04406172502785921,0.05302725359797478,-2.2351741790771484e-08]",False,800,"[0.007690750062465668,0.02589128166437149,0.0005907267332077026]","[0.3496747443859931,0.2572832138976082,0.038750353414798155]",0.06894525046066693,0.8485496850593831,False,False,,,,,,,,,,,,,,,,,,,,,,,,,,,,,,,,,,,,340,PLACEMENT_TARGET_NOT_REACHED,,,,
262,167,v1,force-probe-3,2.9026384353637695,0,800,False,False,,5.997174842981622,False,,True,True,True,0.06876671012718612,False,PLACEMENT_TARGET_NOT_REACHED,True,True,True,True,489,True,False,0,0.11981472000479698,0.06876671012718612,"[0.0,0.0,0.6278412342071533]",-4.3284621624450903e-07,0.0,0.0,failed,PLACEMENT_TARGET_NOT_REACHED,,,2,True,True,0.8240969652370074,False,False,disabled,0,0,0.0,False,,False,False,,False,False,,False,,5,0.14513191852423724,0.04999999888241291,True,0.06894525046066693,0.8485496850593831,"[0.04406172502785921,0.05302725359797478,-2.2351741790771484e-08]",False,800,"[0.007690750062465668,0.02589128166437149,0.0005907267332077026]","[0.3496747443859931,0.2572832138976082,0.038750353414798155]",0.06894525046066693,0.8485496850593831,False,False,False,,0.06876671012718612,True,True,True,True,-4.3284621624450903e-07,0.07999991625547409,0,461,privileged_state_simulator_reference_agreement,True,800,0,459,0,2,339,0,1.0,0.9956616052060737,1.0,1.0,339,,,,,,,,,,,340,PLACEMENT_TARGET_NOT_REACHED,342,PLACEMENT_TARGET_NOT_REACHED,2,459
263,167,v2,force-probe-3,2.9026384353637695,0,800,False,False,,6.141854206100106,True,472,True,True,True,0.00241277588185645,True,,True,True,True,True,333,True,False,333,0.11981472000479698,0.00241277588185645,"[0.0,0.0,0.6278209686279297]",-4.4769104702926943e-07,0.0,0.0,passed,,,,2,False,True,1.3732700098944015,False,False,attempt_complete,1,136,0.5482935263542745,True,441,False,True,442,True,True,452,True,,5,0.14513191852423724,0.04999999888241291,True,0.07494285035957043,0.8485496850593831,"[0.0014219153672456741,0.0021502897143363953,-2.421438694000244e-08]",True,342,"[0.007690750062465668,0.02589128166437149,0.0005907267332077026]","[0.3496747443859931,0.2572832138976082,0.038750353414798155]",0.06894525046066693,0.8485496850593831,False,True,True,,0.00241277588185645,True,True,True,True,-4.4769104702926943e-07,0.07999991625547409,333,0,privileged_state_simulator_reference_agreement,True,800,0,1,0,2,797,0,1.0,0.3333333333333333,1.0,1.0,797,PLACEMENT_TARGET_NOT_REACHED,342,343,settle,5,400,0,0.10296946205198765,,"[0.01257313136011362,-0.0424225814640522,0.019999897107481956]",340,PLACEMENT_TARGET_NOT_REACHED,342,PLACEMENT_TARGET_NOT_REACHED,2,1
264,168,baseline,force-probe-3,2.9026384353637695,0,800,False,False,,5.876895318040624,False,,True,True,True,0.08688654306636463,False,PLACEMENT_TARGET_NOT_REACHED,True,True,True,True,489,True,False,0,0.11978715285658836,0.08688654306636463,"[0.0,0.0,0.627873957157135]",-4.404436203461759e-07,0.0,0.0,disabled,,,,,True,True,0.6291304985039603,False,False,disabled,0,0,0.0,False,,False,False,,False,False,,False,,5,0.14513191852423724,0.04999999888241291,True,0.08666630284282163,0.8483966669105684,"[-0.06162378937005997,0.060938216745853424,-1.5087425708770752e-07]",False,800,"[-0.012119390070438385,0.026592806912958622,0.0009931009262800217]","[-0.4678742333780974,0.3306745901645627,0.018597304369905032]",0.08666630284282163,0.8483966669105684,False,False,,,,,,,,,,,,,,,,,,,,,,,,,,,,,,,,,,,,340,PLACEMENT_TARGET_NOT_REACHED,,,,
265,168,v1,force-probe-3,2.9026384353637695,0,800,False,False,,6.099132394883782,False,,True,True,True,0.08688654306636463,False,PLACEMENT_TARGET_NOT_REACHED,True,True,True,True,489,True,False,0,0.11978715285658836,0.08688654306636463,"[0.0,0.0,0.627873957157135]",-4.404436203461759e-07,0.0,0.0,failed,PLACEMENT_TARGET_NOT_REACHED,,,2,True,True,0.6291304985039603,False,False,disabled,0,0,0.0,False,,False,False,,False,False,,False,,5,0.14513191852423724,0.04999999888241291,True,0.08666630284282163,0.8483966669105684,"[-0.06162378937005997,0.060938216745853424,-1.5087425708770752e-07]",False,800,"[-0.012119390070438385,0.026592806912958622,0.0009931009262800217]","[-0.4678742333780974,0.3306745901645627,0.018597304369905032]",0.08666630284282163,0.8483966669105684,False,False,False,,0.08688654306636463,True,True,True,True,-4.404436203461759e-07,0.07999991998076439,0,461,privileged_state_simulator_reference_agreement,True,800,0,459,0,2,339,0,1.0,0.9956616052060737,1.0,1.0,339,,,,,,,,,,,340,PLACEMENT_TARGET_NOT_REACHED,342,PLACEMENT_TARGET_NOT_REACHED,2,459
266,168,v2,force-probe-3,2.9026384353637695,0,800,False,False,,6.235336556099355,True,480,True,True,True,0.005152928848743695,True,,True,True,True,True,325,True,False,325,0.11978715285658836,0.005152928848743695,"[0.0,0.0,0.6278374195098877]",-4.030669207809312e-07,0.0,0.0,passed,,,,2,False,True,1.2133752475689463,False,False,attempt_complete,1,143,0.5825458316913613,True,449,False,True,450,True,True,460,True,,5,0.14513191852423724,0.04999999888241291,True,0.08860048113448511,0.8483966669105684,"[-0.004982806742191315,0.0005621612071990967,-1.1734664440155029e-07]",True,342,"[-0.012119390070438385,0.026592806912958622,0.0009931009262800217]","[-0.4678742333780974,0.3306745901645627,0.018597304369905032]",0.08666630284282163,0.8483966669105684,False,True,True,,0.005152928848743695,True,True,True,True,-4.030669207809312e-07,0.07999993115663528,325,0,privileged_state_simulator_reference_agreement,True,800,0,1,0,2,797,0,1.0,0.3333333333333333,1.0,1.0,797,PLACEMENT_TARGET_NOT_REACHED,342,343,settle,5,400,0,0.10650056414306164,,"[-0.1579657942056656,0.04095008969306946,0.019999878481030464]",340,PLACEMENT_TARGET_NOT_REACHED,342,PLACEMENT_TARGET_NOT_REACHED,2,1
267,169,baseline,force-probe-3,2.9026384353637695,0,800,False,False,,5.8426277411635965,True,316,True,True,True,0.020803132057527797,True,,True,True,True,True,489,True,False,489,0.11975259706377983,0.020803132057527797,"[0.0,0.0,0.62785804271698]",-4.3238259843716986e-07,0.0,0.0,disabled,,,,,True,True,0.6133630564963559,False,False,disabled,0,0,0.0,False,,False,False,,False,False,,False,,5,0.14513191852423724,0.04999999888241291,True,0.020921316099690685,0.8484300154334402,"[-0.002560250461101532,0.02074197679758072,1.4901161193847656e-08]",True,800,"[-0.0018397793173789978,0.019541390240192413,0.0010038688778877258]","[-0.03370705829001963,0.06473596644354984,0.032289306123857386]",0.020921316099690685,0.8484300154334402,True,False,,,,,,,,,,,,,,,,,,,,,,,,,,,,,,,,,,,,,,,,,
268,169,v1,force-probe-3,2.9026384353637695,0,800,False,False,,6.080200891941786,True,316,True,True,True,0.020803132057527797,True,,True,True,True,True,489,True,False,489,0.11975259706377983,0.020803132057527797,"[0.0,0.0,0.62785804271698]",-4.3238259843716986e-07,0.0,0.0,passed,,,,,True,True,0.6133630564963559,False,False,disabled,0,0,0.0,False,,False,False,,False,False,,False,,5,0.14513191852423724,0.04999999888241291,True,0.020921316099690685,0.8484300154334402,"[-0.002560250461101532,0.02074197679758072,1.4901161193847656e-08]",True,800,"[-0.0018397793173789978,0.019541390240192413,0.0010038688778877258]","[-0.03370705829001963,0.06473596644354984,0.032289306123857386]",0.020921316099690685,0.8484300154334402,True,False,True,,0.020803132057527797,True,True,True,True,-4.3238259843716986e-07,0.07999993860721588,489,0,privileged_state_simulator_reference_agreement,True,800,0,0,0,0,800,0,,,,1.0,800,,,,,,,,,,,,,,,,
269,169,v2,force-probe-3,2.9026384353637695,0,800,False,False,,6.285134338075295,True,316,True,True,True,0.020803132057527797,True,,True,True,True,True,489,True,False,489,0.11975259706377983,0.020803132057527797,"[0.0,0.0,0.62785804271698]",-4.3238259843716986e-07,0.0,0.0,passed,,,,,True,True,0.6133630564963559,False,False,nominal,0,0,0.0,False,,False,False,,False,False,,False,,5,0.14513191852423724,0.04999999888241291,True,0.020921316099690685,0.8484300154334402,"[-0.002560250461101532,0.02074197679758072,1.4901161193847656e-08]",True,800,"[-0.0018397793173789978,0.019541390240192413,0.0010038688778877258]","[-0.03370705829001963,0.06473596644354984,0.032289306123857386]",0.020921316099690685,0.8484300154334402,True,False,True,,0.020803132057527797,True,True,True,True,-4.3238259843716986e-07,0.07999993860721588,489,0,privileged_state_simulator_reference_agreement,True,800,0,0,0,0,800,0,,,,1.0,800,,,,,0,400,0,0.0,,,,,,,,
270,170,baseline,force-probe-3,2.9026384353637695,0,800,False,False,,5.86138645093888,True,316,True,True,True,0.01971883757012215,True,,True,True,True,True,489,True,False,489,0.11973616108298302,0.01971883757012215,"[0.0,0.0,0.6273516416549683]",-3.193379619417791e-07,0.0,0.0,disabled,,,,,True,True,0.7621607285128867,False,False,disabled,0,0,0.0,False,,False,False,,False,False,,False,,5,0.14513191852423724,0.04999999888241291,True,0.01967622642973909,0.8484980251501287,"[0.006670057773590088,0.018363505601882935,5.587935447692871e-08]",True,800,"[0.0021888911724090576,0.01865626499056816,0.0010033641010522842]","[0.14389486465370283,0.04102932260138914,0.03475834819255397]",0.01967622642973909,0.8484980251501287,True,False,,,,,,,,,,,,,,,,,,,,,,,,,,,,,,,,,,,,,,,,,
271,170,v1,force-probe-3,2.9026384353637695,0,800,False,False,,5.990746794035658,True,316,True,True,True,0.01971883757012215,True,,True,True,True,True,489,True,False,489,0.11973616108298302,0.01971883757012215,"[0.0,0.0,0.6273516416549683]",-3.193379619417791e-07,0.0,0.0,passed,,,,,True,True,0.7621607285128867,False,False,disabled,0,0,0.0,False,,False,False,,False,False,,False,,5,0.14513191852423724,0.04999999888241291,True,0.01967622642973909,0.8484980251501287,"[0.006670057773590088,0.018363505601882935,5.587935447692871e-08]",True,800,"[0.0021888911724090576,0.01865626499056816,0.0010033641010522842]","[0.14389486465370283,0.04102932260138914,0.03475834819255397]",0.01967622642973909,0.8484980251501287,True,False,True,,0.01971883757012215,True,True,True,True,-3.193379619417791e-07,0.07999994978308678,489,0,privileged_state_simulator_reference_agreement,True,800,0,0,0,0,800,0,,,,1.0,800,,,,,,,,,,,,,,,,
272,170,v2,force-probe-3,2.9026384353637695,0,800,False,False,,6.14961990294978,True,316,True,True,True,0.01971883757012215,True,,True,True,True,True,489,True,False,489,0.11973616108298302,0.01971883757012215,"[0.0,0.0,0.6273516416549683]",-3.193379619417791e-07,0.0,0.0,passed,,,,,True,True,0.7621607285128867,False,False,nominal,0,0,0.0,False,,False,False,,False,False,,False,,5,0.14513191852423724,0.04999999888241291,True,0.01967622642973909,0.8484980251501287,"[0.006670057773590088,0.018363505601882935,5.587935447692871e-08]",True,800,"[0.0021888911724090576,0.01865626499056816,0.0010033641010522842]","[0.14389486465370283,0.04102932260138914,0.03475834819255397]",0.01967622642973909,0.8484980251501287,True,False,True,,0.01971883757012215,True,True,True,True,-3.193379619417791e-07,0.07999994978308678,489,0,privileged_state_simulator_reference_agreement,True,800,0,0,0,0,800,0,,,,1.0,800,,,,,0,400,0,0.0,,,,,,,,
273,171,baseline,force-probe-3,2.9026384353637695,0,800,False,False,,5.917041208129376,True,316,True,True,True,0.022878309209656184,True,,True,True,True,True,489,True,False,489,0.11969780549407005,0.022878309209656184,"[0.0,0.0,0.6278403401374817]",-3.9630787666833367e-07,0.0,0.0,disabled,,,,,True,True,0.7741719094888924,False,False,disabled,0,0,0.0,False,,False,False,,False,False,,False,,5,0.14513191852423724,0.04999999888241291,True,0.022845223467782356,0.8478476194606575,"[0.01310662180185318,0.01871146261692047,2.9802322387695312e-08]",True,800,"[0.003710176795721054,0.018807515501976013,0.0008165724575519562]","[0.2072844737849664,0.05938780843280256,0.03187904348305892]",0.022845223467782356,0.8478476194606575,True,False,,,,,,,,,,,,,,,,,,,,,,,,,,,,,,,,,,,,,,,,,
274,171,v1,force-probe-3,2.9026384353637695,0,800,False,False,,5.9880083908792585,True,316,True,True,True,0.022878309209656184,True,,True,True,True,True,489,True,False,489,0.11969780549407005,0.022878309209656184,"[0.0,0.0,0.6278403401374817]",-3.9630787666833367e-07,0.0,0.0,passed,,,,,True,True,0.7741719094888924,False,False,disabled,0,0,0.0,False,,False,False,,False,False,,False,,5,0.14513191852423724,0.04999999888241291,True,0.022845223467782356,0.8478476194606575,"[0.01310662180185318,0.01871146261692047,2.9802322387695312e-08]",True,800,"[0.003710176795721054,0.018807515501976013,0.0008165724575519562]","[0.2072844737849664,0.05938780843280256,0.03187904348305892]",0.022845223467782356,0.8478476194606575,True,False,True,,0.022878309209656184,True,True,True,True,-3.9630787666833367e-07,0.07999995723366737,489,0,privileged_state_simulator_reference_agreement,True,800,0,0,0,0,800,0,,,,1.0,800,,,,,,,,,,,,,,,,
275,171,v2,force-probe-3,2.9026384353637695,0,800,False,False,,6.140541281085461,True,316,True,True,True,0.022878309209656184,True,,True,True,True,True,489,True,False,489,0.11969780549407005,0.022878309209656184,"[0.0,0.0,0.6278403401374817]",-3.9630787666833367e-07,0.0,0.0,passed,,,,,True,True,0.7741719094888924,False,False,nominal,0,0,0.0,False,,False,False,,False,False,,False,,5,0.14513191852423724,0.04999999888241291,True,0.022845223467782356,0.8478476194606575,"[0.01310662180185318,0.01871146261692047,2.9802322387695312e-08]",True,800,"[0.003710176795721054,0.018807515501976013,0.0008165724575519562]","[0.2072844737849664,0.05938780843280256,0.03187904348305892]",0.022845223467782356,0.8478476194606575,True,False,True,,0.022878309209656184,True,True,True,True,-3.9630787666833367e-07,0.07999995723366737,489,0,privileged_state_simulator_reference_agreement,True,800,0,0,0,0,800,0,,,,1.0,800,,,,,0,400,0,0.0,,,,,,,,
276,172,baseline,force-probe-3,2.9026384353637695,0,800,False,False,,5.843128323089331,False,,True,False,True,0.3234526568266349,False,PLACEMENT_TARGET_NOT_REACHED,True,False,True,False,0,True,False,0,0.11970704421401024,0.3234526568266349,"[0.0,0.0,0.6278188824653625]",-3.8149936516448935e-07,0.0,0.0,disabled,,,,,True,True,0.7694048463176122,False,False,disabled,0,0,0.0,False,,False,False,,False,False,,False,,5,0.14513191852423724,0.04999999888241291,True,0.32362591807711,1.2377750447209248,"[0.09252212569117546,0.31011759489774704,2.60770320892334e-08]",True,800,"[0.008909415453672409,0.043231941759586334,0.00015498697757720947]","[0.37821045109740226,1.1782261184271192,-0.03321827251056675]",0.32362591807711,1.2377750447209248,True,False,,,,,,,,,,,,,,,,,,,,,,,,,,,,,,,,,,,,340,PLACEMENT_TARGET_NOT_REACHED,,,,
277,172,v1,force-probe-3,2.9026384353637695,0,800,False,False,,6.058519645128399,False,,True,False,True,0.3234526568266349,False,PLACEMENT_TARGET_NOT_REACHED,True,False,True,False,0,True,False,0,0.11970704421401024,0.3234526568266349,"[0.0,0.0,0.6278188824653625]",-3.8149936516448935e-07,0.0,0.0,failed,PLACEMENT_TARGET_NOT_REACHED,,,2,True,True,0.7694048463176122,False,False,disabled,0,0,0.0,False,,False,False,,False,False,,False,,5,0.14513191852423724,0.04999999888241291,True,0.32362591807711,1.2377750447209248,"[0.09252212569117546,0.31011759489774704,2.60770320892334e-08]",True,800,"[0.008909415453672409,0.043231941759586334,0.00015498697757720947]","[0.37821045109740226,1.1782261184271192,-0.03321827251056675]",0.32362591807711,1.2377750447209248,True,False,False,,0.3234526568266349,True,False,True,True,-3.8149936516448935e-07,0.07999994233250618,0,461,privileged_state_simulator_reference_agreement,True,800,0,459,0,2,339,0,1.0,0.9956616052060737,1.0,1.0,339,,,,,,,,,,,340,PLACEMENT_TARGET_NOT_REACHED,342,PLACEMENT_TARGET_NOT_REACHED,2,459
278,172,v2,force-probe-3,2.9026384353637695,0,800,False,False,,6.018703083973378,False,,True,False,True,0.3234526568266349,False,PLACEMENT_TARGET_NOT_REACHED,True,False,True,False,0,True,False,0,0.11970704421401024,0.3234526568266349,"[0.0,0.0,0.6278188824653625]",-3.8149936516448935e-07,0.0,0.0,failed,PLACEMENT_TARGET_NOT_REACHED,,,2,False,False,1.0097172939778625,False,False,aborted,1,80,0.2403138683636141,False,,False,False,,False,False,,False,,5,0.14513191852423724,0.04999999888241291,True,0.32362591807711,1.2377750447209248,"[0.09252212569117546,0.31011759489774704,2.60770320892334e-08]",True,342,"[0.008909415453672409,0.043231941759586334,0.00015498697757720947]","[0.37821045109740226,1.1782261184271192,-0.03321827251056675]",0.32362591807711,1.2377750447209248,True,True,False,,0.3234526568266349,True,False,True,True,-3.8149936516448935e-07,0.07999949157238007,0,1,privileged_state_simulator_reference_agreement,True,800,0,2,0,2,796,0,1.0,0.5,1.0,1.0,796,PLACEMENT_TARGET_NOT_REACHED,342,343,approach,60,400,0,0.0,retry_approach_not_completed,"[0.1512424796819687,0.39603063464164734,0.019999926909804344]",340,PLACEMENT_TARGET_NOT_REACHED,342,PLACEMENT_TARGET_NOT_REACHED,2,2
279,173,baseline,force-probe-3,2.9026384353637695,0,800,False,False,,5.83778878999874,False,,True,True,True,0.05545878007417868,False,PLACEMENT_TARGET_NOT_REACHED,True,True,True,True,489,True,False,0,0.1197843961417675,0.05545878007417868,"[0.0,0.0,0.6278203725814819]",-4.082000484260939e-07,0.0,0.0,disabled,,,,,True,True,0.7118410866183535,False,False,disabled,0,0,0.0,False,,False,False,,False,False,,False,,5,0.14513191852423724,0.04999999888241291,True,0.055190698252585185,0.8480067984581376,"[-0.0404675118625164,0.03752853162586689,2.7939677238464355e-08]",True,800,"[-0.010821692645549774,0.024772565811872482,0.0012244414538145065]","[-0.3101512333814753,0.12003182819171343,0.047941650947905146]",0.055190698252585185,0.8480067984581376,True,False,,,,,,,,,,,,,,,,,,,,,,,,,,,,,,,,,,,,340,PLACEMENT_TARGET_NOT_REACHED,,,,
280,173,v1,force-probe-3,2.9026384353637695,0,800,False,False,,6.102052828064188,False,,True,True,True,0.05545878007417868,False,PLACEMENT_TARGET_NOT_REACHED,True,True,True,True,489,True,False,0,0.1197843961417675,0.05545878007417868,"[0.0,0.0,0.6278203725814819]",-4.082000484260939e-07,0.0,0.0,failed,PLACEMENT_TARGET_NOT_REACHED,,,2,True,True,0.7118410866183535,False,False,disabled,0,0,0.0,False,,False,False,,False,False,,False,,5,0.14513191852423724,0.04999999888241291,True,0.055190698252585185,0.8480067984581376,"[-0.0404675118625164,0.03752853162586689,2.7939677238464355e-08]",True,800,"[-0.010821692645549774,0.024772565811872482,0.0012244414538145065]","[-0.3101512333814753,0.12003182819171343,0.047941650947905146]",0.055190698252585185,0.8480067984581376,True,False,False,,0.05545878007417868,True,True,True,True,-4.082000484260939e-07,0.07999992743134499,0,461,privileged_state_simulator_reference_agreement,True,800,0,459,0,2,339,0,1.0,0.9956616052060737,1.0,1.0,339,,,,,,,,,,,340,PLACEMENT_TARGET_NOT_REACHED,342,PLACEMENT_TARGET_NOT_REACHED,2,459
281,173,v2,force-probe-3,2.9026384353637695,0,800,False,False,,6.102048347005621,True,465,True,True,True,0.004320308458569149,True,,True,True,True,True,340,True,False,340,0.1197843961417675,0.004320308458569149,"[0.0,0.0,0.6278398633003235]",-3.982517226726323e-07,0.0,0.0,passed,,,,2,False,True,1.228966941885462,False,False,attempt_complete,1,129,0.5162449383048805,True,434,False,True,435,True,True,445,True,,5,0.14513191852423724,0.04999999888241291,True,0.056216637743157966,0.8480067984581376,"[-0.0034153759479522705,0.0022080689668655396,2.60770320892334e-08]",True,342,"[-0.010821692645549774,0.024772565811872482,0.0012244414538145065]","[-0.3101512333814753,0.12003182819171343,0.047941650947905146]",0.055190698252585185,0.8480067984581376,True,True,True,,0.004320308458569149,True,True,True,True,-3.982517226726323e-07,0.07999986410140991,340,0,privileged_state_simulator_reference_agreement,True,800,0,1,0,2,797,0,1.0,0.3333333333333333,1.0,1.0,797,PLACEMENT_TARGET_NOT_REACHED,342,343,settle,5,400,0,0.1014169491827488,,"[-0.08094965666532516,-0.026332860812544823,0.019999925047159195]",340,PLACEMENT_TARGET_NOT_REACHED,342,PLACEMENT_TARGET_NOT_REACHED,2,1
282,174,baseline,force-probe-3,2.9026384353637695,0,800,False,False,,6.436204202007502,False,,True,True,True,0.19201562617123302,False,PLACEMENT_TARGET_NOT_REACHED,True,True,True,True,489,True,False,0,0.11977709457278252,0.19201562617123302,"[0.0,0.0,0.6278390884399414]",-3.836209652753608e-07,0.0,0.0,disabled,,,,,True,True,0.6793229839826244,False,False,disabled,0,0,0.0,False,,False,False,,False,False,,False,,5,0.14513191852423724,0.04999999888241291,True,0.1918279233706906,0.9363582820975151,"[-0.11675477027893066,0.15220465511083603,-5.4016709327697754e-08]",False,800,"[-0.013752304017543793,0.03459721803665161,1.3932585716247559e-06]","[-0.6195522923881072,0.7022837799886474,-0.0019545900431694463]",0.1918279233706906,0.9363582820975151,False,False,,,,,,,,,,,,,,,,,,,,,,,,,,,,,,,,,,,,340,PLACEMENT_TARGET_NOT_REACHED,,,,
283,174,v1,force-probe-3,2.9026384353637695,0,800,False,False,,6.051568293944001,False,,True,True,True,0.19201562617123302,False,PLACEMENT_TARGET_NOT_REACHED,True,True,True,True,489,True,False,0,0.11977709457278252,0.19201562617123302,"[0.0,0.0,0.6278390884399414]",-3.836209652753608e-07,0.0,0.0,failed,PLACEMENT_TARGET_NOT_REACHED,,,2,True,True,0.6793229839826244,False,False,disabled,0,0,0.0,False,,False,False,,False,False,,False,,5,0.14513191852423724,0.04999999888241291,True,0.1918279233706906,0.9363582820975151,"[-0.11675477027893066,0.15220465511083603,-5.4016709327697754e-08]",False,800,"[-0.013752304017543793,0.03459721803665161,1.3932585716247559e-06]","[-0.6195522923881072,0.7022837799886474,-0.0019545900431694463]",0.1918279233706906,0.9363582820975151,False,False,False,,0.19201562617123302,True,True,True,True,-3.836209652753608e-07,0.07999991625547409,0,461,privileged_state_simulator_reference_agreement,True,800,0,459,0,2,339,0,1.0,0.9956616052060737,1.0,1.0,339,,,,,,,,,,,340,PLACEMENT_TARGET_NOT_REACHED,342,PLACEMENT_TARGET_NOT_REACHED,2,459
284,174,v2,force-probe-3,2.9026384353637695,0,800,False,False,,6.232658139895648,True,526,True,True,True,0.0034353087538789543,True,,True,True,True,True,279,True,False,279,0.11977709457278252,0.0034353087538789543,"[0.0,0.0,0.6278151273727417]",-3.6998028474580225e-07,0.0,0.0,passed,,,,2,False,True,1.4778047737397422,False,False,attempt_complete,1,190,0.7975819011289412,True,495,False,True,496,True,True,506,True,,5,0.14513191852423724,0.04999999888241291,True,0.19330854771920825,0.9363582820975151,"[-0.0026589781045913696,0.00188373401761055,-5.587935447692871e-08]",True,342,"[-0.013752304017543793,0.03459721803665161,1.3932585716247559e-06]","[-0.6195522923881072,0.7022837799886474,-0.0019545900431694463]",0.1918279233706906,0.9363582820975151,False,True,True,,0.0034353087538789543,True,True,True,True,-3.6998028474580225e-07,0.07999986782670021,279,0,privileged_state_simulator_reference_agreement,True,800,0,1,0,2,797,0,1.0,0.3333333333333333,1.0,1.0,797,PLACEMENT_TARGET_NOT_REACHED,342,343,settle,5,400,0,0.10638689994812012,,"[-0.18893317878246307,0.21003876626491547,0.01999993622303009]",340,PLACEMENT_TARGET_NOT_REACHED,342,PLACEMENT_TARGET_NOT_REACHED,2,1
285,175,baseline,force-probe-3,2.9026384353637695,0,800,False,False,,5.853867367142811,False,,True,True,True,0.029959560132972643,False,PLACEMENT_TARGET_NOT_REACHED,True,True,True,True,489,True,False,0,0.11974742636084557,0.029959560132972643,"[0.0,0.0,0.6278516054153442]",-2.1445215704976595e-07,0.0,0.0,disabled,,,,,True,True,0.6474272557722119,False,False,disabled,0,0,0.0,False,,False,False,,False,False,,False,,5,0.14513191852423724,0.04999999888241291,True,0.03002269075664791,0.8478900719177087,"[0.02263433113694191,0.0197242870926857,1.0803341865539551e-07]",True,800,"[0.006285715848207474,0.021577492356300354,0.00043473392724990845]","[0.28889870867715217,-0.033971148572163656,0.05054692404519301]",0.03002269075664791,0.8478900719177087,True,False,,,,,,,,,,,,,,,,,,,,,,,,,,,,,,,,,,,,340,PLACEMENT_TARGET_NOT_REACHED,,,,
286,175,v1,force-probe-3,2.9026384353637695,0,800,False,False,,6.093857380095869,False,,True,True,True,0.029959560132972643,False,PLACEMENT_TARGET_NOT_REACHED,True,True,True,True,489,True,False,0,0.11974742636084557,0.029959560132972643,"[0.0,0.0,0.6278516054153442]",-2.1445215704976595e-07,0.0,0.0,failed,PLACEMENT_TARGET_NOT_REACHED,,,2,True,True,0.6474272557722119,False,False,disabled,0,0,0.0,False,,False,False,,False,False,,False,,5,0.14513191852423724,0.04999999888241291,True,0.03002269075664791,0.8478900719177087,"[0.02263433113694191,0.0197242870926857,1.0803341865539551e-07]",True,800,"[0.006285715848207474,0.021577492356300354,0.00043473392724990845]","[0.28889870867715217,-0.033971148572163656,0.05054692404519301]",0.03002269075664791,0.8478900719177087,True,False,False,,0.029959560132972643,True,True,True,True,-2.1445215704976595e-07,0.07999995723366737,0,461,privileged_state_simulator_reference_agreement,True,800,0,459,0,2,339,0,1.0,0.9956616052060737,1.0,1.0,339,,,,,,,,,,,340,PLACEMENT_TARGET_NOT_REACHED,342,PLACEMENT_TARGET_NOT_REACHED,2,459
287,175,v2,force-probe-3,2.9026384353637695,0,800,False,False,,6.170278005069122,True,473,True,True,True,0.0022661388047176636,True,,True,True,True,True,332,True,False,332,0.11974742636084557,0.0022661388047176636,"[0.0,0.0,0.6279642581939697]",-1.8550781106727032e-07,0.0,0.0,passed,,,,2,False,True,1.1189450313650513,False,False,attempt_complete,1,137,0.4706264994747209,True,442,False,True,443,True,True,453,True,,5,0.14513191852423724,0.04999999888241291,True,0.03673478859473389,0.8478900719177087,"[0.0019728541374206543,0.0012844130396842957,1.1734664440155029e-07]",True,342,"[0.006285715848207474,0.021577492356300354,0.00043473392724990845]","[0.28889870867715217,-0.033971148572163656,0.05054692404519301]",0.03002269075664791,0.8478900719177087,True,True,True,,0.0022661388047176636,True,True,True,True,-1.8550781106727032e-07,0.07999992743134499,332,0,privileged_state_simulator_reference_agreement,True,800,0,1,0,2,797,0,1.0,0.3333333333333333,1.0,1.0,797,PLACEMENT_TARGET_NOT_REACHED,342,343,settle,5,400,0,0.09856322035193443,,"[0.0645836740732193,0.08694125711917877,0.02000000700354576]",340,PLACEMENT_TARGET_NOT_REACHED,342,PLACEMENT_TARGET_NOT_REACHED,2,1
288,176,baseline,force-probe-3,2.9026384353637695,0,800,False,False,,5.8156475480645895,False,,True,True,True,0.08143147868333979,False,PLACEMENT_TARGET_NOT_REACHED,True,True,True,True,489,True,False,0,0.11977749690413475,0.08143147868333979,"[0.0,0.0,0.6277678608894348]",-2.4824075726265216e-07,0.0,0.0,disabled,,,,,True,True,0.612324587203465,False,False,disabled,0,0,0.0,False,,False,False,,False,False,,False,,5,0.14513191852423724,0.04999999888241291,True,0.08144589527699461,0.8485474475495053,"[0.05398763809353113,0.06098169460892677,5.774199962615967e-08]",False,800,"[0.0087028369307518,0.027738161385059357,0.000509120523929596]","[0.4225313756905962,0.32477483338152524,0.0225165357660444]",0.08144589527699461,0.8485474475495053,False,False,,,,,,,,,,,,,,,,,,,,,,,,,,,,,,,,,,,,340,PLACEMENT_TARGET_NOT_REACHED,,,,
289,176,v1,force-probe-3,2.9026384353637695,0,800,False,False,,6.035744193941355,False,,True,True,True,0.08143147868333979,False,PLACEMENT_TARGET_NOT_REACHED,True,True,True,True,489,True,False,0,0.11977749690413475,0.08143147868333979,"[0.0,0.0,0.6277678608894348]",-2.4824075726265216e-07,0.0,0.0,failed,PLACEMENT_TARGET_NOT_REACHED,,,2,True,True,0.612324587203465,False,False,disabled,0,0,0.0,False,,False,False,,False,False,,False,,5,0.14513191852423724,0.04999999888241291,True,0.08144589527699461,0.8485474475495053,"[0.05398763809353113,0.06098169460892677,5.774199962615967e-08]",False,800,"[0.0087028369307518,0.027738161385059357,0.000509120523929596]","[0.4225313756905962,0.32477483338152524,0.0225165357660444]",0.08144589527699461,0.8485474475495053,False,False,False,,0.08143147868333979,True,True,True,True,-2.4824075726265216e-07,0.07999992370605469,0,461,privileged_state_simulator_reference_agreement,True,800,0,459,0,2,339,0,1.0,0.9956616052060737,1.0,1.0,339,,,,,,,,,,,340,PLACEMENT_TARGET_NOT_REACHED,342,PLACEMENT_TARGET_NOT_REACHED,2,459
290,176,v2,force-probe-3,2.9026384353637695,0,800,False,False,,6.186412289971486,True,489,True,True,True,0.0030056595733992837,True,,True,True,True,True,316,True,False,316,0.11977749690413475,0.0030056595733992837,"[0.0,0.0,0.6278457045555115]",-2.3130727264814022e-07,0.0,0.0,passed,,,,2,False,True,1.1867563762844469,False,False,attempt_complete,1,152,0.572733173155055,True,458,False,True,459,True,True,469,True,,5,0.14513191852423724,0.04999999888241291,True,0.08875582023424386,0.8485474475495053,"[0.001864008605480194,0.0023187678307294846,5.4016709327697754e-08]",True,342,"[0.0087028369307518,0.027738161385059357,0.000509120523929596]","[0.4225313756905962,0.32477483338152524,0.0225165357660444]",0.08144589527699461,0.8485474475495053,False,True,True,,0.0030056595733992837,True,True,True,True,-2.3130727264814022e-07,0.07999985292553902,316,0,privileged_state_simulator_reference_agreement,True,800,0,1,0,2,797,0,1.0,0.3333333333333333,1.0,1.0,797,PLACEMENT_TARGET_NOT_REACHED,342,343,settle,5,400,0,0.1028354037553072,,"[-0.01539695169776678,0.03849261254072189,0.019999993965029716]",340,PLACEMENT_TARGET_NOT_REACHED,342,PLACEMENT_TARGET_NOT_REACHED,2,1
291,177,baseline,force-probe-3,2.9026384353637695,0,800,False,False,,5.882264210144058,False,,True,True,True,0.0783126104024151,False,PLACEMENT_TARGET_NOT_REACHED,True,True,True,True,489,True,False,0,0.1197681836783886,0.0783126104024151,"[0.0,0.0,0.6278542876243591]",-2.653854129022748e-07,0.0,0.0,disabled,,,,,True,True,0.6618540799048868,False,False,disabled,0,0,0.0,False,,False,False,,False,False,,False,,5,0.14513191852423724,0.04999999888241291,True,0.07853882742409626,0.8485848861517636,"[0.048282706178724766,0.06194435432553291,6.146728992462158e-08]",False,800,"[0.0083933025598526,0.027398142963647842,0.0006640162318944931]","[0.3846054973255377,0.3391334688058123,0.030541243650077377]",0.07853882742409626,0.8485848861517636,False,False,,,,,,,,,,,,,,,,,,,,,,,,,,,,,,,,,,,,340,PLACEMENT_TARGET_NOT_REACHED,,,,
292,177,v1,force-probe-3,2.9026384353637695,0,800,False,False,,6.035750126000494,False,,True,True,True,0.0783126104024151,False,PLACEMENT_TARGET_NOT_REACHED,True,True,True,True,489,True,False,0,0.1197681836783886,0.0783126104024151,"[0.0,0.0,0.6278542876243591]",-2.653854129022748e-07,0.0,0.0,failed,PLACEMENT_TARGET_NOT_REACHED,,,2,True,True,0.6618540799048868,False,False,disabled,0,0,0.0,False,,False,False,,False,False,,False,,5,0.14513191852423724,0.04999999888241291,True,0.07853882742409626,0.8485848861517636,"[0.048282706178724766,0.06194435432553291,6.146728992462158e-08]",False,800,"[0.0083933025598526,0.027398142963647842,0.0006640162318944931]","[0.3846054973255377,0.3391334688058123,0.030541243650077377]",0.07853882742409626,0.8485848861517636,False,False,False,,0.0783126104024151,True,True,True,True,-2.653854129022748e-07,0.07999993860721588,0,461,privileged_state_simulator_reference_agreement,True,800,0,459,0,2,339,0,1.0,0.9956616052060737,1.0,1.0,339,,,,,,,,,,,340,PLACEMENT_TARGET_NOT_REACHED,342,PLACEMENT_TARGET_NOT_REACHED,2,459
293,177,v2,force-probe-3,2.9026384353637695,0,800,False,False,,6.1513950591906905,True,486,True,True,True,0.002708350210591098,True,,True,True,True,True,319,True,False,319,0.1197681836783886,0.002708350210591098,"[0.0,0.0,0.6278727650642395]",-2.750955719124648e-07,0.0,0.0,passed,,,,2,False,True,1.2318907118825653,False,False,attempt_complete,1,150,0.5691447137095449,True,455,False,True,456,True,True,466,True,,5,0.14513191852423724,0.04999999888241291,True,0.08624985485594225,0.8485848861517636,"[0.0016366690397262573,0.002432066947221756,5.960464477539063e-08]",True,342,"[0.0083933025598526,0.027398142963647842,0.0006640162318944931]","[0.3846054973255377,0.3391334688058123,0.030541243650077377]",0.07853882742409626,0.8485848861517636,False,True,True,,0.002708350210591098,True,True,True,True,-2.750955719124648e-07,0.0799998864531517,319,0,privileged_state_simulator_reference_agreement,True,800,0,1,0,2,797,0,1.0,0.3333333333333333,1.0,1.0,797,PLACEMENT_TARGET_NOT_REACHED,342,343,settle,5,400,0,0.10310056619346142,,"[-0.01337455864995718,0.12075518071651459,0.01999998278915882]",340,PLACEMENT_TARGET_NOT_REACHED,342,PLACEMENT_TARGET_NOT_REACHED,2,1
294,178,baseline,force-probe-3,2.9026384353637695,0,800,False,False,,5.788927531102672,False,,True,True,True,0.41320648128807225,False,PLACEMENT_TARGET_NOT_REACHED,True,True,True,True,489,True,False,0,0.11975976452231407,0.41320648128807225,"[0.0,0.0,0.627823531627655]",-4.37156164902891e-07,0.0,0.0,disabled,,,,,True,True,0.6561812977467327,False,False,disabled,0,0,0.0,False,,False,False,,False,False,,False,,5,0.14513191852423724,0.04999999888241291,True,0.41300182048963197,1.3956619102160672,"[-0.12605822458863258,0.393293559551239,-7.078051567077637e-08]",False,800,"[-0.009842995554208755,0.04623980633914471,0.00017318502068519592]","[-0.4428957510681357,1.3234135439797683,-0.015487129690882284]",0.41300182048963197,1.3956619102160672,False,False,,,,,,,,,,,,,,,,,,,,,,,,,,,,,,,,,,,,340,PLACEMENT_TARGET_NOT_REACHED,,,,
295,178,v1,force-probe-3,2.9026384353637695,0,800,False,False,,6.008075327146798,False,,True,True,True,0.41320648128807225,False,PLACEMENT_TARGET_NOT_REACHED,True,True,True,True,489,True,False,0,0.11975976452231407,0.41320648128807225,"[0.0,0.0,0.627823531627655]",-4.37156164902891e-07,0.0,0.0,failed,PLACEMENT_TARGET_NOT_REACHED,,,2,True,True,0.6561812977467327,False,False,disabled,0,0,0.0,False,,False,False,,False,False,,False,,5,0.14513191852423724,0.04999999888241291,True,0.41300182048963197,1.3956619102160672,"[-0.12605822458863258,0.393293559551239,-7.078051567077637e-08]",False,800,"[-0.009842995554208755,0.04623980633914471,0.00017318502068519592]","[-0.4428957510681357,1.3234135439797683,-0.015487129690882284]",0.41300182048963197,1.3956619102160672,False,False,False,,0.41320648128807225,True,True,True,True,-4.37156164902891e-07,0.07999992370605469,0,461,privileged_state_simulator_reference_agreement,True,800,0,459,0,2,339,0,1.0,0.9956616052060737,1.0,1.0,339,,,,,,,,,,,340,PLACEMENT_TARGET_NOT_REACHED,342,PLACEMENT_TARGET_NOT_REACHED,2,459
296,178,v2,force-probe-3,2.9026384353637695,0,800,False,False,,6.574482145020738,False,,True,True,True,0.41320648128807225,False,PLACEMENT_TARGET_NOT_REACHED,True,True,True,True,489,True,False,0,0.11975976452231407,0.41320648128807225,"[0.0,0.0,0.627823531627655]",-4.37156164902891e-07,0.0,0.0,failed,PLACEMENT_TARGET_NOT_REACHED,,,2,False,False,0.946985858968512,False,False,aborted,1,70,0.2827132870835563,False,,False,False,,False,False,,False,,5,0.14513191852423724,0.04999999888241291,True,0.41300182048963197,1.3956619102160672,"[-0.12605822458863258,0.393293559551239,-7.078051567077637e-08]",False,342,"[-0.009842995554208755,0.04623980633914471,0.00017318502068519592]","[-0.4428957510681357,1.3234135439797683,-0.015487129690882284]",0.41300182048963197,1.3956619102160672,False,True,False,,0.41320648128807225,True,True,True,True,-4.37156164902891e-07,0.0799998827278614,0,1,privileged_state_simulator_reference_agreement,True,800,0,2,0,2,796,0,1.0,0.5,1.0,1.0,796,PLACEMENT_TARGET_NOT_REACHED,342,343,approach,60,400,0,0.0,retry_approach_not_completed,"[-0.07431526482105255,0.3371536433696747,0.019999904558062553]",340,PLACEMENT_TARGET_NOT_REACHED,342,PLACEMENT_TARGET_NOT_REACHED,2,2
297,179,baseline,force-probe-3,2.9026384353637695,0,800,False,False,,5.953616862883791,False,,True,True,True,0.025246266215037772,False,PLACEMENT_TARGET_NOT_REACHED,True,True,True,True,489,True,False,0,0.11978251859545708,0.025246266215037772,"[0.0,0.0,0.6278746128082275]",-3.7886484690816125e-07,0.0,0.0,disabled,,,,,True,True,0.6449433508502181,False,False,disabled,0,0,0.0,False,,False,False,,False,False,,False,,5,0.14513191852423724,0.04999999888241291,True,0.025238439833236672,0.8484980957219769,"[0.01916489005088806,0.016420938074588776,2.7939677238464355e-08]",True,800,"[0.005532152950763702,0.021523401141166687,0.0004469826817512512]","[0.2672281253908295,-0.09854330797679722,0.04051564542169217]",0.025238439833236672,0.8484980957219769,True,False,,,,,,,,,,,,,,,,,,,,,,,,,,,,,,,,,,,,340,PLACEMENT_TARGET_NOT_REACHED,,,,
298,179,v1,force-probe-3,2.9026384353637695,0,800,False,False,,6.6114080778788775,False,,True,True,True,0.025246266215037772,False,PLACEMENT_TARGET_NOT_REACHED,True,True,True,True,489,True,False,0,0.11978251859545708,0.025246266215037772,"[0.0,0.0,0.6278746128082275]",-3.7886484690816125e-07,0.0,0.0,failed,PLACEMENT_TARGET_NOT_REACHED,,,2,True,True,0.6449433508502181,False,False,disabled,0,0,0.0,False,,False,False,,False,False,,False,,5,0.14513191852423724,0.04999999888241291,True,0.025238439833236672,0.8484980957219769,"[0.01916489005088806,0.016420938074588776,2.7939677238464355e-08]",True,800,"[0.005532152950763702,0.021523401141166687,0.0004469826817512512]","[0.2672281253908295,-0.09854330797679722,0.04051564542169217]",0.025238439833236672,0.8484980957219769,True,False,False,,0.025246266215037772,True,True,True,True,-3.7886484690816125e-07,0.07999992370605469,0,461,privileged_state_simulator_reference_agreement,True,800,0,459,0,2,339,0,1.0,0.9956616052060737,1.0,1.0,339,,,,,,,,,,,340,PLACEMENT_TARGET_NOT_REACHED,342,PLACEMENT_TARGET_NOT_REACHED,2,459
299,179,v2,force-probe-3,2.9026384353637695,0,800,False,False,,6.291175649035722,True,465,True,True,True,0.0018899592032879707,True,,True,True,True,True,340,True,False,340,0.11978251859545708,0.0018899592032879707,"[0.0,0.0,0.627849817276001]",-4.3413137183409556e-07,0.0,0.0,passed,,,,2,False,True,1.1111928195320804,False,False,attempt_complete,1,128,0.46454499898358076,True,434,False,True,435,True,True,445,True,,5,0.14513191852423724,0.04999999888241291,True,0.032694657995194144,0.8484980957219769,"[0.0016271919012069702,0.0009946897625923157,-2.0489096641540527e-08]",True,342,"[0.005532152950763702,0.021523401141166687,0.0004469826817512512]","[0.2672281253908295,-0.09854330797679722,0.04051564542169217]",0.025238439833236672,0.8484980957219769,True,True,True,,0.0018899592032879707,True,True,True,True,-4.3413137183409556e-07,0.0799998864531517,340,0,privileged_state_simulator_reference_agreement,True,800,0,1,0,2,797,0,1.0,0.3333333333333333,1.0,1.0,797,PLACEMENT_TARGET_NOT_REACHED,342,343,settle,5,400,0,0.09923589415848255,,"[-0.07582250237464905,-0.07586844265460968,0.01999993436038494]",340,PLACEMENT_TARGET_NOT_REACHED,342,PLACEMENT_TARGET_NOT_REACHED,2,1
300,160,baseline,force-probe-4,3.628298044204712,0,800,False,False,,6.106945222942159,True,316,True,True,True,0.01961970047730464,True,,True,True,True,True,489,True,False,489,0.11970184370875359,0.01961970047730464,"[0.0,0.0,0.627837598323822]",-4.3563597457510483e-07,0.0,0.0,disabled,,,,,True,True,0.6977434960155179,False,False,disabled,0,0,0.0,False,,False,False,,False,False,,False,,5,0.18141489815529654,0.04999999888241291,True,0.020696287192406636,1.0752164394777852,"[0.001201387494802475,0.01975102163851261,0.0]",True,800,"[-8.075311779975891e-05,0.020696129649877548,0.0016235187649726868]","[0.14263020252110437,0.15135755884693936,-0.0018786449363688007]",0.020696287192406636,1.0752164394777852,True,False,,,,,,,,,,,,,,,,,,,,,,,,,,,,,,,,,,,,,,,,,
301,160,v1,force-probe-4,3.628298044204712,0,800,False,False,,5.918350396910682,True,316,True,True,True,0.01961970047730464,True,,True,True,True,True,489,True,False,489,0.11970184370875359,0.01961970047730464,"[0.0,0.0,0.627837598323822]",-4.3563597457510483e-07,0.0,0.0,passed,,,,,True,True,0.6977434960155179,False,False,disabled,0,0,0.0,False,,False,False,,False,False,,False,,5,0.18141489815529654,0.04999999888241291,True,0.020696287192406636,1.0752164394777852,"[0.001201387494802475,0.01975102163851261,0.0]",True,800,"[-8.075311779975891e-05,0.020696129649877548,0.0016235187649726868]","[0.14263020252110437,0.15135755884693936,-0.0018786449363688007]",0.020696287192406636,1.0752164394777852,True,False,True,,0.01961970047730464,True,True,True,True,-4.3563597457510483e-07,0.07999994978308678,489,0,privileged_state_simulator_reference_agreement,True,800,0,0,0,0,800,0,,,,1.0,800,,,,,,,,,,,,,,,,
302,160,v2,force-probe-4,3.628298044204712,0,800,False,False,,6.217900848016143,True,316,True,True,True,0.01961970047730464,True,,True,True,True,True,489,True,False,489,0.11970184370875359,0.01961970047730464,"[0.0,0.0,0.627837598323822]",-4.3563597457510483e-07,0.0,0.0,passed,,,,,True,True,0.6977434960155179,False,False,nominal,0,0,0.0,False,,False,False,,False,False,,False,,5,0.18141489815529654,0.04999999888241291,True,0.020696287192406636,1.0752164394777852,"[0.001201387494802475,0.01975102163851261,0.0]",True,800,"[-8.075311779975891e-05,0.020696129649877548,0.0016235187649726868]","[0.14263020252110437,0.15135755884693936,-0.0018786449363688007]",0.020696287192406636,1.0752164394777852,True,False,True,,0.01961970047730464,True,True,True,True,-4.3563597457510483e-07,0.07999994978308678,489,0,privileged_state_simulator_reference_agreement,True,800,0,0,0,0,800,0,,,,1.0,800,,,,,0,400,0,0.0,,,,,,,,
303,161,baseline,force-probe-4,3.628298044204712,0,800,False,False,,5.851934181060642,False,,True,True,True,0.2699347502004175,False,PLACEMENT_TARGET_NOT_REACHED,True,True,True,True,489,True,False,0,0.11978517100214958,0.2699347502004175,"[0.0,0.0,0.6278400421142578]",-3.777558132897485e-07,0.0,0.0,disabled,,,,,True,True,0.7459024542214501,False,False,disabled,0,0,0.0,False,,False,False,,False,False,,False,,5,0.18141489815529654,0.04999999888241291,True,0.2696976246444258,1.1207207677610387,"[-0.1323206890374422,0.23500597290694714,-9.499490261077881e-08]",False,800,"[-0.01689789490774274,0.04072449170053005,2.868473529815674e-07]","[-0.580982838946511,0.9583509317308199,-0.0006330185133265331]",0.2696976246444258,1.1207207677610387,False,False,,,,,,,,,,,,,,,,,,,,,,,,,,,,,,,,,,,,340,PLACEMENT_TARGET_NOT_REACHED,,,,
304,161,v1,force-probe-4,3.628298044204712,0,800,False,False,,6.083604525076225,False,,True,True,True,0.2699347502004175,False,PLACEMENT_TARGET_NOT_REACHED,True,True,True,True,489,True,False,0,0.11978517100214958,0.2699347502004175,"[0.0,0.0,0.6278400421142578]",-3.777558132897485e-07,0.0,0.0,failed,PLACEMENT_TARGET_NOT_REACHED,,,2,True,True,0.7459024542214501,False,False,disabled,0,0,0.0,False,,False,False,,False,False,,False,,5,0.18141489815529654,0.04999999888241291,True,0.2696976246444258,1.1207207677610387,"[-0.1323206890374422,0.23500597290694714,-9.499490261077881e-08]",False,800,"[-0.01689789490774274,0.04072449170053005,2.868473529815674e-07]","[-0.580982838946511,0.9583509317308199,-0.0006330185133265331]",0.2696976246444258,1.1207207677610387,False,False,False,,0.2699347502004175,True,True,True,True,-3.777558132897485e-07,0.07999993860721588,0,461,privileged_state_simulator_reference_agreement,True,800,0,459,0,2,339,0,1.0,0.9956616052060737,1.0,1.0,339,,,,,,,,,,,340,PLACEMENT_TARGET_NOT_REACHED,342,PLACEMENT_TARGET_NOT_REACHED,2,459
305,161,v2,force-probe-4,3.628298044204712,0,800,False,False,,6.237014437094331,True,563,True,True,True,0.003498278405448576,True,,True,True,True,True,242,True,False,242,0.11978517100214958,0.003498278405448576,"[0.0,0.0,0.6278427839279175]",-4.156296763251077e-07,0.0,0.0,passed,,,,2,False,True,1.7000744690531826,False,False,attempt_complete,1,227,0.9532973096523429,True,532,False,True,533,True,True,543,True,,5,0.18141489815529654,0.04999999888241291,True,0.27093118604937116,1.1207207677610387,"[-0.002068782225251198,0.002522505819797516,-1.1920928955078125e-07]",True,342,"[-0.01689789490774274,0.04072449170053005,2.868473529815674e-07]","[-0.580982838946511,0.9583509317308199,-0.0006330185133265331]",0.2696976246444258,1.1207207677610387,False,True,True,,0.003498278405448576,True,True,True,True,-4.156296763251077e-07,0.0799998939037323,242,0,privileged_state_simulator_reference_agreement,True,800,0,1,0,2,797,0,1.0,0.3333333333333333,1.0,1.0,797,PLACEMENT_TARGET_NOT_REACHED,342,343,settle,5,400,0,0.10500048473477364,,"[-0.11051461845636368,0.20871058106422424,0.019999932497739792]",340,PLACEMENT_TARGET_NOT_REACHED,342,PLACEMENT_TARGET_NOT_REACHED,2,1
306,162,baseline,force-probe-4,3.628298044204712,0,800,False,False,,5.821534428047016,False,,True,True,True,0.03190263396203411,False,PLACEMENT_TARGET_NOT_REACHED,True,True,True,True,489,True,False,0,0.11971185728907585,0.03190263396203411,"[0.0,0.0,0.6278402805328369]",-2.72811497101233e-07,0.0,0.0,disabled,,,,,True,True,0.7271967062219302,False,False,disabled,0,0,0.0,False,,False,False,,False,False,,False,,5,0.18141489815529654,0.04999999888241291,True,0.03213643383675619,1.0746390022323467,"[0.01783422753214836,0.026733585633337498,7.636845111846924e-08]",True,800,"[0.005495883524417877,0.021519847214221954,0.0017753727734088898]","[0.2106979159580078,0.15324201874318533,0.07593788533995394]",0.03213643383675619,1.0746390022323467,True,False,,,,,,,,,,,,,,,,,,,,,,,,,,,,,,,,,,,,340,PLACEMENT_TARGET_NOT_REACHED,,,,
307,162,v1,force-probe-4,3.628298044204712,0,800,False,False,,6.134538501966745,False,,True,True,True,0.03190263396203411,False,PLACEMENT_TARGET_NOT_REACHED,True,True,True,True,489,True,False,0,0.11971185728907585,0.03190263396203411,"[0.0,0.0,0.6278402805328369]",-2.72811497101233e-07,0.0,0.0,failed,PLACEMENT_TARGET_NOT_REACHED,,,2,True,True,0.7271967062219302,False,False,disabled,0,0,0.0,False,,False,False,,False,False,,False,,5,0.18141489815529654,0.04999999888241291,True,0.03213643383675619,1.0746390022323467,"[0.01783422753214836,0.026733585633337498,7.636845111846924e-08]",True,800,"[0.005495883524417877,0.021519847214221954,0.0017753727734088898]","[0.2106979159580078,0.15324201874318533,0.07593788533995394]",0.03213643383675619,1.0746390022323467,True,False,False,,0.03190263396203411,True,True,True,True,-2.72811497101233e-07,0.07999996095895767,0,461,privileged_state_simulator_reference_agreement,True,800,0,459,0,2,339,0,1.0,0.9956616052060737,1.0,1.0,339,,,,,,,,,,,340,PLACEMENT_TARGET_NOT_REACHED,342,PLACEMENT_TARGET_NOT_REACHED,2,459
308,162,v2,force-probe-4,3.628298044204712,0,800,False,False,,6.149699537083507,True,475,True,True,True,0.0023495854865380915,True,,True,True,True,True,330,True,False,330,0.11971185728907585,0.0023495854865380915,"[0.0,0.0,0.6278743147850037]",-2.3859796963524027e-07,0.0,0.0,passed,,,,2,False,True,1.2017556261728566,False,False,attempt_complete,1,139,0.47370496395685147,True,444,False,True,445,True,True,455,True,,5,0.18141489815529654,0.04999999888241291,True,0.03817606144325052,1.0746390022323467,"[0.0012176595628261566,0.0022626440040767193,6.891787052154541e-08]",True,342,"[0.005495883524417877,0.021519847214221954,0.0017753727734088898]","[0.2106979159580078,0.15324201874318533,0.07593788533995394]",0.03213643383675619,1.0746390022323467,True,True,True,,0.0023495854865380915,True,True,True,True,-2.3859796963524027e-07,0.0799999088048935,330,0,privileged_state_simulator_reference_agreement,True,800,0,1,0,2,797,0,1.0,0.3333333333333333,1.0,1.0,797,PLACEMENT_TARGET_NOT_REACHED,342,343,settle,5,400,0,0.09874671138823032,,"[0.04920492321252823,0.020712705329060555,0.019999993965029716]",340,PLACEMENT_TARGET_NOT_REACHED,342,PLACEMENT_TARGET_NOT_REACHED,2,1
309,163,baseline,force-probe-4,3.628298044204712,0,800,False,False,,5.8577020931988955,True,316,True,True,True,0.020415208405826616,True,,True,True,True,True,489,True,False,489,0.11969823762774467,0.020415208405826616,"[0.0,0.0,0.6278390884399414]",-4.333238069267886e-07,0.0,0.0,disabled,,,,,True,True,0.739961184677099,False,False,disabled,0,0,0.0,False,,False,False,,False,False,,False,,5,0.18141489815529654,0.04999999888241291,True,0.02030461586341984,1.0746276708934452,"[-0.0009379610419273376,0.020178794860839844,1.6763806343078613e-08]",True,800,"[-0.0007788147777318954,0.020262837409973145,0.001957915723323822]","[-0.01696798126795329,0.09210700332187116,0.09788198462047148]",0.02030461586341984,1.0746276708934452,True,False,,,,,,,,,,,,,,,,,,,,,,,,,,,,,,,,,,,,,,,,,
310,163,v1,force-probe-4,3.628298044204712,0,800,False,False,,6.0917916260659695,True,316,True,True,True,0.020415208405826616,True,,True,True,True,True,489,True,False,489,0.11969823762774467,0.020415208405826616,"[0.0,0.0,0.6278390884399414]",-4.333238069267886e-07,0.0,0.0,passed,,,,,True,True,0.739961184677099,False,False,disabled,0,0,0.0,False,,False,False,,False,False,,False,,5,0.18141489815529654,0.04999999888241291,True,0.02030461586341984,1.0746276708934452,"[-0.0009379610419273376,0.020178794860839844,1.6763806343078613e-08]",True,800,"[-0.0007788147777318954,0.020262837409973145,0.001957915723323822]","[-0.01696798126795329,0.09210700332187116,0.09788198462047148]",0.02030461586341984,1.0746276708934452,True,False,True,,0.020415208405826616,True,True,True,True,-4.333238069267886e-07,0.07999994605779648,489,0,privileged_state_simulator_reference_agreement,True,800,0,0,0,0,800,0,,,,1.0,800,,,,,,,,,,,,,,,,
311,163,v2,force-probe-4,3.628298044204712,0,800,False,False,,6.079868210013956,True,316,True,True,True,0.020415208405826616,True,,True,True,True,True,489,True,False,489,0.11969823762774467,0.020415208405826616,"[0.0,0.0,0.6278390884399414]",-4.333238069267886e-07,0.0,0.0,passed,,,,,True,True,0.739961184677099,False,False,nominal,0,0,0.0,False,,False,False,,False,False,,False,,5,0.18141489815529654,0.04999999888241291,True,0.02030461586341984,1.0746276708934452,"[-0.0009379610419273376,0.020178794860839844,1.6763806343078613e-08]",True,800,"[-0.0007788147777318954,0.020262837409973145,0.001957915723323822]","[-0.01696798126795329,0.09210700332187116,0.09788198462047148]",0.02030461586341984,1.0746276708934452,True,False,True,,0.020415208405826616,True,True,True,True,-4.333238069267886e-07,0.07999994605779648,489,0,privileged_state_simulator_reference_agreement,True,800,0,0,0,0,800,0,,,,1.0,800,,,,,0,400,0,0.0,,,,,,,,
312,164,baseline,force-probe-4,3.628298044204712,0,800,False,False,,5.960366774117574,True,316,True,True,True,0.021238053675216955,True,,True,True,True,True,489,True,False,489,0.1197037361562252,0.021238053675216955,"[0.0,0.0,0.6278405785560608]",-4.0910207082731076e-07,0.0,0.0,disabled,,,,,True,True,0.6727193034116951,False,False,disabled,0,0,0.0,False,,False,False,,False,False,,False,,5,0.18141489815529654,0.04999999888241291,True,0.021385273876242648,1.075201178628246,"[-0.0015460194190382026,0.021304991096258163,7.450580596923828e-09]",True,800,"[-0.002191137056797743,0.0211551021784544,0.002360505983233452]","[0.09285451463074423,0.16554383729817346,0.1986195348581532]",0.021385273876242648,1.075201178628246,True,False,,,,,,,,,,,,,,,,,,,,,,,,,,,,,,,,,,,,,,,,,
313,164,v1,force-probe-4,3.628298044204712,0,800,False,False,,6.0720432861708105,True,316,True,True,True,0.021238053675216955,True,,True,True,True,True,489,True,False,489,0.1197037361562252,0.021238053675216955,"[0.0,0.0,0.6278405785560608]",-4.0910207082731076e-07,0.0,0.0,passed,,,,,True,True,0.6727193034116951,False,False,disabled,0,0,0.0,False,,False,False,,False,False,,False,,5,0.18141489815529654,0.04999999888241291,True,0.021385273876242648,1.075201178628246,"[-0.0015460194190382026,0.021304991096258163,7.450580596923828e-09]",True,800,"[-0.002191137056797743,0.0211551021784544,0.002360505983233452]","[0.09285451463074423,0.16554383729817346,0.1986195348581532]",0.021385273876242648,1.075201178628246,True,False,True,,0.021238053675216955,True,True,True,True,-4.0910207082731076e-07,0.07999994605779648,489,0,privileged_state_simulator_reference_agreement,True,800,0,0,0,0,800,0,,,,1.0,800,,,,,,,,,,,,,,,,
314,164,v2,force-probe-4,3.628298044204712,0,800,False,False,,5.9996777509804815,True,316,True,True,True,0.021238053675216955,True,,True,True,True,True,489,True,False,489,0.1197037361562252,0.021238053675216955,"[0.0,0.0,0.6278405785560608]",-4.0910207082731076e-07,0.0,0.0,passed,,,,,True,True,0.6727193034116951,False,False,nominal,0,0,0.0,False,,False,False,,False,False,,False,,5,0.18141489815529654,0.04999999888241291,True,0.021385273876242648,1.075201178628246,"[-0.0015460194190382026,0.021304991096258163,7.450580596923828e-09]",True,800,"[-0.002191137056797743,0.0211551021784544,0.002360505983233452]","[0.09285451463074423,0.16554383729817346,0.1986195348581532]",0.021385273876242648,1.075201178628246,True,False,True,,0.021238053675216955,True,True,True,True,-4.0910207082731076e-07,0.07999994605779648,489,0,privileged_state_simulator_reference_agreement,True,800,0,0,0,0,800,0,,,,1.0,800,,,,,0,400,0,0.0,,,,,,,,
315,165,baseline,force-probe-4,3.628298044204712,0,800,False,False,,5.943677250994369,False,,True,True,True,0.15071435199143926,False,PLACEMENT_TARGET_NOT_REACHED,True,True,True,True,489,True,False,0,0.1197097860276699,0.15071435199143926,"[0.0,0.0,0.627878725528717]",-4.515847109587412e-07,0.0,0.0,disabled,,,,,True,True,0.6231893610107778,False,False,disabled,0,0,0.0,False,,False,False,,False,False,,False,,5,0.18141489815529654,0.04999999888241291,True,0.15071186458234315,1.07507694664217,"[-0.08732474315911531,0.12283394485712051,-3.725290298461914e-09]",True,800,"[-0.01226308848708868,0.029858633875846863,0.0027117133140563965]","[-0.4325259465840645,0.5498647654603701,0.14569288319034968]",0.15071186458234315,1.07507694664217,True,False,,,,,,,,,,,,,,,,,,,,,,,,,,,,,,,,,,,,340,PLACEMENT_TARGET_NOT_REACHED,,,,
316,165,v1,force-probe-4,3.628298044204712,0,800,False,False,,6.054043210111558,False,,True,True,True,0.15071435199143926,False,PLACEMENT_TARGET_NOT_REACHED,True,True,True,True,489,True,False,0,0.1197097860276699,0.15071435199143926,"[0.0,0.0,0.627878725528717]",-4.515847109587412e-07,0.0,0.0,failed,PLACEMENT_TARGET_NOT_REACHED,,,2,True,True,0.6231893610107778,False,False,disabled,0,0,0.0,False,,False,False,,False,False,,False,,5,0.18141489815529654,0.04999999888241291,True,0.15071186458234315,1.07507694664217,"[-0.08732474315911531,0.12283394485712051,-3.725290298461914e-09]",True,800,"[-0.01226308848708868,0.029858633875846863,0.0027117133140563965]","[-0.4325259465840645,0.5498647654603701,0.14569288319034968]",0.15071186458234315,1.07507694664217,True,False,False,,0.15071435199143926,True,True,True,True,-4.515847109587412e-07,0.07999992743134499,0,461,privileged_state_simulator_reference_agreement,True,800,0,459,0,2,339,0,1.0,0.9956616052060737,1.0,1.0,339,,,,,,,,,,,340,PLACEMENT_TARGET_NOT_REACHED,342,PLACEMENT_TARGET_NOT_REACHED,2,459
317,165,v2,force-probe-4,3.628298044204712,0,800,False,False,,6.20400688610971,True,515,True,True,True,0.0030153616006592314,True,,True,True,True,True,290,True,False,290,0.1197097860276699,0.0030153616006592314,"[0.0,0.0,0.6278405785560608]",-4.2552484650487665e-07,0.0,0.0,passed,,,,2,False,True,1.3388436980511194,False,False,attempt_complete,1,179,0.7147812995884947,True,484,False,True,485,True,True,495,True,,5,0.18141489815529654,0.04999999888241291,True,0.15161324686595126,1.07507694664217,"[-0.002623222768306732,0.0009703859686851501,3.3527612686157227e-08]",True,342,"[-0.01226308848708868,0.029858633875846863,0.0027117133140563965]","[-0.4325259465840645,0.5498647654603701,0.14569288319034968]",0.15071186458234315,1.07507694664217,True,True,True,,0.0030153616006592314,True,True,True,True,-4.2552484650487665e-07,0.07999995350837708,290,0,privileged_state_simulator_reference_agreement,True,800,0,1,0,2,797,0,1.0,0.3333333333333333,1.0,1.0,797,PLACEMENT_TARGET_NOT_REACHED,342,343,settle,5,400,0,0.10543054714798927,,"[-0.09984275698661804,0.19859528541564941,0.019999902695417404]",340,PLACEMENT_TARGET_NOT_REACHED,342,PLACEMENT_TARGET_NOT_REACHED,2,1
318,166,baseline,force-probe-4,3.628298044204712,0,800,False,False,,5.824239130830392,False,,True,True,True,0.15762240422808865,False,PLACEMENT_TARGET_NOT_REACHED,True,True,True,True,489,True,False,0,0.11973297223448753,0.15762240422808865,"[0.0,0.0,0.6278214454650879]",-4.7001832811921496e-07,0.0,0.0,disabled,,,,,True,True,0.7136501800829317,False,False,disabled,0,0,0.0,False,,False,False,,False,False,,False,,5,0.18141489815529654,0.04999999888241291,True,0.1573823201298438,1.07509316227137,"[-0.09175991639494896,0.12786349654197693,-1.3224780559539795e-07]",True,800,"[-0.012431982904672623,0.029485180974006653,0.0025371089577674866]","[-0.4415556022286182,0.5557262280781288,0.1932844973198371]",0.1573823201298438,1.07509316227137,True,False,,,,,,,,,,,,,,,,,,,,,,,,,,,,,,,,,,,,340,PLACEMENT_TARGET_NOT_REACHED,,,,
319,166,v1,force-probe-4,3.628298044204712,0,800,False,False,,6.086388944881037,False,,True,True,True,0.15762240422808865,False,PLACEMENT_TARGET_NOT_REACHED,True,True,True,True,489,True,False,0,0.11973297223448753,0.15762240422808865,"[0.0,0.0,0.6278214454650879]",-4.7001832811921496e-07,0.0,0.0,failed,PLACEMENT_TARGET_NOT_REACHED,,,2,True,True,0.7136501800829317,False,False,disabled,0,0,0.0,False,,False,False,,False,False,,False,,5,0.18141489815529654,0.04999999888241291,True,0.1573823201298438,1.07509316227137,"[-0.09175991639494896,0.12786349654197693,-1.3224780559539795e-07]",True,800,"[-0.012431982904672623,0.029485180974006653,0.0025371089577674866]","[-0.4415556022286182,0.5557262280781288,0.1932844973198371]",0.1573823201298438,1.07509316227137,True,False,False,,0.15762240422808865,True,True,True,True,-4.7001832811921496e-07,0.07999993488192558,0,461,privileged_state_simulator_reference_agreement,True,800,0,459,0,2,339,0,1.0,0.9956616052060737,1.0,1.0,339,,,,,,,,,,,340,PLACEMENT_TARGET_NOT_REACHED,342,PLACEMENT_TARGET_NOT_REACHED,2,459
320,166,v2,force-probe-4,3.628298044204712,0,800,False,False,,6.182541280053556,True,513,True,True,True,0.002967505661230243,True,,True,True,True,True,292,True,False,292,0.11973297223448753,0.002967505661230243,"[0.0,0.0,0.6278552412986755]",-3.8678748383313977e-07,0.0,0.0,passed,,,,2,False,True,1.4424688972795177,False,False,attempt_complete,1,177,0.7279059003417118,True,482,False,True,483,True,True,493,True,,5,0.18141489815529654,0.04999999888241291,True,0.15840455757694885,1.07509316227137,"[-0.00275488942861557,0.0003965795040130615,-9.313225746154785e-08]",True,342,"[-0.012431982904672623,0.029485180974006653,0.0025371089577674866]","[-0.4415556022286182,0.5557262280781288,0.1932844973198371]",0.1573823201298438,1.07509316227137,True,True,True,,0.002967505661230243,True,True,True,True,-3.8678748383313977e-07,0.07999992743134499,292,0,privileged_state_simulator_reference_agreement,True,800,0,1,0,2,797,0,1.0,0.3333333333333333,1.0,1.0,797,PLACEMENT_TARGET_NOT_REACHED,342,343,settle,5,400,0,0.10386720485985279,,"[-0.030335668474435806,0.1913100779056549,0.019999897107481956]",340,PLACEMENT_TARGET_NOT_REACHED,342,PLACEMENT_TARGET_NOT_REACHED,2,1
321,167,baseline,force-probe-4,3.628298044204712,0,800,False,False,,5.816874569980428,False,,True,True,True,0.19809131891438875,False,PLACEMENT_TARGET_NOT_REACHED,True,True,True,True,489,True,False,0,0.11981472000479698,0.19809131891438875,"[0.0,0.0,0.627822756767273]",-4.474931365183732e-07,0.0,0.0,disabled,,,,,True,True,0.824143641782521,False,False,disabled,0,0,0.0,False,,False,False,,False,False,,False,,5,0.18141489815529654,0.04999999888241291,True,0.19826476419985212,1.0753185923752022,"[0.11801833286881447,0.15931189060211182,-1.1175870895385742e-08]",True,800,"[0.01368696242570877,0.032210879027843475,0.0014523733407258987]","[0.55925170876435,0.6297080548247322,0.07783505987026729]",0.19826476419985212,1.0753185923752022,True,False,,,,,,,,,,,,,,,,,,,,,,,,,,,,,,,,,,,,340,PLACEMENT_TARGET_NOT_REACHED,,,,
322,167,v1,force-probe-4,3.628298044204712,0,800,False,False,,5.968551827128977,False,,True,True,True,0.19809131891438875,False,PLACEMENT_TARGET_NOT_REACHED,True,True,True,True,489,True,False,0,0.11981472000479698,0.19809131891438875,"[0.0,0.0,0.627822756767273]",-4.474931365183732e-07,0.0,0.0,failed,PLACEMENT_TARGET_NOT_REACHED,,,2,True,True,0.824143641782521,False,False,disabled,0,0,0.0,False,,False,False,,False,False,,False,,5,0.18141489815529654,0.04999999888241291,True,0.19826476419985212,1.0753185923752022,"[0.11801833286881447,0.15931189060211182,-1.1175870895385742e-08]",True,800,"[0.01368696242570877,0.032210879027843475,0.0014523733407258987]","[0.55925170876435,0.6297080548247322,0.07783505987026729]",0.19826476419985212,1.0753185923752022,True,False,False,,0.19809131891438875,True,True,True,True,-4.474931365183732e-07,0.07999991625547409,0,461,privileged_state_simulator_reference_agreement,True,800,0,459,0,2,339,0,1.0,0.9956616052060737,1.0,1.0,339,,,,,,,,,,,340,PLACEMENT_TARGET_NOT_REACHED,342,PLACEMENT_TARGET_NOT_REACHED,2,459
323,167,v2,force-probe-4,3.628298044204712,0,800,False,False,,6.220253926003352,True,532,True,True,True,0.0018067953071546968,True,,True,True,True,True,273,True,False,273,0.11981472000479698,0.0018067953071546968,"[0.0,0.0,0.6278437376022339]",-4.543284457050878e-07,0.0,0.0,passed,,,,2,False,True,1.6337322657082216,False,False,attempt_complete,1,196,0.8087088184491246,True,501,False,True,502,True,True,512,True,,5,0.18141489815529654,0.04999999888241291,True,0.20347888711417678,1.0753185923752022,"[0.001669192686676979,0.0011040717363357544,-2.9802322387695312e-08]",True,342,"[0.01368696242570877,0.032210879027843475,0.0014523733407258987]","[0.55925170876435,0.6297080548247322,0.07783505987026729]",0.19826476419985212,1.0753185923752022,True,True,True,,0.0018067953071546968,True,True,True,True,-4.543284457050878e-07,0.07999993115663528,273,0,privileged_state_simulator_reference_agreement,True,800,0,1,0,2,797,0,1.0,0.3333333333333333,1.0,1.0,797,PLACEMENT_TARGET_NOT_REACHED,342,343,settle,5,400,0,0.10338477604091167,,"[0.08652973920106888,0.06386205554008484,0.019999908283352852]",340,PLACEMENT_TARGET_NOT_REACHED,342,PLACEMENT_TARGET_NOT_REACHED,2,1
324,168,baseline,force-probe-4,3.628298044204712,0,800,False,False,,5.921569788828492,False,,True,True,True,0.15000094529961966,False,PLACEMENT_TARGET_NOT_REACHED,True,True,True,True,489,True,False,0,0.11978715285658836,0.15000094529961966,"[0.0,0.0,0.6278381943702698]",-4.7226014535106664e-07,0.0,0.0,disabled,,,,,True,True,0.6291722952240507,False,False,disabled,0,0,0.0,False,,False,False,,False,False,,False,,5,0.18141489815529654,0.04999999888241291,True,0.14977254363682116,1.075164920762192,"[-0.08477351814508438,0.1234717145562172,-1.4901161193847656e-07]",True,800,"[-0.012368828058242798,0.029435988515615463,0.00296596996486187]","[-0.4307378276716918,0.5479072943271603,0.1753445319045568]",0.14977254363682116,1.075164920762192,True,False,,,,,,,,,,,,,,,,,,,,,,,,,,,,,,,,,,,,340,PLACEMENT_TARGET_NOT_REACHED,,,,
325,168,v1,force-probe-4,3.628298044204712,0,800,False,False,,6.025995037984103,False,,True,True,True,0.15000094529961966,False,PLACEMENT_TARGET_NOT_REACHED,True,True,True,True,489,True,False,0,0.11978715285658836,0.15000094529961966,"[0.0,0.0,0.6278381943702698]",-4.7226014535106664e-07,0.0,0.0,failed,PLACEMENT_TARGET_NOT_REACHED,,,2,True,True,0.6291722952240507,False,False,disabled,0,0,0.0,False,,False,False,,False,False,,False,,5,0.18141489815529654,0.04999999888241291,True,0.14977254363682116,1.075164920762192,"[-0.08477351814508438,0.1234717145562172,-1.4901161193847656e-07]",True,800,"[-0.012368828058242798,0.029435988515615463,0.00296596996486187]","[-0.4307378276716918,0.5479072943271603,0.1753445319045568]",0.14977254363682116,1.075164920762192,True,False,False,,0.15000094529961966,True,True,True,True,-4.7226014535106664e-07,0.07999992370605469,0,461,privileged_state_simulator_reference_agreement,True,800,0,459,0,2,339,0,1.0,0.9956616052060737,1.0,1.0,339,,,,,,,,,,,340,PLACEMENT_TARGET_NOT_REACHED,342,PLACEMENT_TARGET_NOT_REACHED,2,459
326,168,v2,force-probe-4,3.628298044204712,0,800,False,False,,6.208509427960962,True,510,True,True,True,0.004267531910510874,True,,True,True,True,True,295,True,False,295,0.11978715285658836,0.004267531910510874,"[0.0,0.0,0.627841055393219]",-4.1302509332791226e-07,0.0,0.0,passed,,,,2,False,True,1.3418322806554213,False,False,attempt_complete,1,173,0.7109455682915123,True,479,False,True,480,True,True,490,True,,5,0.18141489815529654,0.04999999888241291,True,0.15140722692157774,1.075164920762192,"[-0.004134073853492737,0.00021230429410934448,-1.0244548320770264e-07]",True,342,"[-0.012368828058242798,0.029435988515615463,0.00296596996486187]","[-0.4307378276716918,0.5479072943271603,0.1753445319045568]",0.14977254363682116,1.075164920762192,True,True,True,,0.004267531910510874,True,True,True,True,-4.1302509332791226e-07,0.07999994605779648,295,0,privileged_state_simulator_reference_agreement,True,800,0,1,0,2,797,0,1.0,0.3333333333333333,1.0,1.0,797,PLACEMENT_TARGET_NOT_REACHED,342,343,settle,5,400,0,0.10864860936999321,,"[-0.18111552298069,0.10348358750343323,0.019999880343675613]",340,PLACEMENT_TARGET_NOT_REACHED,342,PLACEMENT_TARGET_NOT_REACHED,2,1
327,169,baseline,force-probe-4,3.628298044204712,0,800,False,False,,5.829627664992586,True,316,True,True,True,0.01996566099443248,True,,True,True,True,True,489,True,False,489,0.11975259706377983,0.01996566099443248,"[0.0,0.0,0.6277488470077515]",-4.4050701088552136e-07,0.0,0.0,disabled,,,,,True,True,0.6134373671064021,False,False,disabled,0,0,0.0,False,,False,False,,False,False,,False,,5,0.18141489815529654,0.04999999888241291,True,0.021067336547262464,1.0751982052271845,"[0.000344984233379364,0.020091049373149872,7.450580596923828e-09]",True,800,"[-0.0018666386604309082,0.020984478294849396,0.0023614559322595596]","[0.12655193894170225,0.1548619965906255,0.0706399441260146]",0.021067336547262464,1.0751982052271845,True,False,,,,,,,,,,,,,,,,,,,,,,,,,,,,,,,,,,,,,,,,,
328,169,v1,force-probe-4,3.628298044204712,0,800,False,False,,6.1445609300863,True,316,True,True,True,0.01996566099443248,True,,True,True,True,True,489,True,False,489,0.11975259706377983,0.01996566099443248,"[0.0,0.0,0.6277488470077515]",-4.4050701088552136e-07,0.0,0.0,passed,,,,,True,True,0.6134373671064021,False,False,disabled,0,0,0.0,False,,False,False,,False,False,,False,,5,0.18141489815529654,0.04999999888241291,True,0.021067336547262464,1.0751982052271845,"[0.000344984233379364,0.020091049373149872,7.450580596923828e-09]",True,800,"[-0.0018666386604309082,0.020984478294849396,0.0023614559322595596]","[0.12655193894170225,0.1548619965906255,0.0706399441260146]",0.021067336547262464,1.0751982052271845,True,False,True,,0.01996566099443248,True,True,True,True,-4.4050701088552136e-07,0.07999995350837708,489,0,privileged_state_simulator_reference_agreement,True,800,0,0,0,0,800,0,,,,1.0,800,,,,,,,,,,,,,,,,
329,169,v2,force-probe-4,3.628298044204712,0,800,False,False,,6.097471570130438,True,316,True,True,True,0.01996566099443248,True,,True,True,True,True,489,True,False,489,0.11975259706377983,0.01996566099443248,"[0.0,0.0,0.6277488470077515]",-4.4050701088552136e-07,0.0,0.0,passed,,,,,True,True,0.6134373671064021,False,False,nominal,0,0,0.0,False,,False,False,,False,False,,False,,5,0.18141489815529654,0.04999999888241291,True,0.021067336547262464,1.0751982052271845,"[0.000344984233379364,0.020091049373149872,7.450580596923828e-09]",True,800,"[-0.0018666386604309082,0.020984478294849396,0.0023614559322595596]","[0.12655193894170225,0.1548619965906255,0.0706399441260146]",0.021067336547262464,1.0751982052271845,True,False,True,,0.01996566099443248,True,True,True,True,-4.4050701088552136e-07,0.07999995350837708,489,0,privileged_state_simulator_reference_agreement,True,800,0,0,0,0,800,0,,,,1.0,800,,,,,0,400,0,0.0,,,,,,,,
330,170,baseline,force-probe-4,3.628298044204712,0,800,False,False,,5.883590192068368,True,316,True,True,True,0.020414981231391762,True,,True,True,True,True,489,True,False,489,0.11973616108298302,0.020414981231391762,"[0.0,0.0,0.6278216242790222]",-4.491813884767437e-07,0.0,0.0,disabled,,,,,True,True,0.7622064680185604,False,False,disabled,0,0,0.0,False,,False,False,,False,False,,False,,5,0.18141489815529654,0.04999999888241291,True,0.020603220262413714,1.0752665125368563,"[-0.0007900930941104889,0.02011895179748535,1.30385160446167e-08]",True,800,"[-0.000710122287273407,0.02055555209517479,0.002012668177485466]","[-0.01754371408605948,0.11555840790970251,0.09745340066729113]",0.020603220262413714,1.0752665125368563,True,False,,,,,,,,,,,,,,,,,,,,,,,,,,,,,,,,,,,,,,,,,
331,170,v1,force-probe-4,3.628298044204712,0,800,False,False,,6.108325110049918,True,316,True,True,True,0.020414981231391762,True,,True,True,True,True,489,True,False,489,0.11973616108298302,0.020414981231391762,"[0.0,0.0,0.6278216242790222]",-4.491813884767437e-07,0.0,0.0,passed,,,,,True,True,0.7622064680185604,False,False,disabled,0,0,0.0,False,,False,False,,False,False,,False,,5,0.18141489815529654,0.04999999888241291,True,0.020603220262413714,1.0752665125368563,"[-0.0007900930941104889,0.02011895179748535,1.30385160446167e-08]",True,800,"[-0.000710122287273407,0.02055555209517479,0.002012668177485466]","[-0.01754371408605948,0.11555840790970251,0.09745340066729113]",0.020603220262413714,1.0752665125368563,True,False,True,,0.020414981231391762,True,True,True,True,-4.491813884767437e-07,0.07999994978308678,489,0,privileged_state_simulator_reference_agreement,True,800,0,0,0,0,800,0,,,,1.0,800,,,,,,,,,,,,,,,,
332,170,v2,force-probe-4,3.628298044204712,0,800,False,False,,6.123759733978659,True,316,True,True,True,0.020414981231391762,True,,True,True,True,True,489,True,False,489,0.11973616108298302,0.020414981231391762,"[0.0,0.0,0.6278216242790222]",-4.491813884767437e-07,0.0,0.0,passed,,,,,True,True,0.7622064680185604,False,False,nominal,0,0,0.0,False,,False,False,,False,False,,False,,5,0.18141489815529654,0.04999999888241291,True,0.020603220262413714,1.0752665125368563,"[-0.0007900930941104889,0.02011895179748535,1.30385160446167e-08]",True,800,"[-0.000710122287273407,0.02055555209517479,0.002012668177485466]","[-0.01754371408605948,0.11555840790970251,0.09745340066729113]",0.020603220262413714,1.0752665125368563,True,False,True,,0.020414981231391762,True,True,True,True,-4.491813884767437e-07,0.07999994978308678,489,0,privileged_state_simulator_reference_agreement,True,800,0,0,0,0,800,0,,,,1.0,800,,,,,0,400,0,0.0,,,,,,,,
333,171,baseline,force-probe-4,3.628298044204712,0,800,False,False,,5.88957693008706,True,317,True,True,True,0.02085927762852466,True,,True,True,True,True,488,True,False,488,0.11969780549407005,0.02085927762852466,"[0.0,0.0,0.6278247833251953]",-3.8550279073817917e-07,0.0,0.0,disabled,,,,,True,True,0.7742230209338347,False,False,disabled,0,0,0.0,False,,False,False,,False,False,,False,,5,0.18141489815529654,0.04999999888241291,True,0.020664463731116668,1.0746162253640095,"[4.737824201583862e-05,0.020638994872570038,3.5390257835388184e-08]",True,800,"[9.291991591453552e-05,0.02012372761964798,0.0018945056945085526]","[0.02579283990780823,0.11324647977016866,0.08673556362919044]",0.020664463731116668,1.0746162253640095,True,False,,,,,,,,,,,,,,,,,,,,,,,,,,,,,,,,,,,,,,,,,
334,171,v1,force-probe-4,3.628298044204712,0,800,False,False,,6.080309292068705,True,317,True,True,True,0.02085927762852466,True,,True,True,True,True,488,True,False,488,0.11969780549407005,0.02085927762852466,"[0.0,0.0,0.6278247833251953]",-3.8550279073817917e-07,0.0,0.0,passed,,,,,True,True,0.7742230209338347,False,False,disabled,0,0,0.0,False,,False,False,,False,False,,False,,5,0.18141489815529654,0.04999999888241291,True,0.020664463731116668,1.0746162253640095,"[4.737824201583862e-05,0.020638994872570038,3.5390257835388184e-08]",True,800,"[9.291991591453552e-05,0.02012372761964798,0.0018945056945085526]","[0.02579283990780823,0.11324647977016866,0.08673556362919044]",0.020664463731116668,1.0746162253640095,True,False,True,,0.02085927762852466,True,True,True,True,-3.8550279073817917e-07,0.07999994978308678,488,0,privileged_state_simulator_reference_agreement,True,800,0,0,0,0,800,0,,,,1.0,800,,,,,,,,,,,,,,,,
335,171,v2,force-probe-4,3.628298044204712,0,800,False,False,,6.180371922906488,True,317,True,True,True,0.02085927762852466,True,,True,True,True,True,488,True,False,488,0.11969780549407005,0.02085927762852466,"[0.0,0.0,0.6278247833251953]",-3.8550279073817917e-07,0.0,0.0,passed,,,,,True,True,0.7742230209338347,False,False,nominal,0,0,0.0,False,,False,False,,False,False,,False,,5,0.18141489815529654,0.04999999888241291,True,0.020664463731116668,1.0746162253640095,"[4.737824201583862e-05,0.020638994872570038,3.5390257835388184e-08]",True,800,"[9.291991591453552e-05,0.02012372761964798,0.0018945056945085526]","[0.02579283990780823,0.11324647977016866,0.08673556362919044]",0.020664463731116668,1.0746162253640095,True,False,True,,0.02085927762852466,True,True,True,True,-3.8550279073817917e-07,0.07999994978308678,488,0,privileged_state_simulator_reference_agreement,True,800,0,0,0,0,800,0,,,,1.0,800,,,,,0,400,0,0.0,,,,,,,,
336,172,baseline,force-probe-4,3.628298044204712,0,800,False,False,,5.9250574230682105,False,,True,False,True,0.45305426299034407,False,PLACEMENT_TARGET_NOT_REACHED,True,False,True,False,0,True,False,0,0.11970704421401024,0.45305426299034407,"[0.0,0.0,0.6278722882270813]",-3.67068102517798e-07,0.0,0.0,disabled,,,,,True,True,0.7694859020784794,False,False,disabled,0,0,0.0,False,,False,False,,False,False,,False,,5,0.18141489815529654,0.04999999888241291,True,0.4532609060226555,1.552603493683891,"[0.2700464092195034,0.36403342336416245,4.842877388000488e-08]",False,800,"[0.02261922135949135,0.04639657586812973,2.2351741790771484e-07]","[0.9551379639815423,1.2241284898336744,0.0001566481605550507]",0.4532609060226555,1.552603493683891,False,False,,,,,,,,,,,,,,,,,,,,,,,,,,,,,,,,,,,,340,PLACEMENT_TARGET_NOT_REACHED,,,,
337,172,v1,force-probe-4,3.628298044204712,0,800,False,False,,5.961049304809421,False,,True,False,True,0.45305426299034407,False,PLACEMENT_TARGET_NOT_REACHED,True,False,True,False,0,True,False,0,0.11970704421401024,0.45305426299034407,"[0.0,0.0,0.6278722882270813]",-3.67068102517798e-07,0.0,0.0,failed,PLACEMENT_TARGET_NOT_REACHED,,,2,True,True,0.7694859020784794,False,False,disabled,0,0,0.0,False,,False,False,,False,False,,False,,5,0.18141489815529654,0.04999999888241291,True,0.4532609060226555,1.552603493683891,"[0.2700464092195034,0.36403342336416245,4.842877388000488e-08]",False,800,"[0.02261922135949135,0.04639657586812973,2.2351741790771484e-07]","[0.9551379639815423,1.2241284898336744,0.0001566481605550507]",0.4532609060226555,1.552603493683891,False,False,False,,0.45305426299034407,True,False,True,True,-3.67068102517798e-07,0.07999993860721588,0,461,privileged_state_simulator_reference_agreement,True,800,0,459,0,2,339,0,1.0,0.9956616052060737,1.0,1.0,339,,,,,,,,,,,340,PLACEMENT_TARGET_NOT_REACHED,342,PLACEMENT_TARGET_NOT_REACHED,2,459
338,172,v2,force-probe-4,3.628298044204712,0,800,False,False,,6.089527426986024,False,,True,False,True,0.45305426299034407,False,PLACEMENT_TARGET_NOT_REACHED,True,False,True,False,0,True,False,0,0.11970704421401024,0.45305426299034407,"[0.0,0.0,0.6278722882270813]",-3.67068102517798e-07,0.0,0.0,failed,PLACEMENT_TARGET_NOT_REACHED,,,2,False,False,0.9423885989271842,False,False,aborted,1,63,0.17290405863130176,False,,False,False,,False,False,,False,,5,0.18141489815529654,0.04999999888241291,True,0.4532609060226555,1.552603493683891,"[0.2700464092195034,0.36403342336416245,4.842877388000488e-08]",False,342,"[0.02261922135949135,0.04639657586812973,2.2351741790771484e-07]","[0.9551379639815423,1.2241284898336744,0.0001566481605550507]",0.4532609060226555,1.552603493683891,False,True,False,,0.45305426299034407,True,False,True,True,-3.67068102517798e-07,0.07999948412179947,0,1,privileged_state_simulator_reference_agreement,True,800,0,2,0,2,796,0,1.0,0.5,1.0,1.0,796,PLACEMENT_TARGET_NOT_REACHED,342,343,approach,60,400,0,0.0,retry_approach_not_completed,"[0.32876676321029663,0.44994646310806274,0.019999949261546135]",340,PLACEMENT_TARGET_NOT_REACHED,342,PLACEMENT_TARGET_NOT_REACHED,2,2
339,173,baseline,force-probe-4,3.628298044204712,0,800,False,False,,5.81322441319935,False,,True,True,True,0.1140523192522749,False,PLACEMENT_TARGET_NOT_REACHED,True,True,True,True,489,True,False,0,0.1197843961417675,0.1140523192522749,"[0.0,0.0,0.6278377771377563]",-4.795182117246777e-07,0.0,0.0,disabled,,,,,True,True,0.7118954834431674,False,False,disabled,0,0,0.0,False,,False,False,,False,False,,False,,5,0.18141489815529654,0.04999999888241291,True,0.11377598004731632,1.0747753491233514,"[-0.06533660367131233,0.09314481914043427,-1.30385160446167e-08]",True,800,"[-0.011082176119089127,0.02687368541955948,0.0030093323439359665]","[-0.3817316731874598,0.43493567606492434,0.20055817787942942]",0.11377598004731632,1.0747753491233514,True,False,,,,,,,,,,,,,,,,,,,,,,,,,,,,,,,,,,,,340,PLACEMENT_TARGET_NOT_REACHED,,,,
340,173,v1,force-probe-4,3.628298044204712,0,800,False,False,,6.052375240949914,False,,True,True,True,0.1140523192522749,False,PLACEMENT_TARGET_NOT_REACHED,True,True,True,True,489,True,False,0,0.1197843961417675,0.1140523192522749,"[0.0,0.0,0.6278377771377563]",-4.795182117246777e-07,0.0,0.0,failed,PLACEMENT_TARGET_NOT_REACHED,,,2,True,True,0.7118954834431674,False,False,disabled,0,0,0.0,False,,False,False,,False,False,,False,,5,0.18141489815529654,0.04999999888241291,True,0.11377598004731632,1.0747753491233514,"[-0.06533660367131233,0.09314481914043427,-1.30385160446167e-08]",True,800,"[-0.011082176119089127,0.02687368541955948,0.0030093323439359665]","[-0.3817316731874598,0.43493567606492434,0.20055817787942942]",0.11377598004731632,1.0747753491233514,True,False,False,,0.1140523192522749,True,True,True,True,-4.795182117246777e-07,0.07999993115663528,0,461,privileged_state_simulator_reference_agreement,True,800,0,459,0,2,339,0,1.0,0.9956616052060737,1.0,1.0,339,,,,,,,,,,,340,PLACEMENT_TARGET_NOT_REACHED,342,PLACEMENT_TARGET_NOT_REACHED,2,459
341,173,v2,force-probe-4,3.628298044204712,0,800,False,False,,6.23197597078979,True,492,True,True,True,0.0037508979494955785,True,,True,True,True,True,313,True,False,313,0.1197843961417675,0.0037508979494955785,"[0.0,0.0,0.6278363466262817]",-4.3421419285843976e-07,0.0,0.0,passed,,,,2,False,True,1.352902878846158,False,False,attempt_complete,1,156,0.6401252635397628,True,461,False,True,462,True,True,472,True,,5,0.18141489815529654,0.04999999888241291,True,0.11520133383516129,1.0747753491233514,"[-0.0032462775707244873,0.0013612955808639526,-3.725290298461914e-09]",True,342,"[-0.011082176119089127,0.02687368541955948,0.0030093323439359665]","[-0.3817316731874598,0.43493567606492434,0.20055817787942942]",0.11377598004731632,1.0747753491233514,True,True,True,,0.0037508979494955785,True,True,True,True,-4.3421419285843976e-07,0.07999993860721588,313,0,privileged_state_simulator_reference_agreement,True,800,0,1,0,2,797,0,1.0,0.3333333333333333,1.0,1.0,797,PLACEMENT_TARGET_NOT_REACHED,342,343,settle,5,400,0,0.10530789941549301,,"[-0.1058187484741211,0.029283426702022552,0.019999884068965912]",340,PLACEMENT_TARGET_NOT_REACHED,342,PLACEMENT_TARGET_NOT_REACHED,2,1
342,174,baseline,force-probe-4,3.628298044204712,0,800,False,False,,5.820143535966054,False,,True,True,True,0.2401781826252851,False,PLACEMENT_TARGET_NOT_REACHED,True,True,True,True,489,True,False,0,0.11977709457278252,0.2401781826252851,"[0.0,0.0,0.627843976020813]",-3.865230119443064e-07,0.0,0.0,disabled,,,,,True,True,0.6793547980083476,False,False,disabled,0,0,0.0,False,,False,False,,False,False,,False,,5,0.18141489815529654,0.04999999888241291,True,0.23999202806459746,1.0748206397127615,"[-0.1070488840341568,0.21479425579309464,-5.4016709327697754e-08]",True,800,"[-0.014028504490852356,0.037653036415576935,0.0006442684680223465]","[-0.473377384703781,0.8574524921277771,0.019557549312594347]",0.23999202806459746,1.0748206397127615,True,False,,,,,,,,,,,,,,,,,,,,,,,,,,,,,,,,,,,,340,PLACEMENT_TARGET_NOT_REACHED,,,,
343,174,v1,force-probe-4,3.628298044204712,0,800,False,False,,6.023295043036342,False,,True,True,True,0.2401781826252851,False,PLACEMENT_TARGET_NOT_REACHED,True,True,True,True,489,True,False,0,0.11977709457278252,0.2401781826252851,"[0.0,0.0,0.627843976020813]",-3.865230119443064e-07,0.0,0.0,failed,PLACEMENT_TARGET_NOT_REACHED,,,2,True,True,0.6793547980083476,False,False,disabled,0,0,0.0,False,,False,False,,False,False,,False,,5,0.18141489815529654,0.04999999888241291,True,0.23999202806459746,1.0748206397127615,"[-0.1070488840341568,0.21479425579309464,-5.4016709327697754e-08]",True,800,"[-0.014028504490852356,0.037653036415576935,0.0006442684680223465]","[-0.473377384703781,0.8574524921277771,0.019557549312594347]",0.23999202806459746,1.0748206397127615,True,False,False,,0.2401781826252851,True,True,True,True,-3.865230119443064e-07,0.0799999050796032,0,461,privileged_state_simulator_reference_agreement,True,800,0,459,0,2,339,0,1.0,0.9956616052060737,1.0,1.0,339,,,,,,,,,,,340,PLACEMENT_TARGET_NOT_REACHED,342,PLACEMENT_TARGET_NOT_REACHED,2,459
344,174,v2,force-probe-4,3.628298044204712,0,800,False,False,,6.217825253959745,True,545,True,True,True,0.003416568117294932,True,,True,True,True,True,260,True,False,260,0.11977709457278252,0.003416568117294932,"[0.0,0.0,0.6278267502784729]",-3.894800718121094e-07,0.0,0.0,passed,,,,2,False,True,1.5725759220590756,False,False,attempt_complete,1,209,0.8923221973547377,True,514,False,True,515,True,True,525,True,,5,0.18141489815529654,0.04999999888241291,True,0.2413535846600749,1.0748206397127615,"[-0.002750977873802185,0.001718815416097641,-4.470348358154297e-08]",True,342,"[-0.014028504490852356,0.037653036415576935,0.0006442684680223465]","[-0.473377384703781,0.8574524921277771,0.019557549312594347]",0.23999202806459746,1.0748206397127615,True,True,True,,0.003416568117294932,True,True,True,True,-3.894800718121094e-07,0.07999992743134499,260,0,privileged_state_simulator_reference_agreement,True,800,0,1,0,2,797,0,1.0,0.3333333333333333,1.0,1.0,797,PLACEMENT_TARGET_NOT_REACHED,342,343,settle,5,400,0,0.10494769364595413,,"[-0.1792272925376892,0.2726283669471741,0.01999993622303009]",340,PLACEMENT_TARGET_NOT_REACHED,342,PLACEMENT_TARGET_NOT_REACHED,2,1
345,175,baseline,force-probe-4,3.628298044204712,0,800,False,False,,5.854899683967233,True,316,True,True,True,0.020698126062523997,True,,True,True,True,True,489,True,False,489,0.11974742636084557,0.020698126062523997,"[0.0,0.0,0.6278403997421265]",-3.5513971321718407e-07,0.0,0.0,disabled,,,,,True,True,0.647466818413934,False,False,disabled,0,0,0.0,False,,False,False,,False,False,,False,,5,0.18141489815529654,0.04999999888241291,True,0.020640515173187744,1.0746591523376228,"[-0.0012900345027446747,0.020413480699062347,2.2351741790771484e-08]",True,800,"[-0.0013173408806324005,0.020598433911800385,0.0021222978830337524]","[-0.0034614336618687958,0.11202303037862293,0.035585521181928925]",0.020640515173187744,1.0746591523376228,True,False,,,,,,,,,,,,,,,,,,,,,,,,,,,,,,,,,,,,,,,,,
346,175,v1,force-probe-4,3.628298044204712,0,800,False,False,,6.09088117396459,True,316,True,True,True,0.020698126062523997,True,,True,True,True,True,489,True,False,489,0.11974742636084557,0.020698126062523997,"[0.0,0.0,0.6278403997421265]",-3.5513971321718407e-07,0.0,0.0,passed,,,,,True,True,0.647466818413934,False,False,disabled,0,0,0.0,False,,False,False,,False,False,,False,,5,0.18141489815529654,0.04999999888241291,True,0.020640515173187744,1.0746591523376228,"[-0.0012900345027446747,0.020413480699062347,2.2351741790771484e-08]",True,800,"[-0.0013173408806324005,0.020598433911800385,0.0021222978830337524]","[-0.0034614336618687958,0.11202303037862293,0.035585521181928925]",0.020640515173187744,1.0746591523376228,True,False,True,,0.020698126062523997,True,True,True,True,-3.5513971321718407e-07,0.07999995723366737,489,0,privileged_state_simulator_reference_agreement,True,800,0,0,0,0,800,0,,,,1.0,800,,,,,,,,,,,,,,,,
347,175,v2,force-probe-4,3.628298044204712,0,800,False,False,,6.0674457950517535,True,316,True,True,True,0.020698126062523997,True,,True,True,True,True,489,True,False,489,0.11974742636084557,0.020698126062523997,"[0.0,0.0,0.6278403997421265]",-3.5513971321718407e-07,0.0,0.0,passed,,,,,True,True,0.647466818413934,False,False,nominal,0,0,0.0,False,,False,False,,False,False,,False,,5,0.18141489815529654,0.04999999888241291,True,0.020640515173187744,1.0746591523376228,"[-0.0012900345027446747,0.020413480699062347,2.2351741790771484e-08]",True,800,"[-0.0013173408806324005,0.020598433911800385,0.0021222978830337524]","[-0.0034614336618687958,0.11202303037862293,0.035585521181928925]",0.020640515173187744,1.0746591523376228,True,False,True,,0.020698126062523997,True,True,True,True,-3.5513971321718407e-07,0.07999995723366737,489,0,privileged_state_simulator_reference_agreement,True,800,0,0,0,0,800,0,,,,1.0,800,,,,,0,400,0,0.0,,,,,,,,
348,176,baseline,force-probe-4,3.628298044204712,0,800,False,False,,5.847169321961701,False,,True,True,True,0.227462769014854,False,PLACEMENT_TARGET_NOT_REACHED,True,True,True,True,489,True,False,0,0.11977749690413475,0.227462769014854,"[0.0,0.0,0.6279492378234863]",-3.9157371179224243e-07,0.0,0.0,disabled,,,,,True,True,0.6123576502405782,False,False,disabled,0,0,0.0,False,,False,False,,False,False,,False,,5,0.18141489815529654,0.04999999888241291,True,0.2274337649316099,1.0753218262904467,"[0.130931094288826,0.18596484884619713,7.450580596923828e-09]",True,800,"[0.013722993433475494,0.03497617784887552,0.0011347942054271698]","[0.5551641080819536,0.7212248463038122,0.06085781956426217]",0.2274337649316099,1.0753218262904467,True,False,,,,,,,,,,,,,,,,,,,,,,,,,,,,,,,,,,,,340,PLACEMENT_TARGET_NOT_REACHED,,,,
349,176,v1,force-probe-4,3.628298044204712,0,800,False,False,,5.8873911059927195,False,,True,True,True,0.227462769014854,False,PLACEMENT_TARGET_NOT_REACHED,True,True,True,True,489,True,False,0,0.11977749690413475,0.227462769014854,"[0.0,0.0,0.6279492378234863]",-3.9157371179224243e-07,0.0,0.0,failed,PLACEMENT_TARGET_NOT_REACHED,,,2,True,True,0.6123576502405782,False,False,disabled,0,0,0.0,False,,False,False,,False,False,,False,,5,0.18141489815529654,0.04999999888241291,True,0.2274337649316099,1.0753218262904467,"[0.130931094288826,0.18596484884619713,7.450580596923828e-09]",True,800,"[0.013722993433475494,0.03497617784887552,0.0011347942054271698]","[0.5551641080819536,0.7212248463038122,0.06085781956426217]",0.2274337649316099,1.0753218262904467,True,False,False,,0.227462769014854,True,True,True,True,-3.9157371179224243e-07,0.07999992743134499,0,461,privileged_state_simulator_reference_agreement,True,800,0,459,0,2,339,0,1.0,0.9956616052060737,1.0,1.0,339,,,,,,,,,,,340,PLACEMENT_TARGET_NOT_REACHED,342,PLACEMENT_TARGET_NOT_REACHED,2,459
350,176,v2,force-probe-4,3.628298044204712,0,800,False,False,,6.122457408113405,True,558,True,True,True,0.002565395493092305,True,,True,True,True,True,247,True,False,247,0.11977749690413475,0.002565395493092305,"[0.0,0.0,0.6278364658355713]",-9.20094273167138e-08,0.0,0.0,passed,,,,2,False,True,1.4794432655610097,False,False,attempt_complete,1,221,0.8653847151991471,True,527,False,True,528,True,True,538,True,,5,0.18141489815529654,0.04999999888241291,True,0.2343402835870736,1.0753218262904467,"[0.0012790784239768982,0.002121269702911377,7.636845111846924e-08]",True,342,"[0.013722993433475494,0.03497617784887552,0.0011347942054271698]","[0.5551641080819536,0.7212248463038122,0.06085781956426217]",0.2274337649316099,1.0753218262904467,True,True,True,,0.002565395493092305,True,True,True,True,-9.20094273167138e-08,0.07999983429908752,247,0,privileged_state_simulator_reference_agreement,True,800,0,1,0,2,797,0,1.0,0.3333333333333333,1.0,1.0,797,PLACEMENT_TARGET_NOT_REACHED,342,343,settle,5,400,0,0.10400304198265076,,"[0.061546504497528076,0.16347576677799225,0.019999943673610687]",340,PLACEMENT_TARGET_NOT_REACHED,342,PLACEMENT_TARGET_NOT_REACHED,2,1
351,177,baseline,force-probe-4,3.628298044204712,0,800,False,False,,5.836904167197645,False,,True,True,True,0.2183521062997677,False,PLACEMENT_TARGET_NOT_REACHED,True,True,True,True,489,True,False,0,0.1197681836783886,0.2183521062997677,"[0.0,0.0,0.6272367835044861]",-3.5948290817017226e-07,0.0,0.0,disabled,,,,,True,True,0.6618851743009609,False,False,disabled,0,0,0.0,False,,False,False,,False,False,,False,,5,0.18141489815529654,0.04999999888241291,True,0.21857790115765527,1.0753592600959252,"[0.1328035369515419,0.17360736802220345,1.862645149230957e-09]",True,800,"[0.013491511344909668,0.034266356378793716,0.001169782131910324]","[0.5936361851345282,0.7185296093812212,0.04441587502515176]",0.21857790115765527,1.0753592600959252,True,False,,,,,,,,,,,,,,,,,,,,,,,,,,,,,,,,,,,,340,PLACEMENT_TARGET_NOT_REACHED,,,,
352,177,v1,force-probe-4,3.628298044204712,0,800,False,False,,6.057409356115386,False,,True,True,True,0.2183521062997677,False,PLACEMENT_TARGET_NOT_REACHED,True,True,True,True,489,True,False,0,0.1197681836783886,0.2183521062997677,"[0.0,0.0,0.6272367835044861]",-3.5948290817017226e-07,0.0,0.0,failed,PLACEMENT_TARGET_NOT_REACHED,,,2,True,True,0.6618851743009609,False,False,disabled,0,0,0.0,False,,False,False,,False,False,,False,,5,0.18141489815529654,0.04999999888241291,True,0.21857790115765527,1.0753592600959252,"[0.1328035369515419,0.17360736802220345,1.862645149230957e-09]",True,800,"[0.013491511344909668,0.034266356378793716,0.001169782131910324]","[0.5936361851345282,0.7185296093812212,0.04441587502515176]",0.21857790115765527,1.0753592600959252,True,False,False,,0.2183521062997677,True,True,True,True,-3.5948290817017226e-07,0.07999993115663528,0,461,privileged_state_simulator_reference_agreement,True,800,0,459,0,2,339,0,1.0,0.9956616052060737,1.0,1.0,339,,,,,,,,,,,340,PLACEMENT_TARGET_NOT_REACHED,342,PLACEMENT_TARGET_NOT_REACHED,2,459
353,177,v2,force-probe-4,3.628298044204712,0,800,False,False,,6.254822710994631,True,536,True,True,True,0.00396589756320993,True,,True,True,True,True,269,True,False,269,0.1197681836783886,0.00396589756320993,"[0.0,0.0,0.6283912062644958]",-2.477716255118445e-07,0.0,0.0,passed,,,,2,False,True,1.5088273676486916,False,False,attempt_complete,1,200,0.8460515709213615,True,505,False,True,506,True,True,516,True,,5,0.18141489815529654,0.04999999888241291,True,0.2255203709611233,1.0753592600959252,"[0.0036200620234012604,-0.0017806217074394226,1.30385160446167e-08]",True,342,"[0.013491511344909668,0.034266356378793716,0.001169782131910324]","[0.5936361851345282,0.7185296093812212,0.04441587502515176]",0.21857790115765527,1.0753592600959252,True,True,True,,0.00396589756320993,True,True,True,True,-2.477716255118445e-07,0.07999993860721588,269,0,privileged_state_simulator_reference_agreement,True,800,0,1,0,2,797,0,1.0,0.3333333333333333,1.0,1.0,797,PLACEMENT_TARGET_NOT_REACHED,342,343,settle,5,400,0,0.10358778946101665,,"[0.07114627212285995,0.23241819441318512,0.019999923184514046]",340,PLACEMENT_TARGET_NOT_REACHED,342,PLACEMENT_TARGET_NOT_REACHED,2,1
354,178,baseline,force-probe-4,3.628298044204712,0,800,False,False,,5.862055563135073,False,,True,False,True,0.5651243922171857,False,PLACEMENT_TARGET_NOT_REACHED,True,False,True,False,0,True,False,0,0.11975976452231407,0.5651243922171857,"[0.0,0.0,0.6277341842651367]",-3.817112614080964e-07,0.0,0.0,disabled,,,,,True,True,0.6561449571162017,False,False,disabled,0,0,0.0,False,,False,False,,False,False,,False,,5,0.18141489815529654,0.04999999888241291,True,0.5649211536663626,1.7274586038102355,"[-0.32311077788472176,0.4633946120738983,3.91155481338501e-08]",False,800,"[-0.02371528558433056,0.05038500251248479,0.0023234691470861435]","[-1.0165507901401725,1.3951507141991897,0.06517254944628803]",0.5649211536663626,1.7274586038102355,False,False,,,,,,,,,,,,,,,,,,,,,,,,,,,,,,,,,,,,340,PLACEMENT_TARGET_NOT_REACHED,,,,
355,178,v1,force-probe-4,3.628298044204712,0,800,False,False,,6.055774847045541,False,,True,False,True,0.5651243922171857,False,PLACEMENT_TARGET_NOT_REACHED,True,False,True,False,0,True,False,0,0.11975976452231407,0.5651243922171857,"[0.0,0.0,0.6277341842651367]",-3.817112614080964e-07,0.0,0.0,failed,PLACEMENT_TARGET_NOT_REACHED,,,2,True,True,0.6561449571162017,False,False,disabled,0,0,0.0,False,,False,False,,False,False,,False,,5,0.18141489815529654,0.04999999888241291,True,0.5649211536663626,1.7274586038102355,"[-0.32311077788472176,0.4633946120738983,3.91155481338501e-08]",False,800,"[-0.02371528558433056,0.05038500251248479,0.0023234691470861435]","[-1.0165507901401725,1.3951507141991897,0.06517254944628803]",0.5649211536663626,1.7274586038102355,False,False,False,,0.5651243922171857,True,False,True,True,-3.817112614080964e-07,0.07999993488192558,0,461,privileged_state_simulator_reference_agreement,True,800,0,459,0,2,339,0,1.0,0.9956616052060737,1.0,1.0,339,,,,,,,,,,,340,PLACEMENT_TARGET_NOT_REACHED,342,PLACEMENT_TARGET_NOT_REACHED,2,459
356,178,v2,force-probe-4,3.628298044204712,0,800,False,False,,6.089960249140859,False,,True,False,True,0.5651243922171857,False,PLACEMENT_TARGET_NOT_REACHED,True,False,True,False,0,True,False,0,0.11975976452231407,0.5651243922171857,"[0.0,0.0,0.6277341842651367]",-3.817112614080964e-07,0.0,0.0,failed,PLACEMENT_TARGET_NOT_REACHED,,,2,False,False,0.9467970108662082,False,False,aborted,1,66,0.28281685736645246,False,,False,False,,False,False,,False,,5,0.18141489815529654,0.04999999888241291,True,0.5649211536663626,1.7274586038102355,"[-0.32311077788472176,0.4633946120738983,3.91155481338501e-08]",False,342,"[-0.02371528558433056,0.05038500251248479,0.0023234691470861435]","[-1.0165507901401725,1.3951507141991897,0.06517254944628803]",0.5649211536663626,1.7274586038102355,False,True,False,,0.5651243922171857,True,False,True,True,-3.817112614080964e-07,0.0799998976290226,0,1,privileged_state_simulator_reference_agreement,True,800,0,2,0,2,796,0,1.0,0.5,1.0,1.0,796,PLACEMENT_TARGET_NOT_REACHED,342,343,approach,60,400,0,0.0,retry_approach_not_completed,"[-0.2713678181171417,0.407254695892334,0.020000014454126358]",340,PLACEMENT_TARGET_NOT_REACHED,342,PLACEMENT_TARGET_NOT_REACHED,2,2
357,179,baseline,force-probe-4,3.628298044204712,0,800,False,False,,5.947753336979076,False,,True,True,True,0.0389289043799835,False,PLACEMENT_TARGET_NOT_REACHED,True,True,True,True,489,True,False,0,0.11978251859545708,0.0389289043799835,"[0.0,0.0,0.6278408169746399]",-4.32670220644471e-07,0.0,0.0,disabled,,,,,True,True,0.64500288272047,False,False,disabled,0,0,0.0,False,,False,False,,False,False,,False,,5,0.18141489815529654,0.04999999888241291,True,0.03891481326712205,1.0752673562125343,"[0.029106274247169495,0.02582995593547821,-1.6763806343078613e-08]",True,800,"[0.00703054666519165,0.021886035799980164,0.0019402652978897095]","[0.28535941129666753,0.17743999580852687,0.08063313273305539]",0.03891481326712205,1.0752673562125343,True,False,,,,,,,,,,,,,,,,,,,,,,,,,,,,,,,,,,,,340,PLACEMENT_TARGET_NOT_REACHED,,,,
358,179,v1,force-probe-4,3.628298044204712,0,800,False,False,,6.063683000160381,False,,True,True,True,0.0389289043799835,False,PLACEMENT_TARGET_NOT_REACHED,True,True,True,True,489,True,False,0,0.11978251859545708,0.0389289043799835,"[0.0,0.0,0.6278408169746399]",-4.32670220644471e-07,0.0,0.0,failed,PLACEMENT_TARGET_NOT_REACHED,,,2,True,True,0.64500288272047,False,False,disabled,0,0,0.0,False,,False,False,,False,False,,False,,5,0.18141489815529654,0.04999999888241291,True,0.03891481326712205,1.0752673562125343,"[0.029106274247169495,0.02582995593547821,-1.6763806343078613e-08]",True,800,"[0.00703054666519165,0.021886035799980164,0.0019402652978897095]","[0.28535941129666753,0.17743999580852687,0.08063313273305539]",0.03891481326712205,1.0752673562125343,True,False,False,,0.0389289043799835,True,True,True,True,-4.32670220644471e-07,0.07999993115663528,0,461,privileged_state_simulator_reference_agreement,True,800,0,459,0,2,339,0,1.0,0.9956616052060737,1.0,1.0,339,,,,,,,,,,,340,PLACEMENT_TARGET_NOT_REACHED,342,PLACEMENT_TARGET_NOT_REACHED,2,459
359,179,v2,force-probe-4,3.628298044204712,0,800,False,False,,6.110817006090656,True,462,True,True,True,0.001448750509570502,True,,True,True,True,True,343,True,False,343,0.11978251859545708,0.001448750509570502,"[0.0,0.0,0.6278393268585205]",-3.9544193203636113e-07,0.0,0.0,passed,,,,2,False,True,1.1378735716510995,False,False,attempt_complete,1,125,0.49116580995065284,True,431,False,True,432,True,True,442,True,,5,0.18141489815529654,0.04999999888241291,True,0.04548902386317689,1.0752673562125343,"[0.0015352144837379456,0.00035837292671203613,1.4901161193847656e-08]",True,342,"[0.00703054666519165,0.021886035799980164,0.0019402652978897095]","[0.28535941129666753,0.17743999580852687,0.08063313273305539]",0.03891481326712205,1.0752673562125343,True,True,True,,0.001448750509570502,True,True,True,True,-3.9544193203636113e-07,0.07999994233250618,343,0,privileged_state_simulator_reference_agreement,True,800,0,1,0,2,797,0,1.0,0.3333333333333333,1.0,1.0,797,PLACEMENT_TARGET_NOT_REACHED,342,343,settle,5,400,0,0.10178518481552601,,"[-0.06588111817836761,-0.06645942479372025,0.01999988965690136]",340,PLACEMENT_TARGET_NOT_REACHED,342,PLACEMENT_TARGET_NOT_REACHED,2,1
