point_id,seed,system,excluded,exclusion_reason,actions,task_success,first_task_success_step,release_success,support_stability_success,retracted,final_contact_grasped,final_horizontal_error_m,disturbance_attempted,disturbance_applied,first_reference_failure_step,first_detected_failure_step,first_failure_latency_steps,controller_complete,retry_attempts,retry_state,retry_trigger_step,retry_first_action_step,retry_actions,retry_path_m,total_path_m,retry_success,retry_failure_detail,lower_transition_step,lower_phase_timeout,release_reached,release_first_action_step,release_executed,release_action_count,retraction_reached,retraction_first_action_step,retraction_executed,retraction_action_count,terminal_step,terminal_phase_step,terminal_actions_repeat,terminal_vertical_residual_m,terminal_tcp_distance_m,terminal_rotation_error_rad,replay_passed,independent_endpoint_passed,max_action_replay_error
normal,120,baseline,False,,800,True,316,True,True,True,False,0.0003558222283018325,False,False,,,,True,0,disabled,,,0,0.0,0.6097033084254337,False,,,False,False,,False,0,False,,False,0,,,,,,,True,True,0.0
normal,120,v1,False,,800,True,316,True,True,True,False,0.0003558222283018325,False,False,,,,True,0,disabled,,,0,0.0,0.6097033084254337,False,,,False,False,,False,0,False,,False,0,,,,,,,True,True,0.0
normal,120,v2-old,False,,800,True,316,True,True,True,False,0.0003558222283018325,False,False,,,,True,0,nominal,,,0,0.0,0.6097033084254337,False,,,False,False,,False,0,False,,False,0,,,,,,,True,True,0.0
normal,120,v2r,False,,800,True,316,True,True,True,False,0.0003558222283018325,False,False,,,,True,0,nominal,,,0,0.0,0.6097033084254337,False,,,False,False,,False,0,False,,False,0,,,,,,,True,True,0.0
normal,121,baseline,False,,800,True,316,True,True,True,False,0.0004048514491405978,False,False,,,,True,0,disabled,,,0,0.0,0.6124824661100562,False,,,False,False,,False,0,False,,False,0,,,,,,,True,True,0.0
normal,121,v1,False,,800,True,316,True,True,True,False,0.0004048514491405978,False,False,,,,True,0,disabled,,,0,0.0,0.6124824661100562,False,,,False,False,,False,0,False,,False,0,,,,,,,True,True,0.0
normal,121,v2-old,False,,800,True,316,True,True,True,False,0.0004048514491405978,False,False,,,,True,0,nominal,,,0,0.0,0.6124824661100562,False,,,False,False,,False,0,False,,False,0,,,,,,,True,True,0.0
normal,121,v2r,False,,800,True,316,True,True,True,False,0.0004048514491405978,False,False,,,,True,0,nominal,,,0,0.0,0.6124824661100562,False,,,False,False,,False,0,False,,False,0,,,,,,,True,True,0.0
release-shift-010mm,120,baseline,False,,800,True,316,True,True,True,False,0.0098795383191329,True,True,,,,True,0,disabled,,,0,0.0,0.6097033084254337,False,,,False,False,,False,0,False,,False,0,,,,,,,True,True,0.0
release-shift-010mm,120,v1,False,,800,True,316,True,True,True,False,0.0098795383191329,True,True,,,,True,0,disabled,,,0,0.0,0.6097033084254337,False,,,False,False,,False,0,False,,False,0,,,,,,,True,True,0.0
release-shift-010mm,120,v2-old,False,,800,True,316,True,True,True,False,0.0098795383191329,True,True,,,,True,0,nominal,,,0,0.0,0.6097033084254337,False,,,False,False,,False,0,False,,False,0,,,,,,,True,True,0.0
release-shift-010mm,120,v2r,False,,800,True,316,True,True,True,False,0.0098795383191329,True,True,,,,True,0,nominal,,,0,0.0,0.6097033084254337,False,,,False,False,,False,0,False,,False,0,,,,,,,True,True,0.0
release-shift-010mm,121,baseline,False,,800,True,316,True,True,True,False,0.009825310945682897,True,True,,,,True,0,disabled,,,0,0.0,0.6124824661100562,False,,,False,False,,False,0,False,,False,0,,,,,,,True,True,0.0
release-shift-010mm,121,v1,False,,800,True,316,True,True,True,False,0.009825310945682897,True,True,,,,True,0,disabled,,,0,0.0,0.6124824661100562,False,,,False,False,,False,0,False,,False,0,,,,,,,True,True,0.0
release-shift-010mm,121,v2-old,False,,800,True,316,True,True,True,False,0.009825310945682897,True,True,,,,True,0,nominal,,,0,0.0,0.6124824661100562,False,,,False,False,,False,0,False,,False,0,,,,,,,True,True,0.0
release-shift-010mm,121,v2r,False,,800,True,316,True,True,True,False,0.009825310945682897,True,True,,,,True,0,nominal,,,0,0.0,0.6124824661100562,False,,,False,False,,False,0,False,,False,0,,,,,,,True,True,0.0
release-shift-080mm,120,baseline,False,,800,False,,True,True,True,False,0.07987475308275711,True,True,340,,,True,0,disabled,,,0,0.0,0.6097033084254337,False,,,False,False,,False,0,False,,False,0,,,,,,,True,True,0.0
release-shift-080mm,120,v1,False,,800,False,,True,True,True,False,0.07987475308275711,True,True,340,342,2,True,0,disabled,,,0,0.0,0.6097033084254337,False,,,False,False,,False,0,False,,False,0,,,,,,,True,True,0.0
release-shift-080mm,120,v2-old,False,,800,False,,False,False,False,True,0.0057502624137128035,True,True,340,342,2,False,1,aborted,342,343,123,0.44651755482067157,1.0562875688387394,False,retry_lower_not_completed,,True,False,,False,0,False,,False,0,465,40,True,0.01124133202433586,0.013158110824925505,0.01780349732848739,True,True,0.0
release-shift-080mm,120,v2r,False,,800,True,477,True,True,True,False,0.0032267490004490138,True,True,340,342,2,True,1,attempt_complete,342,343,141,0.5689865039670413,1.1795955629808608,True,,446,False,True,447,True,10,True,457,True,22,483,5,True,,,,True,True,0.0
release-shift-080mm,121,baseline,False,,800,False,,True,True,True,False,0.07981962798928015,True,True,340,,,True,0,disabled,,,0,0.0,0.6124824661100562,False,,,False,False,,False,0,False,,False,0,,,,,,,True,True,0.0
release-shift-080mm,121,v1,False,,800,False,,True,True,True,False,0.07981962798928015,True,True,340,342,2,True,0,disabled,,,0,0.0,0.6124824661100562,False,,,False,False,,False,0,False,,False,0,,,,,,,True,True,0.0
release-shift-080mm,121,v2-old,False,,800,False,,False,False,False,True,0.006519732320157582,True,True,340,342,2,False,1,aborted,342,343,123,0.44540501709893454,1.05798405058896,False,retry_lower_not_completed,,True,False,,False,0,False,,False,0,465,40,True,0.01148799094557762,0.013444953136371226,0.017657271775511595,True,True,0.0
release-shift-080mm,121,v2r,False,,800,True,477,True,True,True,False,0.003174651620566453,True,True,340,342,2,True,1,attempt_complete,342,343,141,0.5686928725923869,1.1820873127257607,True,,446,False,True,447,True,10,True,457,True,22,483,5,True,,,,True,True,0.0
normal,122,baseline,False,,800,True,316,True,True,True,False,0.00021529924228893418,False,False,,,,True,0,disabled,,,0,0.0,0.6137810929147643,False,,,False,False,,False,0,False,,False,0,,,,,,,True,True,0.0
normal,122,v1,False,,800,True,316,True,True,True,False,0.00021529924228893418,False,False,,,,True,0,disabled,,,0,0.0,0.6137810929147643,False,,,False,False,,False,0,False,,False,0,,,,,,,True,True,0.0
normal,122,v2-old,False,,800,True,316,True,True,True,False,0.00021529924228893418,False,False,,,,True,0,nominal,,,0,0.0,0.6137810929147643,False,,,False,False,,False,0,False,,False,0,,,,,,,True,True,0.0
normal,122,v2r,False,,800,True,316,True,True,True,False,0.00021529924228893418,False,False,,,,True,0,nominal,,,0,0.0,0.6137810929147643,False,,,False,False,,False,0,False,,False,0,,,,,,,True,True,0.0
normal,123,baseline,False,,800,True,317,True,True,True,False,0.00020545076723837497,False,False,,,,True,0,disabled,,,0,0.0,0.6532921885987346,False,,,False,False,,False,0,False,,False,0,,,,,,,True,True,0.0
normal,123,v1,False,,800,True,317,True,True,True,False,0.00020545076723837497,False,False,,,,True,0,disabled,,,0,0.0,0.6532921885987346,False,,,False,False,,False,0,False,,False,0,,,,,,,True,True,0.0
normal,123,v2-old,False,,800,True,317,True,True,True,False,0.00020545076723837497,False,False,,,,True,0,nominal,,,0,0.0,0.6532921885987346,False,,,False,False,,False,0,False,,False,0,,,,,,,True,True,0.0
normal,123,v2r,False,,800,True,317,True,True,True,False,0.00020545076723837497,False,False,,,,True,0,nominal,,,0,0.0,0.6532921885987346,False,,,False,False,,False,0,False,,False,0,,,,,,,True,True,0.0
normal,124,baseline,False,,800,True,316,True,True,True,False,0.00033706547653086896,False,False,,,,True,0,disabled,,,0,0.0,0.6546444067386731,False,,,False,False,,False,0,False,,False,0,,,,,,,True,True,0.0
normal,124,v1,False,,800,True,316,True,True,True,False,0.00033706547653086896,False,False,,,,True,0,disabled,,,0,0.0,0.6546444067386731,False,,,False,False,,False,0,False,,False,0,,,,,,,True,True,0.0
normal,124,v2-old,False,,800,True,316,True,True,True,False,0.00033706547653086896,False,False,,,,True,0,nominal,,,0,0.0,0.6546444067386731,False,,,False,False,,False,0,False,,False,0,,,,,,,True,True,0.0
normal,124,v2r,False,,800,True,316,True,True,True,False,0.00033706547653086896,False,False,,,,True,0,nominal,,,0,0.0,0.6546444067386731,False,,,False,False,,False,0,False,,False,0,,,,,,,True,True,0.0
normal,125,baseline,False,,800,True,316,True,True,True,False,0.00019111674891474867,False,False,,,,True,0,disabled,,,0,0.0,0.6466256737931235,False,,,False,False,,False,0,False,,False,0,,,,,,,True,True,0.0
normal,125,v1,False,,800,True,316,True,True,True,False,0.00019111674891474867,False,False,,,,True,0,disabled,,,0,0.0,0.6466256737931235,False,,,False,False,,False,0,False,,False,0,,,,,,,True,True,0.0
normal,125,v2-old,False,,800,True,316,True,True,True,False,0.00019111674891474867,False,False,,,,True,0,nominal,,,0,0.0,0.6466256737931235,False,,,False,False,,False,0,False,,False,0,,,,,,,True,True,0.0
normal,125,v2r,False,,800,True,316,True,True,True,False,0.00019111674891474867,False,False,,,,True,0,nominal,,,0,0.0,0.6466256737931235,False,,,False,False,,False,0,False,,False,0,,,,,,,True,True,0.0
normal,126,baseline,False,,800,True,316,True,True,True,False,0.0001548948163328747,False,False,,,,True,0,disabled,,,0,0.0,0.7267309922086964,False,,,False,False,,False,0,False,,False,0,,,,,,,True,True,0.0
normal,126,v1,False,,800,True,316,True,True,True,False,0.0001548948163328747,False,False,,,,True,0,disabled,,,0,0.0,0.7267309922086964,False,,,False,False,,False,0,False,,False,0,,,,,,,True,True,0.0
normal,126,v2-old,False,,800,True,316,True,True,True,False,0.0001548948163328747,False,False,,,,True,0,nominal,,,0,0.0,0.7267309922086964,False,,,False,False,,False,0,False,,False,0,,,,,,,True,True,0.0
normal,126,v2r,False,,800,True,316,True,True,True,False,0.0001548948163328747,False,False,,,,True,0,nominal,,,0,0.0,0.7267309922086964,False,,,False,False,,False,0,False,,False,0,,,,,,,True,True,0.0
normal,127,baseline,False,,800,True,316,True,True,True,False,0.00020367554296209955,False,False,,,,True,0,disabled,,,0,0.0,0.7903620251081105,False,,,False,False,,False,0,False,,False,0,,,,,,,True,True,0.0
normal,127,v1,False,,800,True,316,True,True,True,False,0.00020367554296209955,False,False,,,,True,0,disabled,,,0,0.0,0.7903620251081105,False,,,False,False,,False,0,False,,False,0,,,,,,,True,True,0.0
normal,127,v2-old,False,,800,True,316,True,True,True,False,0.00020367554296209955,False,False,,,,True,0,nominal,,,0,0.0,0.7903620251081105,False,,,False,False,,False,0,False,,False,0,,,,,,,True,True,0.0
normal,127,v2r,False,,800,True,316,True,True,True,False,0.00020367554296209955,False,False,,,,True,0,nominal,,,0,0.0,0.7903620251081105,False,,,False,False,,False,0,False,,False,0,,,,,,,True,True,0.0
normal,128,baseline,False,,800,True,316,True,True,True,False,0.00016494888276804513,False,False,,,,True,0,disabled,,,0,0.0,0.6806623199726429,False,,,False,False,,False,0,False,,False,0,,,,,,,True,True,0.0
normal,128,v1,False,,800,True,316,True,True,True,False,0.00016494888276804513,False,False,,,,True,0,disabled,,,0,0.0,0.6806623199726429,False,,,False,False,,False,0,False,,False,0,,,,,,,True,True,0.0
normal,128,v2-old,False,,800,True,316,True,True,True,False,0.00016494888276804513,False,False,,,,True,0,nominal,,,0,0.0,0.6806623199726429,False,,,False,False,,False,0,False,,False,0,,,,,,,True,True,0.0
normal,128,v2r,False,,800,True,316,True,True,True,False,0.00016494888276804513,False,False,,,,True,0,nominal,,,0,0.0,0.6806623199726429,False,,,False,False,,False,0,False,,False,0,,,,,,,True,True,0.0
normal,129,baseline,False,,800,True,316,True,True,True,False,0.00023359522005268434,False,False,,,,True,0,disabled,,,0,0.0,0.6248547372103047,False,,,False,False,,False,0,False,,False,0,,,,,,,True,True,0.0
normal,129,v1,False,,800,True,316,True,True,True,False,0.00023359522005268434,False,False,,,,True,0,disabled,,,0,0.0,0.6248547372103047,False,,,False,False,,False,0,False,,False,0,,,,,,,True,True,0.0
normal,129,v2-old,False,,800,True,316,True,True,True,False,0.00023359522005268434,False,False,,,,True,0,nominal,,,0,0.0,0.6248547372103047,False,,,False,False,,False,0,False,,False,0,,,,,,,True,True,0.0
normal,129,v2r,False,,800,True,316,True,True,True,False,0.00023359522005268434,False,False,,,,True,0,nominal,,,0,0.0,0.6248547372103047,False,,,False,False,,False,0,False,,False,0,,,,,,,True,True,0.0
normal,130,baseline,False,,800,True,316,True,True,True,False,0.00024228466395559826,False,False,,,,True,0,disabled,,,0,0.0,0.6559008660125254,False,,,False,False,,False,0,False,,False,0,,,,,,,True,True,0.0
normal,130,v1,False,,800,True,316,True,True,True,False,0.00024228466395559826,False,False,,,,True,0,disabled,,,0,0.0,0.6559008660125254,False,,,False,False,,False,0,False,,False,0,,,,,,,True,True,0.0
normal,130,v2-old,False,,800,True,316,True,True,True,False,0.00024228466395559826,False,False,,,,True,0,nominal,,,0,0.0,0.6559008660125254,False,,,False,False,,False,0,False,,False,0,,,,,,,True,True,0.0
normal,130,v2r,False,,800,True,316,True,True,True,False,0.00024228466395559826,False,False,,,,True,0,nominal,,,0,0.0,0.6559008660125254,False,,,False,False,,False,0,False,,False,0,,,,,,,True,True,0.0
normal,131,baseline,False,,800,True,316,True,True,True,False,0.0004469530262321911,False,False,,,,True,0,disabled,,,0,0.0,0.6709462252220219,False,,,False,False,,False,0,False,,False,0,,,,,,,True,True,0.0
normal,131,v1,False,,800,True,316,True,True,True,False,0.0004469530262321911,False,False,,,,True,0,disabled,,,0,0.0,0.6709462252220219,False,,,False,False,,False,0,False,,False,0,,,,,,,True,True,0.0
normal,131,v2-old,False,,800,True,316,True,True,True,False,0.0004469530262321911,False,False,,,,True,0,nominal,,,0,0.0,0.6709462252220219,False,,,False,False,,False,0,False,,False,0,,,,,,,True,True,0.0
normal,131,v2r,False,,800,True,316,True,True,True,False,0.0004469530262321911,False,False,,,,True,0,nominal,,,0,0.0,0.6709462252220219,False,,,False,False,,False,0,False,,False,0,,,,,,,True,True,0.0
normal,132,baseline,True,initially_in_horizontal_target_region,0,False,,False,False,False,,0.011627155830044375,False,False,,,,False,0,disabled,,,0,0.0,0.0,False,,,False,False,,False,0,False,,False,0,,,,,,,True,True,0.0
normal,132,v1,True,initially_in_horizontal_target_region,0,False,,False,False,False,,0.011627155830044375,False,False,,,,False,0,disabled,,,0,0.0,0.0,False,,,False,False,,False,0,False,,False,0,,,,,,,True,True,0.0
normal,132,v2-old,True,initially_in_horizontal_target_region,0,False,,False,False,False,,0.011627155830044375,False,False,,,,False,0,nominal,,,0,0.0,0.0,False,,,False,False,,False,0,False,,False,0,,,,,,,True,True,0.0
normal,132,v2r,True,initially_in_horizontal_target_region,0,False,,False,False,False,,0.011627155830044375,False,False,,,,False,0,nominal,,,0,0.0,0.0,False,,,False,False,,False,0,False,,False,0,,,,,,,True,True,0.0
normal,133,baseline,False,,800,True,316,True,True,True,False,0.0004210654404700823,False,False,,,,True,0,disabled,,,0,0.0,0.6763045508242643,False,,,False,False,,False,0,False,,False,0,,,,,,,True,True,0.0
normal,133,v1,False,,800,True,316,True,True,True,False,0.0004210654404700823,False,False,,,,True,0,disabled,,,0,0.0,0.6763045508242643,False,,,False,False,,False,0,False,,False,0,,,,,,,True,True,0.0
normal,133,v2-old,False,,800,True,316,True,True,True,False,0.0004210654404700823,False,False,,,,True,0,nominal,,,0,0.0,0.6763045508242643,False,,,False,False,,False,0,False,,False,0,,,,,,,True,True,0.0
normal,133,v2r,False,,800,True,316,True,True,True,False,0.0004210654404700823,False,False,,,,True,0,nominal,,,0,0.0,0.6763045508242643,False,,,False,False,,False,0,False,,False,0,,,,,,,True,True,0.0
normal,134,baseline,False,,800,True,317,True,True,True,False,0.00027452914574654604,False,False,,,,True,0,disabled,,,0,0.0,0.5874338416806921,False,,,False,False,,False,0,False,,False,0,,,,,,,True,True,0.0
normal,134,v1,False,,800,True,317,True,True,True,False,0.00027452914574654604,False,False,,,,True,0,disabled,,,0,0.0,0.5874338416806921,False,,,False,False,,False,0,False,,False,0,,,,,,,True,True,0.0
normal,134,v2-old,False,,800,True,317,True,True,True,False,0.00027452914574654604,False,False,,,,True,0,nominal,,,0,0.0,0.5874338416806921,False,,,False,False,,False,0,False,,False,0,,,,,,,True,True,0.0
normal,134,v2r,False,,800,True,317,True,True,True,False,0.00027452914574654604,False,False,,,,True,0,nominal,,,0,0.0,0.5874338416806921,False,,,False,False,,False,0,False,,False,0,,,,,,,True,True,0.0
normal,135,baseline,False,,800,True,316,True,True,True,False,0.00033997142992882583,False,False,,,,True,0,disabled,,,0,0.0,0.6294061902237175,False,,,False,False,,False,0,False,,False,0,,,,,,,True,True,0.0
normal,135,v1,False,,800,True,316,True,True,True,False,0.00033997142992882583,False,False,,,,True,0,disabled,,,0,0.0,0.6294061902237175,False,,,False,False,,False,0,False,,False,0,,,,,,,True,True,0.0
normal,135,v2-old,False,,800,True,316,True,True,True,False,0.00033997142992882583,False,False,,,,True,0,nominal,,,0,0.0,0.6294061902237175,False,,,False,False,,False,0,False,,False,0,,,,,,,True,True,0.0
normal,135,v2r,False,,800,True,316,True,True,True,False,0.00033997142992882583,False,False,,,,True,0,nominal,,,0,0.0,0.6294061902237175,False,,,False,False,,False,0,False,,False,0,,,,,,,True,True,0.0
normal,136,baseline,False,,800,True,316,True,True,True,False,0.00023306058523325527,False,False,,,,True,0,disabled,,,0,0.0,0.7126250627932564,False,,,False,False,,False,0,False,,False,0,,,,,,,True,True,0.0
normal,136,v1,False,,800,True,316,True,True,True,False,0.00023306058523325527,False,False,,,,True,0,disabled,,,0,0.0,0.7126250627932564,False,,,False,False,,False,0,False,,False,0,,,,,,,True,True,0.0
normal,136,v2-old,False,,800,True,316,True,True,True,False,0.00023306058523325527,False,False,,,,True,0,nominal,,,0,0.0,0.7126250627932564,False,,,False,False,,False,0,False,,False,0,,,,,,,True,True,0.0
normal,136,v2r,False,,800,True,316,True,True,True,False,0.00023306058523325527,False,False,,,,True,0,nominal,,,0,0.0,0.7126250627932564,False,,,False,False,,False,0,False,,False,0,,,,,,,True,True,0.0
normal,137,baseline,False,,800,True,316,True,True,True,False,0.0003567225228747245,False,False,,,,True,0,disabled,,,0,0.0,0.6687067995985799,False,,,False,False,,False,0,False,,False,0,,,,,,,True,True,0.0
normal,137,v1,False,,800,True,316,True,True,True,False,0.0003567225228747245,False,False,,,,True,0,disabled,,,0,0.0,0.6687067995985799,False,,,False,False,,False,0,False,,False,0,,,,,,,True,True,0.0
normal,137,v2-old,False,,800,True,316,True,True,True,False,0.0003567225228747245,False,False,,,,True,0,nominal,,,0,0.0,0.6687067995985799,False,,,False,False,,False,0,False,,False,0,,,,,,,True,True,0.0
normal,137,v2r,False,,800,True,316,True,True,True,False,0.0003567225228747245,False,False,,,,True,0,nominal,,,0,0.0,0.6687067995985799,False,,,False,False,,False,0,False,,False,0,,,,,,,True,True,0.0
normal,138,baseline,False,,800,True,316,True,True,True,False,0.0002377350368925204,False,False,,,,True,0,disabled,,,0,0.0,0.7090741533429907,False,,,False,False,,False,0,False,,False,0,,,,,,,True,True,0.0
normal,138,v1,False,,800,True,316,True,True,True,False,0.0002377350368925204,False,False,,,,True,0,disabled,,,0,0.0,0.7090741533429907,False,,,False,False,,False,0,False,,False,0,,,,,,,True,True,0.0
normal,138,v2-old,False,,800,True,316,True,True,True,False,0.0002377350368925204,False,False,,,,True,0,nominal,,,0,0.0,0.7090741533429907,False,,,False,False,,False,0,False,,False,0,,,,,,,True,True,0.0
normal,138,v2r,False,,800,True,316,True,True,True,False,0.0002377350368925204,False,False,,,,True,0,nominal,,,0,0.0,0.7090741533429907,False,,,False,False,,False,0,False,,False,0,,,,,,,True,True,0.0
normal,139,baseline,False,,800,True,317,True,True,True,False,0.00037772672880653037,False,False,,,,True,0,disabled,,,0,0.0,0.6466153748803718,False,,,False,False,,False,0,False,,False,0,,,,,,,True,True,0.0
normal,139,v1,False,,800,True,317,True,True,True,False,0.00037772672880653037,False,False,,,,True,0,disabled,,,0,0.0,0.6466153748803718,False,,,False,False,,False,0,False,,False,0,,,,,,,True,True,0.0
normal,139,v2-old,False,,800,True,317,True,True,True,False,0.00037772672880653037,False,False,,,,True,0,nominal,,,0,0.0,0.6466153748803718,False,,,False,False,,False,0,False,,False,0,,,,,,,True,True,0.0
normal,139,v2r,False,,800,True,317,True,True,True,False,0.00037772672880653037,False,False,,,,True,0,nominal,,,0,0.0,0.6466153748803718,False,,,False,False,,False,0,False,,False,0,,,,,,,True,True,0.0
release-shift-010mm,122,baseline,False,,800,True,316,True,True,True,False,0.010178249056556512,True,True,,,,True,0,disabled,,,0,0.0,0.6137810929147643,False,,,False,False,,False,0,False,,False,0,,,,,,,True,True,0.0
release-shift-010mm,122,v1,False,,800,True,316,True,True,True,False,0.010178249056556512,True,True,,,,True,0,disabled,,,0,0.0,0.6137810929147643,False,,,False,False,,False,0,False,,False,0,,,,,,,True,True,0.0
release-shift-010mm,122,v2-old,False,,800,True,316,True,True,True,False,0.010178249056556512,True,True,,,,True,0,nominal,,,0,0.0,0.6137810929147643,False,,,False,False,,False,0,False,,False,0,,,,,,,True,True,0.0
release-shift-010mm,122,v2r,False,,800,True,316,True,True,True,False,0.010178249056556512,True,True,,,,True,0,nominal,,,0,0.0,0.6137810929147643,False,,,False,False,,False,0,False,,False,0,,,,,,,True,True,0.0
release-shift-010mm,123,baseline,False,,800,True,317,True,True,True,False,0.009935021427567416,True,True,,,,True,0,disabled,,,0,0.0,0.6532921885987346,False,,,False,False,,False,0,False,,False,0,,,,,,,True,True,0.0
release-shift-010mm,123,v1,False,,800,True,317,True,True,True,False,0.009935021427567416,True,True,,,,True,0,disabled,,,0,0.0,0.6532921885987346,False,,,False,False,,False,0,False,,False,0,,,,,,,True,True,0.0
release-shift-010mm,123,v2-old,False,,800,True,317,True,True,True,False,0.009935021427567416,True,True,,,,True,0,nominal,,,0,0.0,0.6532921885987346,False,,,False,False,,False,0,False,,False,0,,,,,,,True,True,0.0
release-shift-010mm,123,v2r,False,,800,True,317,True,True,True,False,0.009935021427567416,True,True,,,,True,0,nominal,,,0,0.0,0.6532921885987346,False,,,False,False,,False,0,False,,False,0,,,,,,,True,True,0.0
release-shift-010mm,124,baseline,False,,800,True,316,True,True,True,False,0.01025811142027177,True,True,,,,True,0,disabled,,,0,0.0,0.6546444067386731,False,,,False,False,,False,0,False,,False,0,,,,,,,True,True,0.0
release-shift-010mm,124,v1,False,,800,True,316,True,True,True,False,0.01025811142027177,True,True,,,,True,0,disabled,,,0,0.0,0.6546444067386731,False,,,False,False,,False,0,False,,False,0,,,,,,,True,True,0.0
release-shift-010mm,124,v2-old,False,,800,True,316,True,True,True,False,0.01025811142027177,True,True,,,,True,0,nominal,,,0,0.0,0.6546444067386731,False,,,False,False,,False,0,False,,False,0,,,,,,,True,True,0.0
release-shift-010mm,124,v2r,False,,800,True,316,True,True,True,False,0.01025811142027177,True,True,,,,True,0,nominal,,,0,0.0,0.6546444067386731,False,,,False,False,,False,0,False,,False,0,,,,,,,True,True,0.0
release-shift-010mm,125,baseline,False,,800,True,316,True,True,True,False,0.010151699021004554,True,True,,,,True,0,disabled,,,0,0.0,0.6466256737931235,False,,,False,False,,False,0,False,,False,0,,,,,,,True,True,0.0
release-shift-010mm,125,v1,False,,800,True,316,True,True,True,False,0.010151699021004554,True,True,,,,True,0,disabled,,,0,0.0,0.6466256737931235,False,,,False,False,,False,0,False,,False,0,,,,,,,True,True,0.0
release-shift-010mm,125,v2-old,False,,800,True,316,True,True,True,False,0.010151699021004554,True,True,,,,True,0,nominal,,,0,0.0,0.6466256737931235,False,,,False,False,,False,0,False,,False,0,,,,,,,True,True,0.0
release-shift-010mm,125,v2r,False,,800,True,316,True,True,True,False,0.010151699021004554,True,True,,,,True,0,nominal,,,0,0.0,0.6466256737931235,False,,,False,False,,False,0,False,,False,0,,,,,,,True,True,0.0
release-shift-010mm,126,baseline,False,,800,True,316,True,True,True,False,0.010137964772538486,True,True,,,,True,0,disabled,,,0,0.0,0.7267309922086964,False,,,False,False,,False,0,False,,False,0,,,,,,,True,True,0.0
release-shift-010mm,126,v1,False,,800,True,316,True,True,True,False,0.010137964772538486,True,True,,,,True,0,disabled,,,0,0.0,0.7267309922086964,False,,,False,False,,False,0,False,,False,0,,,,,,,True,True,0.0
release-shift-010mm,126,v2-old,False,,800,True,316,True,True,True,False,0.010137964772538486,True,True,,,,True,0,nominal,,,0,0.0,0.7267309922086964,False,,,False,False,,False,0,False,,False,0,,,,,,,True,True,0.0
release-shift-010mm,126,v2r,False,,800,True,316,True,True,True,False,0.010137964772538486,True,True,,,,True,0,nominal,,,0,0.0,0.7267309922086964,False,,,False,False,,False,0,False,,False,0,,,,,,,True,True,0.0
release-shift-010mm,127,baseline,False,,800,True,316,True,True,True,False,0.009884392061444222,True,True,,,,True,0,disabled,,,0,0.0,0.7903620251081105,False,,,False,False,,False,0,False,,False,0,,,,,,,True,True,0.0
release-shift-010mm,127,v1,False,,800,True,316,True,True,True,False,0.009884392061444222,True,True,,,,True,0,disabled,,,0,0.0,0.7903620251081105,False,,,False,False,,False,0,False,,False,0,,,,,,,True,True,0.0
release-shift-010mm,127,v2-old,False,,800,True,316,True,True,True,False,0.009884392061444222,True,True,,,,True,0,nominal,,,0,0.0,0.7903620251081105,False,,,False,False,,False,0,False,,False,0,,,,,,,True,True,0.0
release-shift-010mm,127,v2r,False,,800,True,316,True,True,True,False,0.009884392061444222,True,True,,,,True,0,nominal,,,0,0.0,0.7903620251081105,False,,,False,False,,False,0,False,,False,0,,,,,,,True,True,0.0
release-shift-010mm,128,baseline,False,,800,True,316,True,True,True,False,0.010143911560354185,True,True,,,,True,0,disabled,,,0,0.0,0.6806623199726429,False,,,False,False,,False,0,False,,False,0,,,,,,,True,True,0.0
release-shift-010mm,128,v1,False,,800,True,316,True,True,True,False,0.010143911560354185,True,True,,,,True,0,disabled,,,0,0.0,0.6806623199726429,False,,,False,False,,False,0,False,,False,0,,,,,,,True,True,0.0
release-shift-010mm,128,v2-old,False,,800,True,316,True,True,True,False,0.010143911560354185,True,True,,,,True,0,nominal,,,0,0.0,0.6806623199726429,False,,,False,False,,False,0,False,,False,0,,,,,,,True,True,0.0
release-shift-010mm,128,v2r,False,,800,True,316,True,True,True,False,0.010143911560354185,True,True,,,,True,0,nominal,,,0,0.0,0.6806623199726429,False,,,False,False,,False,0,False,,False,0,,,,,,,True,True,0.0
release-shift-010mm,129,baseline,False,,800,True,316,True,True,True,False,0.010183607456955287,True,True,,,,True,0,disabled,,,0,0.0,0.6248547372103047,False,,,False,False,,False,0,False,,False,0,,,,,,,True,True,0.0
release-shift-010mm,129,v1,False,,800,True,316,True,True,True,False,0.010183607456955287,True,True,,,,True,0,disabled,,,0,0.0,0.6248547372103047,False,,,False,False,,False,0,False,,False,0,,,,,,,True,True,0.0
release-shift-010mm,129,v2-old,False,,800,True,316,True,True,True,False,0.010183607456955287,True,True,,,,True,0,nominal,,,0,0.0,0.6248547372103047,False,,,False,False,,False,0,False,,False,0,,,,,,,True,True,0.0
release-shift-010mm,129,v2r,False,,800,True,316,True,True,True,False,0.010183607456955287,True,True,,,,True,0,nominal,,,0,0.0,0.6248547372103047,False,,,False,False,,False,0,False,,False,0,,,,,,,True,True,0.0
release-shift-010mm,130,baseline,False,,800,True,316,True,True,True,False,0.009894826184504706,True,True,,,,True,0,disabled,,,0,0.0,0.6559008660125254,False,,,False,False,,False,0,False,,False,0,,,,,,,True,True,0.0
release-shift-010mm,130,v1,False,,800,True,316,True,True,True,False,0.009894826184504706,True,True,,,,True,0,disabled,,,0,0.0,0.6559008660125254,False,,,False,False,,False,0,False,,False,0,,,,,,,True,True,0.0
release-shift-010mm,130,v2-old,False,,800,True,316,True,True,True,False,0.009894826184504706,True,True,,,,True,0,nominal,,,0,0.0,0.6559008660125254,False,,,False,False,,False,0,False,,False,0,,,,,,,True,True,0.0
release-shift-010mm,130,v2r,False,,800,True,316,True,True,True,False,0.009894826184504706,True,True,,,,True,0,nominal,,,0,0.0,0.6559008660125254,False,,,False,False,,False,0,False,,False,0,,,,,,,True,True,0.0
release-shift-010mm,131,baseline,False,,800,True,316,True,True,True,False,0.01027673044214404,True,True,,,,True,0,disabled,,,0,0.0,0.6709462252220219,False,,,False,False,,False,0,False,,False,0,,,,,,,True,True,0.0
release-shift-010mm,131,v1,False,,800,True,316,True,True,True,False,0.01027673044214404,True,True,,,,True,0,disabled,,,0,0.0,0.6709462252220219,False,,,False,False,,False,0,False,,False,0,,,,,,,True,True,0.0
release-shift-010mm,131,v2-old,False,,800,True,316,True,True,True,False,0.01027673044214404,True,True,,,,True,0,nominal,,,0,0.0,0.6709462252220219,False,,,False,False,,False,0,False,,False,0,,,,,,,True,True,0.0
release-shift-010mm,131,v2r,False,,800,True,316,True,True,True,False,0.01027673044214404,True,True,,,,True,0,nominal,,,0,0.0,0.6709462252220219,False,,,False,False,,False,0,False,,False,0,,,,,,,True,True,0.0
release-shift-010mm,132,baseline,True,initially_in_horizontal_target_region,0,False,,False,False,False,,0.011627155830044375,False,False,,,,False,0,disabled,,,0,0.0,0.0,False,,,False,False,,False,0,False,,False,0,,,,,,,True,True,0.0
release-shift-010mm,132,v1,True,initially_in_horizontal_target_region,0,False,,False,False,False,,0.011627155830044375,False,False,,,,False,0,disabled,,,0,0.0,0.0,False,,,False,False,,False,0,False,,False,0,,,,,,,True,True,0.0
release-shift-010mm,132,v2-old,True,initially_in_horizontal_target_region,0,False,,False,False,False,,0.011627155830044375,False,False,,,,False,0,nominal,,,0,0.0,0.0,False,,,False,False,,False,0,False,,False,0,,,,,,,True,True,0.0
release-shift-010mm,132,v2r,True,initially_in_horizontal_target_region,0,False,,False,False,False,,0.011627155830044375,False,False,,,,False,0,nominal,,,0,0.0,0.0,False,,,False,False,,False,0,False,,False,0,,,,,,,True,True,0.0
release-shift-010mm,133,baseline,False,,800,True,316,True,True,True,False,0.010272377713386828,True,True,,,,True,0,disabled,,,0,0.0,0.6763045508242643,False,,,False,False,,False,0,False,,False,0,,,,,,,True,True,0.0
release-shift-010mm,133,v1,False,,800,True,316,True,True,True,False,0.010272377713386828,True,True,,,,True,0,disabled,,,0,0.0,0.6763045508242643,False,,,False,False,,False,0,False,,False,0,,,,,,,True,True,0.0
release-shift-010mm,133,v2-old,False,,800,True,316,True,True,True,False,0.010272377713386828,True,True,,,,True,0,nominal,,,0,0.0,0.6763045508242643,False,,,False,False,,False,0,False,,False,0,,,,,,,True,True,0.0
release-shift-010mm,133,v2r,False,,800,True,316,True,True,True,False,0.010272377713386828,True,True,,,,True,0,nominal,,,0,0.0,0.6763045508242643,False,,,False,False,,False,0,False,,False,0,,,,,,,True,True,0.0
release-shift-010mm,134,baseline,False,,800,True,317,True,True,True,False,0.01020632594980963,True,True,,,,True,0,disabled,,,0,0.0,0.5874338416806921,False,,,False,False,,False,0,False,,False,0,,,,,,,True,True,0.0
release-shift-010mm,134,v1,False,,800,True,317,True,True,True,False,0.01020632594980963,True,True,,,,True,0,disabled,,,0,0.0,0.5874338416806921,False,,,False,False,,False,0,False,,False,0,,,,,,,True,True,0.0
release-shift-010mm,134,v2-old,False,,800,True,317,True,True,True,False,0.01020632594980963,True,True,,,,True,0,nominal,,,0,0.0,0.5874338416806921,False,,,False,False,,False,0,False,,False,0,,,,,,,True,True,0.0
release-shift-010mm,134,v2r,False,,800,True,317,True,True,True,False,0.01020632594980963,True,True,,,,True,0,nominal,,,0,0.0,0.5874338416806921,False,,,False,False,,False,0,False,,False,0,,,,,,,True,True,0.0
release-shift-010mm,135,baseline,False,,800,True,316,True,True,True,False,0.010213960747503473,True,True,,,,True,0,disabled,,,0,0.0,0.6294061902237175,False,,,False,False,,False,0,False,,False,0,,,,,,,True,True,0.0
release-shift-010mm,135,v1,False,,800,True,316,True,True,True,False,0.010213960747503473,True,True,,,,True,0,disabled,,,0,0.0,0.6294061902237175,False,,,False,False,,False,0,False,,False,0,,,,,,,True,True,0.0
release-shift-010mm,135,v2-old,False,,800,True,316,True,True,True,False,0.010213960747503473,True,True,,,,True,0,nominal,,,0,0.0,0.6294061902237175,False,,,False,False,,False,0,False,,False,0,,,,,,,True,True,0.0
release-shift-010mm,135,v2r,False,,800,True,316,True,True,True,False,0.010213960747503473,True,True,,,,True,0,nominal,,,0,0.0,0.6294061902237175,False,,,False,False,,False,0,False,,False,0,,,,,,,True,True,0.0
release-shift-010mm,136,baseline,False,,800,True,316,True,True,True,False,0.01021250278220781,True,True,,,,True,0,disabled,,,0,0.0,0.7126250627932564,False,,,False,False,,False,0,False,,False,0,,,,,,,True,True,0.0
release-shift-010mm,136,v1,False,,800,True,316,True,True,True,False,0.01021250278220781,True,True,,,,True,0,disabled,,,0,0.0,0.7126250627932564,False,,,False,False,,False,0,False,,False,0,,,,,,,True,True,0.0
release-shift-010mm,136,v2-old,False,,800,True,316,True,True,True,False,0.01021250278220781,True,True,,,,True,0,nominal,,,0,0.0,0.7126250627932564,False,,,False,False,,False,0,False,,False,0,,,,,,,True,True,0.0
release-shift-010mm,136,v2r,False,,800,True,316,True,True,True,False,0.01021250278220781,True,True,,,,True,0,nominal,,,0,0.0,0.7126250627932564,False,,,False,False,,False,0,False,,False,0,,,,,,,True,True,0.0
release-shift-010mm,137,baseline,False,,800,True,316,True,True,True,False,0.010269340988276518,True,True,,,,True,0,disabled,,,0,0.0,0.6687067995985799,False,,,False,False,,False,0,False,,False,0,,,,,,,True,True,0.0
release-shift-010mm,137,v1,False,,800,True,316,True,True,True,False,0.010269340988276518,True,True,,,,True,0,disabled,,,0,0.0,0.6687067995985799,False,,,False,False,,False,0,False,,False,0,,,,,,,True,True,0.0
release-shift-010mm,137,v2-old,False,,800,True,316,True,True,True,False,0.010269340988276518,True,True,,,,True,0,nominal,,,0,0.0,0.6687067995985799,False,,,False,False,,False,0,False,,False,0,,,,,,,True,True,0.0
release-shift-010mm,137,v2r,False,,800,True,316,True,True,True,False,0.010269340988276518,True,True,,,,True,0,nominal,,,0,0.0,0.6687067995985799,False,,,False,False,,False,0,False,,False,0,,,,,,,True,True,0.0
release-shift-010mm,138,baseline,False,,800,True,316,True,True,True,False,0.010181676769849629,True,True,,,,True,0,disabled,,,0,0.0,0.7090741533429907,False,,,False,False,,False,0,False,,False,0,,,,,,,True,True,0.0
release-shift-010mm,138,v1,False,,800,True,316,True,True,True,False,0.010181676769849629,True,True,,,,True,0,disabled,,,0,0.0,0.7090741533429907,False,,,False,False,,False,0,False,,False,0,,,,,,,True,True,0.0
release-shift-010mm,138,v2-old,False,,800,True,316,True,True,True,False,0.010181676769849629,True,True,,,,True,0,nominal,,,0,0.0,0.7090741533429907,False,,,False,False,,False,0,False,,False,0,,,,,,,True,True,0.0
release-shift-010mm,138,v2r,False,,800,True,316,True,True,True,False,0.010181676769849629,True,True,,,,True,0,nominal,,,0,0.0,0.7090741533429907,False,,,False,False,,False,0,False,,False,0,,,,,,,True,True,0.0
release-shift-010mm,139,baseline,False,,800,True,317,True,True,True,False,0.009859717976378418,True,True,,,,True,0,disabled,,,0,0.0,0.6466153748803718,False,,,False,False,,False,0,False,,False,0,,,,,,,True,True,0.0
release-shift-010mm,139,v1,False,,800,True,317,True,True,True,False,0.009859717976378418,True,True,,,,True,0,disabled,,,0,0.0,0.6466153748803718,False,,,False,False,,False,0,False,,False,0,,,,,,,True,True,0.0
release-shift-010mm,139,v2-old,False,,800,True,317,True,True,True,False,0.009859717976378418,True,True,,,,True,0,nominal,,,0,0.0,0.6466153748803718,False,,,False,False,,False,0,False,,False,0,,,,,,,True,True,0.0
release-shift-010mm,139,v2r,False,,800,True,317,True,True,True,False,0.009859717976378418,True,True,,,,True,0,nominal,,,0,0.0,0.6466153748803718,False,,,False,False,,False,0,False,,False,0,,,,,,,True,True,0.0
release-shift-040mm,120,baseline,False,,800,False,,True,True,True,False,0.041006157502508585,True,True,340,,,True,0,disabled,,,0,0.0,0.6093213459601171,False,,,False,False,,False,0,False,,False,0,,,,,,,True,True,0.0
release-shift-040mm,120,v1,False,,800,False,,True,True,True,False,0.041006157502508585,True,True,340,342,2,True,0,disabled,,,0,0.0,0.6093213459601171,False,,,False,False,,False,0,False,,False,0,,,,,,,True,True,0.0
release-shift-040mm,120,v2-old,False,,800,False,,False,False,False,True,0.004277238277367693,True,True,340,342,2,False,1,aborted,342,343,107,0.3667050983513125,0.9760982923363785,False,retry_lower_not_completed,,True,False,,False,0,False,,False,0,449,40,True,0.011060029596090315,0.012946801312960343,0.017862737354965047,True,True,0.0
release-shift-040mm,120,v2r,False,,800,True,461,True,True,True,False,0.00411616704034191,True,True,340,342,2,True,1,attempt_complete,342,343,125,0.48961576677075597,1.0998339263808001,True,,430,False,True,431,True,10,True,441,True,22,467,5,True,,,,True,True,0.0
release-shift-040mm,121,baseline,False,,800,False,,True,True,True,False,0.04115915145597984,True,True,340,,,True,0,disabled,,,0,0.0,0.612486546091334,False,,,False,False,,False,0,False,,False,0,,,,,,,True,True,0.0
release-shift-040mm,121,v1,False,,800,False,,True,True,True,False,0.04115915145597984,True,True,340,342,2,True,0,disabled,,,0,0.0,0.612486546091334,False,,,False,False,,False,0,False,,False,0,,,,,,,True,True,0.0
release-shift-040mm,121,v2-old,False,,800,False,,False,False,False,True,0.0061985526012624526,True,True,340,342,2,False,1,aborted,342,343,107,0.36681126814862125,0.9794663171131637,False,retry_lower_not_completed,,True,False,,False,0,False,,False,0,449,40,True,0.010779470533132551,0.012693200231411926,0.017888060944656864,True,True,0.0
release-shift-040mm,121,v2r,False,,800,True,461,True,True,True,False,0.003139455176806945,True,True,340,342,2,True,1,attempt_complete,342,343,125,0.49133071273822315,1.1047308630064288,True,,430,False,True,431,True,10,True,441,True,22,467,5,True,,,,True,True,0.0
release-shift-040mm,122,baseline,False,,800,True,316,True,True,True,False,0.017413592357512178,True,True,,,,True,0,disabled,,,0,0.0,0.613677352701011,False,,,False,False,,False,0,False,,False,0,,,,,,,True,True,0.0
release-shift-040mm,122,v1,False,,800,True,316,True,True,True,False,0.017413592357512178,True,True,,,,True,0,disabled,,,0,0.0,0.613677352701011,False,,,False,False,,False,0,False,,False,0,,,,,,,True,True,0.0
release-shift-040mm,122,v2-old,False,,800,True,316,True,True,True,False,0.017413592357512178,True,True,,,,True,0,nominal,,,0,0.0,0.613677352701011,False,,,False,False,,False,0,False,,False,0,,,,,,,True,True,0.0
release-shift-040mm,122,v2r,False,,800,True,316,True,True,True,False,0.017413592357512178,True,True,,,,True,0,nominal,,,0,0.0,0.613677352701011,False,,,False,False,,False,0,False,,False,0,,,,,,,True,True,0.0
release-shift-040mm,123,baseline,False,,800,False,,True,True,True,False,0.04546500696971277,True,True,340,,,True,0,disabled,,,0,0.0,0.6529079693455819,False,,,False,False,,False,0,False,,False,0,,,,,,,True,True,0.0
release-shift-040mm,123,v1,False,,800,False,,True,True,True,False,0.04546500696971277,True,True,340,342,2,True,0,disabled,,,0,0.0,0.6529079693455819,False,,,False,False,,False,0,False,,False,0,,,,,,,True,True,0.0
release-shift-040mm,123,v2-old,False,,800,False,,False,False,False,True,0.0071293029565238685,True,True,340,342,2,False,1,aborted,342,343,120,0.373288630637854,1.0262880179557199,False,retry_lower_not_completed,,True,False,,False,0,False,,False,0,462,40,True,0.010968908995389937,0.01266664315898165,0.01711079300117284,True,True,0.0
release-shift-040mm,123,v2r,False,,800,True,475,True,True,True,False,0.0031261789057294084,True,True,340,342,2,True,1,attempt_complete,342,343,138,0.4989058040203385,1.1527398349649944,True,,443,False,True,444,True,10,True,454,True,22,480,5,True,,,,True,True,0.0
release-shift-040mm,124,baseline,False,,800,True,316,True,True,True,False,0.01246891003321824,True,True,,,,True,0,disabled,,,0,0.0,0.6546483515959003,False,,,False,False,,False,0,False,,False,0,,,,,,,True,True,0.0
release-shift-040mm,124,v1,False,,800,True,316,True,True,True,False,0.01246891003321824,True,True,,,,True,0,disabled,,,0,0.0,0.6546483515959003,False,,,False,False,,False,0,False,,False,0,,,,,,,True,True,0.0
release-shift-040mm,124,v2-old,False,,800,True,316,True,True,True,False,0.01246891003321824,True,True,,,,True,0,nominal,,,0,0.0,0.6546483515959003,False,,,False,False,,False,0,False,,False,0,,,,,,,True,True,0.0
release-shift-040mm,124,v2r,False,,800,True,316,True,True,True,False,0.01246891003321824,True,True,,,,True,0,nominal,,,0,0.0,0.6546483515959003,False,,,False,False,,False,0,False,,False,0,,,,,,,True,True,0.0
release-shift-040mm,125,baseline,False,,800,False,,True,True,True,False,0.03965428673490276,True,True,340,,,True,0,disabled,,,0,0.0,0.6462510016845402,False,,,False,False,,False,0,False,,False,0,,,,,,,True,True,0.0
release-shift-040mm,125,v1,False,,800,False,,True,True,True,False,0.03965428673490276,True,True,340,342,2,True,0,disabled,,,0,0.0,0.6462510016845402,False,,,False,False,,False,0,False,,False,0,,,,,,,True,True,0.0
release-shift-040mm,125,v2-old,False,,800,False,,False,False,False,True,0.006057684847998347,True,True,340,342,2,False,1,aborted,342,343,106,0.3633968047438768,1.0097336916872532,False,retry_lower_not_completed,,True,False,,False,0,False,,False,0,448,40,True,0.011057556003332136,0.013060475823135109,0.018038690145930777,True,True,0.0
release-shift-040mm,125,v2r,False,,800,True,460,True,True,True,False,0.0034812780901894587,True,True,340,342,2,True,1,attempt_complete,342,343,124,0.48748582157751974,1.1346431255447977,True,,429,False,True,430,True,10,True,440,True,22,466,5,True,,,,True,True,0.0
release-shift-040mm,126,baseline,False,,800,False,,True,True,True,False,0.040752417845453935,True,True,340,,,True,0,disabled,,,0,0.0,0.7267324793932816,False,,,False,False,,False,0,False,,False,0,,,,,,,True,True,0.0
release-shift-040mm,126,v1,False,,800,False,,True,True,True,False,0.040752417845453935,True,True,340,342,2,True,0,disabled,,,0,0.0,0.7267324793932816,False,,,False,False,,False,0,False,,False,0,,,,,,,True,True,0.0
release-shift-040mm,126,v2-old,False,,800,False,,False,False,False,True,0.006353300030811059,True,True,340,342,2,False,1,aborted,342,343,107,0.37253223089261006,1.0993592274371282,False,retry_lower_not_completed,,True,False,,False,0,False,,False,0,449,40,True,0.010067515403032301,0.012468779638643835,0.019615087099535636,True,True,0.0
release-shift-040mm,126,v2r,False,,800,True,461,True,True,True,False,0.0027678284103854066,True,True,340,342,2,True,1,attempt_complete,342,343,125,0.49373011316502907,1.2213388723951646,True,,430,False,True,431,True,10,True,441,True,22,467,5,True,,,,True,True,0.0
release-shift-040mm,127,baseline,False,,800,False,,True,True,True,False,0.041469361100675686,True,True,340,,,True,0,disabled,,,0,0.0,0.7903681396058665,False,,,False,False,,False,0,False,,False,0,,,,,,,True,True,0.0
release-shift-040mm,127,v1,False,,800,False,,True,True,True,False,0.041469361100675686,True,True,340,342,2,True,0,disabled,,,0,0.0,0.7903681396058665,False,,,False,False,,False,0,False,,False,0,,,,,,,True,True,0.0
release-shift-040mm,127,v2-old,False,,800,False,,False,False,False,True,0.007192848340399032,True,True,340,342,2,False,1,aborted,342,343,107,0.3680111479475719,1.1584936900704612,False,retry_lower_not_completed,,True,False,,False,0,False,,False,0,449,40,True,0.011043884187936781,0.012951789219679875,0.017679889685260318,True,True,0.0
release-shift-040mm,127,v2r,False,,800,True,461,True,True,True,False,0.0023533245335895714,True,True,340,342,2,True,1,attempt_complete,342,343,125,0.4919794313189418,1.2832405854780176,True,,430,False,True,431,True,10,True,441,True,22,467,5,True,,,,True,True,0.0
release-shift-040mm,128,baseline,False,,800,False,,True,True,True,False,0.04173083274530543,True,True,340,,,True,0,disabled,,,0,0.0,0.6806645143623847,False,,,False,False,,False,0,False,,False,0,,,,,,,True,True,0.0
release-shift-040mm,128,v1,False,,800,False,,True,True,True,False,0.04173083274530543,True,True,340,342,2,True,0,disabled,,,0,0.0,0.6806645143623847,False,,,False,False,,False,0,False,,False,0,,,,,,,True,True,0.0
release-shift-040mm,128,v2-old,False,,800,False,,False,False,False,True,0.006540543723115957,True,True,340,342,2,False,1,aborted,342,343,107,0.3718290662940553,1.0525782821146004,False,retry_lower_not_completed,,True,False,,False,0,False,,False,0,449,40,True,0.01004053685069084,0.012442093267081232,0.019442225042731718,True,True,0.0
release-shift-040mm,128,v2r,False,,800,True,461,True,True,True,False,0.0029116570262875743,True,True,340,342,2,True,1,attempt_complete,342,343,125,0.49378374221685073,1.1753246756474156,True,,430,False,True,431,True,10,True,441,True,22,467,5,True,,,,True,True,0.0
release-shift-040mm,129,baseline,False,,800,False,,True,True,True,False,0.08288918498815902,True,True,340,,,True,0,disabled,,,0,0.0,0.6249324845636687,False,,,False,False,,False,0,False,,False,0,,,,,,,True,True,0.0
release-shift-040mm,129,v1,False,,800,False,,True,True,True,False,0.08288918498815902,True,True,340,342,2,True,0,disabled,,,0,0.0,0.6249324845636687,False,,,False,False,,False,0,False,,False,0,,,,,,,True,True,0.0
release-shift-040mm,129,v2-old,False,,800,False,,False,False,False,True,0.005348338903000146,True,True,340,342,2,False,1,aborted,342,343,124,0.45666030600200863,1.0816753366173941,False,retry_lower_not_completed,,True,False,,False,0,False,,False,0,466,40,True,0.009598642915487288,0.012015815650613578,0.020037944677997,True,True,0.0
release-shift-040mm,129,v2r,False,,800,True,479,True,True,True,False,0.002390477707965165,True,True,340,342,2,True,1,attempt_complete,342,343,143,0.5777442772724298,1.2035713741003655,True,,448,False,True,449,True,10,True,459,True,22,485,5,True,,,,True,True,0.0
release-shift-040mm,130,baseline,False,,800,True,316,True,True,True,False,0.013834389749631323,True,True,,,,True,0,disabled,,,0,0.0,0.6559090114542799,False,,,False,False,,False,0,False,,False,0,,,,,,,True,True,0.0
release-shift-040mm,130,v1,False,,800,True,316,True,True,True,False,0.013834389749631323,True,True,,,,True,0,disabled,,,0,0.0,0.6559090114542799,False,,,False,False,,False,0,False,,False,0,,,,,,,True,True,0.0
release-shift-040mm,130,v2-old,False,,800,True,316,True,True,True,False,0.013834389749631323,True,True,,,,True,0,nominal,,,0,0.0,0.6559090114542799,False,,,False,False,,False,0,False,,False,0,,,,,,,True,True,0.0
release-shift-040mm,130,v2r,False,,800,True,316,True,True,True,False,0.013834389749631323,True,True,,,,True,0,nominal,,,0,0.0,0.6559090114542799,False,,,False,False,,False,0,False,,False,0,,,,,,,True,True,0.0
release-shift-040mm,131,baseline,False,,800,False,,True,True,True,False,0.03185364078408957,True,True,340,,,True,0,disabled,,,0,0.0,0.6706964788317816,False,,,False,False,,False,0,False,,False,0,,,,,,,True,True,0.0
release-shift-040mm,131,v1,False,,800,False,,True,True,True,False,0.03185364078408957,True,True,340,342,2,True,0,disabled,,,0,0.0,0.6706964788317816,False,,,False,False,,False,0,False,,False,0,,,,,,,True,True,0.0
release-shift-040mm,131,v2-old,False,,800,False,,False,False,False,True,0.006797205855687738,True,True,340,342,2,False,1,aborted,342,343,103,0.35357181010439026,1.0243424313687892,False,retry_lower_not_completed,,True,False,,False,0,False,,False,0,445,40,True,0.008544199496507643,0.010977092298379286,0.018738997481718783,True,True,0.0
release-shift-040mm,131,v2r,False,,800,True,457,True,True,True,False,0.00140791645848847,True,True,340,342,2,True,1,attempt_complete,342,343,121,0.47476997403450616,1.1463689540119903,True,,426,False,True,427,True,10,True,437,True,22,463,5,True,,,,True,True,0.0
release-shift-040mm,132,baseline,True,initially_in_horizontal_target_region,0,False,,False,False,False,,0.011627155830044375,False,False,,,,False,0,disabled,,,0,0.0,0.0,False,,,False,False,,False,0,False,,False,0,,,,,,,True,True,0.0
release-shift-040mm,132,v1,True,initially_in_horizontal_target_region,0,False,,False,False,False,,0.011627155830044375,False,False,,,,False,0,disabled,,,0,0.0,0.0,False,,,False,False,,False,0,False,,False,0,,,,,,,True,True,0.0
release-shift-040mm,132,v2-old,True,initially_in_horizontal_target_region,0,False,,False,False,False,,0.011627155830044375,False,False,,,,False,0,nominal,,,0,0.0,0.0,False,,,False,False,,False,0,False,,False,0,,,,,,,True,True,0.0
release-shift-040mm,132,v2r,True,initially_in_horizontal_target_region,0,False,,False,False,False,,0.011627155830044375,False,False,,,,False,0,nominal,,,0,0.0,0.0,False,,,False,False,,False,0,False,,False,0,,,,,,,True,True,0.0
release-shift-040mm,133,baseline,False,,800,True,316,True,True,True,False,0.018846276810737587,True,True,,,,True,0,disabled,,,0,0.0,0.6759842496753278,False,,,False,False,,False,0,False,,False,0,,,,,,,True,True,0.0
release-shift-040mm,133,v1,False,,800,True,316,True,True,True,False,0.018846276810737587,True,True,,,,True,0,disabled,,,0,0.0,0.6759842496753278,False,,,False,False,,False,0,False,,False,0,,,,,,,True,True,0.0
release-shift-040mm,133,v2-old,False,,800,True,316,True,True,True,False,0.018846276810737587,True,True,,,,True,0,nominal,,,0,0.0,0.6759842496753278,False,,,False,False,,False,0,False,,False,0,,,,,,,True,True,0.0
release-shift-040mm,133,v2r,False,,800,True,316,True,True,True,False,0.018846276810737587,True,True,,,,True,0,nominal,,,0,0.0,0.6759842496753278,False,,,False,False,,False,0,False,,False,0,,,,,,,True,True,0.0
release-shift-040mm,134,baseline,False,,800,False,,True,True,True,False,0.05605187208218768,True,True,340,,,True,0,disabled,,,0,0.0,0.5871064334115709,False,,,False,False,,False,0,False,,False,0,,,,,,,True,True,0.0
release-shift-040mm,134,v1,False,,800,False,,True,True,True,False,0.05605187208218768,True,True,340,342,2,True,0,disabled,,,0,0.0,0.5871064334115709,False,,,False,False,,False,0,False,,False,0,,,,,,,True,True,0.0
release-shift-040mm,134,v2-old,False,,800,False,,False,False,False,True,0.008224449254621416,True,True,340,342,2,False,1,aborted,342,343,124,0.3926015071570291,0.9797945071743929,False,retry_lower_not_completed,,True,False,,False,0,False,,False,0,466,40,True,0.011964641839265822,0.0138889752035625,0.0176879387689498,True,True,0.0
release-shift-040mm,134,v2r,False,,800,True,479,True,True,True,False,0.0034046115208481607,True,True,340,342,2,True,1,attempt_complete,342,343,142,0.51831063234981,1.1063479532554845,True,,447,False,True,448,True,10,True,458,True,22,484,5,True,,,,True,True,0.0
release-shift-040mm,135,baseline,False,,800,True,316,True,True,True,False,0.013118568592840227,True,True,,,,True,0,disabled,,,0,0.0,0.629411861831317,False,,,False,False,,False,0,False,,False,0,,,,,,,True,True,0.0
release-shift-040mm,135,v1,False,,800,True,316,True,True,True,False,0.013118568592840227,True,True,,,,True,0,disabled,,,0,0.0,0.629411861831317,False,,,False,False,,False,0,False,,False,0,,,,,,,True,True,0.0
release-shift-040mm,135,v2-old,False,,800,True,316,True,True,True,False,0.013118568592840227,True,True,,,,True,0,nominal,,,0,0.0,0.629411861831317,False,,,False,False,,False,0,False,,False,0,,,,,,,True,True,0.0
release-shift-040mm,135,v2r,False,,800,True,316,True,True,True,False,0.013118568592840227,True,True,,,,True,0,nominal,,,0,0.0,0.629411861831317,False,,,False,False,,False,0,False,,False,0,,,,,,,True,True,0.0
release-shift-040mm,136,baseline,False,,800,False,,True,True,True,False,0.04241327018615918,True,True,340,,,True,0,disabled,,,0,0.0,0.7126250654854686,False,,,False,False,,False,0,False,,False,0,,,,,,,True,True,0.0
release-shift-040mm,136,v1,False,,800,False,,True,True,True,False,0.04241327018615918,True,True,340,342,2,True,0,disabled,,,0,0.0,0.7126250654854686,False,,,False,False,,False,0,False,,False,0,,,,,,,True,True,0.0
release-shift-040mm,136,v2-old,False,,800,False,,False,False,False,True,0.0055653156161152035,True,True,340,342,2,False,1,aborted,342,343,107,0.36943729624453064,1.0821444765369042,False,retry_lower_not_completed,,True,False,,False,0,False,,False,0,449,40,True,0.010627359479665754,0.01263807892024006,0.018255052044590287,True,True,0.0
release-shift-040mm,136,v2r,False,,800,True,461,True,True,True,False,0.003336698934793759,True,True,340,342,2,True,1,attempt_complete,342,343,125,0.4926232573556061,1.2061340949425552,True,,430,False,True,431,True,10,True,441,True,22,467,5,True,,,,True,True,0.0
release-shift-040mm,137,baseline,False,,800,True,316,True,True,True,False,0.012597974259517593,True,True,,,,True,0,disabled,,,0,0.0,0.6687118663758604,False,,,False,False,,False,0,False,,False,0,,,,,,,True,True,0.0
release-shift-040mm,137,v1,False,,800,True,316,True,True,True,False,0.012597974259517593,True,True,,,,True,0,disabled,,,0,0.0,0.6687118663758604,False,,,False,False,,False,0,False,,False,0,,,,,,,True,True,0.0
release-shift-040mm,137,v2-old,False,,800,True,316,True,True,True,False,0.012597974259517593,True,True,,,,True,0,nominal,,,0,0.0,0.6687118663758604,False,,,False,False,,False,0,False,,False,0,,,,,,,True,True,0.0
release-shift-040mm,137,v2r,False,,800,True,316,True,True,True,False,0.012597974259517593,True,True,,,,True,0,nominal,,,0,0.0,0.6687118663758604,False,,,False,False,,False,0,False,,False,0,,,,,,,True,True,0.0
release-shift-040mm,138,baseline,False,,800,False,,True,True,True,False,0.08345373271032874,True,True,340,,,True,0,disabled,,,0,0.0,0.7088622587133508,False,,,False,False,,False,0,False,,False,0,,,,,,,True,True,0.0
release-shift-040mm,138,v1,False,,800,False,,True,True,True,False,0.08345373271032874,True,True,340,342,2,True,0,disabled,,,0,0.0,0.7088622587133508,False,,,False,False,,False,0,False,,False,0,,,,,,,True,True,0.0
release-shift-040mm,138,v2-old,False,,800,False,,False,False,False,True,0.00827387575575787,True,True,340,342,2,False,1,aborted,342,343,137,0.4561159319873378,1.1651012582189677,False,retry_lower_not_completed,,True,False,,False,0,False,,False,0,479,40,True,0.010679677456617354,0.013198487823174941,0.0196643054392834,True,True,0.0
release-shift-040mm,138,v2r,False,,800,True,492,True,True,True,False,0.001909473744013199,True,True,340,342,2,True,1,attempt_complete,342,343,156,0.5789460629007588,1.2886896337940483,True,,461,False,True,462,True,10,True,472,True,22,498,5,True,,,,True,True,0.0
release-shift-040mm,139,baseline,False,,800,False,,True,True,True,False,0.0395157177133688,True,True,340,,,True,0,disabled,,,0,0.0,0.6462079919877123,False,,,False,False,,False,0,False,,False,0,,,,,,,True,True,0.0
release-shift-040mm,139,v1,False,,800,False,,True,True,True,False,0.0395157177133688,True,True,340,342,2,True,0,disabled,,,0,0.0,0.6462079919877123,False,,,False,False,,False,0,False,,False,0,,,,,,,True,True,0.0
release-shift-040mm,139,v2-old,False,,800,False,,False,False,False,True,0.005452745774151149,True,True,340,342,2,False,1,aborted,342,343,106,0.3624615009865783,1.0087465514707796,False,retry_lower_not_completed,,True,False,,False,0,False,,False,0,448,40,True,0.011252388685941694,0.01307131053538008,0.01752782876191303,True,True,0.0
release-shift-040mm,139,v2r,False,,800,True,461,True,True,True,False,0.0035737441429336153,True,True,340,342,2,True,1,attempt_complete,342,343,124,0.486925285254371,1.1340906603251593,True,,429,False,True,430,True,10,True,440,True,22,466,5,True,,,,True,True,0.0
release-shift-080mm,122,baseline,False,,800,False,,True,True,True,False,0.08017814896847454,True,True,340,,,True,0,disabled,,,0,0.0,0.6137810929147643,False,,,False,False,,False,0,False,,False,0,,,,,,,True,True,0.0
release-shift-080mm,122,v1,False,,800,False,,True,True,True,False,0.08017814896847454,True,True,340,342,2,True,0,disabled,,,0,0.0,0.6137810929147643,False,,,False,False,,False,0,False,,False,0,,,,,,,True,True,0.0
release-shift-080mm,122,v2-old,False,,800,False,,False,False,False,True,0.006109567155751947,True,True,340,342,2,False,1,aborted,342,343,123,0.45238576912355655,1.0662376720076927,False,retry_lower_not_completed,,True,False,,False,0,False,,False,0,465,40,True,0.009322665959596632,0.011967460896016656,0.02052723308404622,True,True,0.0
release-shift-080mm,122,v2r,False,,800,True,478,True,True,True,False,0.0012821836199719287,True,True,340,342,2,True,1,attempt_complete,342,343,141,0.5719205654948734,1.1874037573559728,True,,447,False,True,448,True,10,True,458,True,21,483,5,True,,,,True,True,0.0
release-shift-080mm,123,baseline,False,,800,False,,True,True,True,False,0.07993340795988065,True,True,340,,,True,0,disabled,,,0,0.0,0.6532921885987346,False,,,False,False,,False,0,False,,False,0,,,,,,,True,True,0.0
release-shift-080mm,123,v1,False,,800,False,,True,True,True,False,0.07993340795988065,True,True,340,342,2,True,0,disabled,,,0,0.0,0.6532921885987346,False,,,False,False,,False,0,False,,False,0,,,,,,,True,True,0.0
release-shift-080mm,123,v2-old,False,,800,False,,False,False,False,True,0.006492653822476937,True,True,340,342,2,False,1,aborted,342,343,123,0.44484279285436595,1.0983618505673776,False,retry_lower_not_completed,,True,False,,False,0,False,,False,0,465,40,True,0.011113532215356825,0.01285926552636396,0.017244465551937344,True,True,0.0
release-shift-080mm,123,v2r,False,,800,True,478,True,True,True,False,0.0017483316010991302,True,True,340,342,2,True,1,attempt_complete,342,343,141,0.5682221007319725,1.2224466318108527,True,,446,False,True,447,True,10,True,457,True,22,483,5,True,,,,True,True,0.0
release-shift-080mm,124,baseline,False,,800,False,,True,True,True,False,0.08074145095474995,True,True,340,,,True,0,disabled,,,0,0.0,0.6545800840128609,False,,,False,False,,False,0,False,,False,0,,,,,,,True,True,0.0
release-shift-080mm,124,v1,False,,800,False,,True,True,True,False,0.08074145095474995,True,True,340,342,2,True,0,disabled,,,0,0.0,0.6545800840128609,False,,,False,False,,False,0,False,,False,0,,,,,,,True,True,0.0
release-shift-080mm,124,v2-old,False,,800,False,,False,False,False,True,0.006320820253268883,True,True,340,342,2,False,1,aborted,342,343,123,0.4526688308455695,1.1074504942580299,False,retry_lower_not_completed,,True,False,,False,0,False,,False,0,465,40,True,0.009122379451990126,0.011716191399201482,0.020081766367460535,True,True,0.0
release-shift-080mm,124,v2r,False,,800,True,478,True,True,True,False,0.0004373015544146855,True,True,340,342,2,True,1,attempt_complete,342,343,141,0.5720778352664705,1.2283603308797648,True,,447,False,True,448,True,10,True,458,True,21,483,5,True,,,,True,True,0.0
release-shift-080mm,125,baseline,False,,800,False,,True,True,True,False,0.08015123314449003,True,True,340,,,True,0,disabled,,,0,0.0,0.6466256737931235,False,,,False,False,,False,0,False,,False,0,,,,,,,True,True,0.0
release-shift-080mm,125,v1,False,,800,False,,True,True,True,False,0.08015123314449003,True,True,340,342,2,True,0,disabled,,,0,0.0,0.6466256737931235,False,,,False,False,,False,0,False,,False,0,,,,,,,True,True,0.0
release-shift-080mm,125,v2-old,False,,800,False,,False,False,False,True,0.005908499077074256,True,True,340,342,2,False,1,aborted,342,343,123,0.4451582992078205,1.091897426043271,False,retry_lower_not_completed,,True,False,,False,0,False,,False,0,465,40,True,0.011242471963167189,0.013100391903059273,0.017664578030403232,True,True,0.0
release-shift-080mm,125,v2r,False,,800,True,477,True,True,True,False,0.0027390336065355805,True,True,340,342,2,True,1,attempt_complete,342,343,141,0.568920140864994,1.2164510015598582,True,,446,False,True,447,True,10,True,457,True,22,483,5,True,,,,True,True,0.0
release-shift-080mm,126,baseline,False,,800,False,,True,True,True,False,0.08013802841847255,True,True,340,,,True,0,disabled,,,0,0.0,0.7267309922086964,False,,,False,False,,False,0,False,,False,0,,,,,,,True,True,0.0
release-shift-080mm,126,v1,False,,800,False,,True,True,True,False,0.08013802841847255,True,True,340,342,2,True,0,disabled,,,0,0.0,0.7267309922086964,False,,,False,False,,False,0,False,,False,0,,,,,,,True,True,0.0
release-shift-080mm,126,v2-old,False,,800,False,,False,False,False,True,0.006635113839260833,True,True,340,342,2,False,1,aborted,342,343,123,0.4503842616764631,1.1772054616879097,False,retry_lower_not_completed,,True,False,,False,0,False,,False,0,465,40,True,0.010470427900552748,0.012984675136721252,0.01966743652424082,True,True,0.0
release-shift-080mm,126,v2r,False,,800,True,478,True,True,True,False,0.0026552452351855864,True,True,340,342,2,True,1,attempt_complete,342,343,142,0.5713161827492564,1.2989224571700377,True,,447,False,True,448,True,10,True,458,True,22,484,5,True,,,,True,True,0.0
release-shift-080mm,127,baseline,False,,800,False,,True,True,True,False,0.07988335414967794,True,True,340,,,True,0,disabled,,,0,0.0,0.7903620251081105,False,,,False,False,,False,0,False,,False,0,,,,,,,True,True,0.0
release-shift-080mm,127,v1,False,,800,False,,True,True,True,False,0.07988335414967794,True,True,340,342,2,True,0,disabled,,,0,0.0,0.7903620251081105,False,,,False,False,,False,0,False,,False,0,,,,,,,True,True,0.0
release-shift-080mm,127,v2-old,False,,800,False,,False,False,False,True,0.007336645247382662,True,True,340,342,2,False,1,aborted,342,343,123,0.4458882868250956,1.2363993968696518,False,retry_lower_not_completed,,True,False,,False,0,False,,False,0,465,40,True,0.011178776949644087,0.013112153409195564,0.01765714057623329,True,True,0.0
release-shift-080mm,127,v2r,False,,800,True,477,True,True,True,False,0.002560161245072036,True,True,340,342,2,True,1,attempt_complete,342,343,141,0.5690511016363252,1.3603066276986866,True,,446,False,True,447,True,10,True,457,True,22,483,5,True,,,,True,True,0.0
release-shift-080mm,128,baseline,False,,800,False,,True,True,True,False,0.08014377532006473,True,True,340,,,True,0,disabled,,,0,0.0,0.6806623199726429,False,,,False,False,,False,0,False,,False,0,,,,,,,True,True,0.0
release-shift-080mm,128,v1,False,,800,False,,True,True,True,False,0.08014377532006473,True,True,340,342,2,True,0,disabled,,,0,0.0,0.6806623199726429,False,,,False,False,,False,0,False,,False,0,,,,,,,True,True,0.0
release-shift-080mm,128,v2-old,False,,800,False,,False,False,False,True,0.006763372300097248,True,True,340,342,2,False,1,aborted,342,343,123,0.4497052618755852,1.1304536462551098,False,retry_lower_not_completed,,True,False,,False,0,False,,False,0,465,40,True,0.010166392058134077,0.012628669950240819,0.019506829600744457,True,True,0.0
release-shift-080mm,128,v2r,False,,800,True,478,True,True,True,False,0.0024500831618135903,True,True,340,342,2,True,1,attempt_complete,342,343,142,0.571277871470927,1.252816522296792,True,,447,False,True,448,True,10,True,458,True,22,484,5,True,,,,True,True,0.0
release-shift-080mm,129,baseline,False,,800,False,,True,True,True,False,0.0813660734206951,True,True,340,,,True,0,disabled,,,0,0.0,0.6246262347764889,False,,,False,False,,False,0,False,,False,0,,,,,,,True,True,0.0
release-shift-080mm,129,v1,False,,800,False,,True,True,True,False,0.0813660734206951,True,True,340,342,2,True,0,disabled,,,0,0.0,0.6246262347764889,False,,,False,False,,False,0,False,,False,0,,,,,,,True,True,0.0
release-shift-080mm,129,v2-old,False,,800,False,,False,False,False,True,0.006050801146822858,True,True,340,342,2,False,1,aborted,342,343,123,0.4519014552199534,1.0909232390889851,False,retry_lower_not_completed,,True,False,,False,0,False,,False,0,465,40,True,0.009521723121404646,0.012047599269974818,0.020216945837150314,True,True,0.0
release-shift-080mm,129,v2r,False,,800,True,478,True,True,True,False,0.0018982199349028485,True,True,340,342,2,True,1,attempt_complete,342,343,142,0.5724096380369048,1.197929137464337,True,,447,False,True,448,True,10,True,458,True,22,484,5,True,,,,True,True,0.0
release-shift-080mm,130,baseline,False,,800,False,,True,True,True,False,0.08005229574032798,True,True,340,,,True,0,disabled,,,0,0.0,0.6556782474864313,False,,,False,False,,False,0,False,,False,0,,,,,,,True,True,0.0
release-shift-080mm,130,v1,False,,800,False,,True,True,True,False,0.08005229574032798,True,True,340,342,2,True,0,disabled,,,0,0.0,0.6556782474864313,False,,,False,False,,False,0,False,,False,0,,,,,,,True,True,0.0
release-shift-080mm,130,v2-old,False,,800,False,,False,False,False,True,0.0060222890934945785,True,True,340,342,2,False,1,aborted,342,343,123,0.4466782743672353,1.1024316418435731,False,retry_lower_not_completed,,True,False,,False,0,False,,False,0,465,40,True,0.010785773724317549,0.012714439310053845,0.017893226356601975,True,True,0.0
release-shift-080mm,130,v2r,False,,800,True,477,True,True,True,False,0.00152994154299523,True,True,340,342,2,True,1,attempt_complete,342,343,141,0.569255657290627,1.22583124362088,True,,446,False,True,447,True,10,True,457,True,22,483,5,True,,,,True,True,0.0
release-shift-080mm,131,baseline,False,,800,False,,True,True,True,False,0.08027179622640576,True,True,340,,,True,0,disabled,,,0,0.0,0.6709462252220219,False,,,False,False,,False,0,False,,False,0,,,,,,,True,True,0.0
release-shift-080mm,131,v1,False,,800,False,,True,True,True,False,0.08027179622640576,True,True,340,342,2,True,0,disabled,,,0,0.0,0.6709462252220219,False,,,False,False,,False,0,False,,False,0,,,,,,,True,True,0.0
release-shift-080mm,131,v2-old,False,,800,False,,False,False,False,True,0.006688367317386275,True,True,340,342,2,False,1,aborted,342,343,123,0.45220208699846437,1.1232129783143527,False,retry_lower_not_completed,,True,False,,False,0,False,,False,0,465,40,True,0.008725889354944227,0.011186521599899786,0.01904943690088608,True,True,0.0
release-shift-080mm,131,v2r,False,,800,True,478,True,True,True,False,0.0015094639601762943,True,True,340,342,2,True,1,attempt_complete,342,343,142,0.5726685684821706,1.2445171307561176,True,,447,False,True,448,True,10,True,458,True,22,484,5,True,,,,True,True,0.0
release-shift-080mm,132,baseline,True,initially_in_horizontal_target_region,0,False,,False,False,False,,0.011627155830044375,False,False,,,,False,0,disabled,,,0,0.0,0.0,False,,,False,False,,False,0,False,,False,0,,,,,,,True,True,0.0
release-shift-080mm,132,v1,True,initially_in_horizontal_target_region,0,False,,False,False,False,,0.011627155830044375,False,False,,,,False,0,disabled,,,0,0.0,0.0,False,,,False,False,,False,0,False,,False,0,,,,,,,True,True,0.0
release-shift-080mm,132,v2-old,True,initially_in_horizontal_target_region,0,False,,False,False,False,,0.011627155830044375,False,False,,,,False,0,nominal,,,0,0.0,0.0,False,,,False,False,,False,0,False,,False,0,,,,,,,True,True,0.0
release-shift-080mm,132,v2r,True,initially_in_horizontal_target_region,0,False,,False,False,False,,0.011627155830044375,False,False,,,,False,0,nominal,,,0,0.0,0.0,False,,,False,False,,False,0,False,,False,0,,,,,,,True,True,0.0
release-shift-080mm,133,baseline,False,,800,False,,True,True,True,False,0.08101250512546374,True,True,340,,,True,0,disabled,,,0,0.0,0.6759990173540574,False,,,False,False,,False,0,False,,False,0,,,,,,,True,True,0.0
release-shift-080mm,133,v1,False,,800,False,,True,True,True,False,0.08101250512546374,True,True,340,342,2,True,0,disabled,,,0,0.0,0.6759990173540574,False,,,False,False,,False,0,False,,False,0,,,,,,,True,True,0.0
release-shift-080mm,133,v2-old,False,,800,False,,False,False,False,True,0.006232935546232887,True,True,340,342,2,False,1,aborted,342,343,124,0.4509991837370885,1.127075730212183,False,retry_lower_not_completed,,True,False,,False,0,False,,False,0,466,40,True,0.011066958636045454,0.012949902615553656,0.017724059084608463,True,True,0.0
release-shift-080mm,133,v2r,False,,800,True,478,True,True,True,False,0.0011550409200985748,True,True,340,342,2,True,1,attempt_complete,342,343,142,0.5739599014094784,1.2508665146893136,True,,447,False,True,448,True,10,True,458,True,22,484,5,True,,,,True,True,0.0
release-shift-080mm,134,baseline,False,,800,False,,True,True,True,False,0.08281488476592898,True,True,340,,,True,0,disabled,,,0,0.0,0.5871087673507488,False,,,False,False,,False,0,False,,False,0,,,,,,,True,True,0.0
release-shift-080mm,134,v1,False,,800,False,,True,True,True,False,0.08281488476592898,True,True,340,342,2,True,0,disabled,,,0,0.0,0.5871087673507488,False,,,False,False,,False,0,False,,False,0,,,,,,,True,True,0.0
release-shift-080mm,134,v2-old,False,,800,False,,False,False,False,True,0.0057024493577643035,True,True,340,342,2,False,1,aborted,342,343,125,0.4540031316543085,1.0411789935585758,False,retry_lower_not_completed,,True,False,,False,0,False,,False,0,467,40,True,0.011127606362104414,0.012872716705434625,0.01751588225175956,True,True,0.0
release-shift-080mm,134,v2r,False,,800,True,480,True,True,True,False,0.0020065965852731752,True,True,340,342,2,True,1,attempt_complete,342,343,143,0.5780287782569832,1.1660743483282936,True,,448,False,True,449,True,10,True,459,True,22,485,5,True,,,,True,True,0.0
release-shift-080mm,135,baseline,False,,800,False,,True,True,True,False,0.08084242119674868,True,True,340,,,True,0,disabled,,,0,0.0,0.6292489506849835,False,,,False,False,,False,0,False,,False,0,,,,,,,True,True,0.0
release-shift-080mm,135,v1,False,,800,False,,True,True,True,False,0.08084242119674868,True,True,340,342,2,True,0,disabled,,,0,0.0,0.6292489506849835,False,,,False,False,,False,0,False,,False,0,,,,,,,True,True,0.0
release-shift-080mm,135,v2-old,False,,800,False,,False,False,False,True,0.006470897573220228,True,True,340,342,2,False,1,aborted,342,343,123,0.4470025764054336,1.0763293915967658,False,retry_lower_not_completed,,True,False,,False,0,False,,False,0,465,40,True,0.01080984655022621,0.012923337404264405,0.0182882040116955,True,True,0.0
release-shift-080mm,135,v2r,False,,800,True,477,True,True,True,False,0.0016703213368865048,True,True,340,342,2,True,1,attempt_complete,342,343,141,0.5697341496503924,1.1998640235287934,True,,446,False,True,447,True,10,True,457,True,22,483,5,True,,,,True,True,0.0
release-shift-080mm,136,baseline,False,,800,False,,True,True,True,False,0.08021231673076787,True,True,340,,,True,0,disabled,,,0,0.0,0.7126250627932564,False,,,False,False,,False,0,False,,False,0,,,,,,,True,True,0.0
release-shift-080mm,136,v1,False,,800,False,,True,True,True,False,0.08021231673076787,True,True,340,342,2,True,0,disabled,,,0,0.0,0.7126250627932564,False,,,False,False,,False,0,False,,False,0,,,,,,,True,True,0.0
release-shift-080mm,136,v2-old,False,,800,False,,False,False,False,True,0.0057095203152314,True,True,340,342,2,False,1,aborted,342,343,123,0.44740661565420614,1.1601115108076556,False,retry_lower_not_completed,,True,False,,False,0,False,,False,0,465,40,True,0.010618314474821089,0.012616905720387272,0.018220598459775444,True,True,0.0
release-shift-080mm,136,v2r,False,,800,True,477,True,True,True,False,0.0035773649132268756,True,True,340,342,2,True,1,attempt_complete,342,343,141,0.569793252682866,1.283304638115016,True,,446,False,True,447,True,10,True,457,True,22,483,5,True,,,,True,True,0.0
release-shift-080mm,137,baseline,False,,800,False,,True,True,True,False,0.08083764698352977,True,True,340,,,True,0,disabled,,,0,0.0,0.668624932941822,False,,,False,False,,False,0,False,,False,0,,,,,,,True,True,0.0
release-shift-080mm,137,v1,False,,800,False,,True,True,True,False,0.08083764698352977,True,True,340,342,2,True,0,disabled,,,0,0.0,0.668624932941822,False,,,False,False,,False,0,False,,False,0,,,,,,,True,True,0.0
release-shift-080mm,137,v2-old,False,,800,False,,False,False,False,True,0.005798423916639253,True,True,340,342,2,False,1,aborted,342,343,123,0.4519472158194291,1.1206520826755995,False,retry_lower_not_completed,,True,False,,False,0,False,,False,0,465,40,True,0.008988567024469374,0.011355376184627175,0.019181228508716546,True,True,0.0
release-shift-080mm,137,v2r,False,,800,True,478,True,True,True,False,0.0019243261204723104,True,True,340,342,2,True,1,attempt_complete,342,343,142,0.5725336916009747,1.242057773046737,True,,447,False,True,448,True,10,True,458,True,22,484,5,True,,,,True,True,0.0
release-shift-080mm,138,baseline,False,,800,False,,True,True,True,False,0.08220212214663558,True,True,340,,,True,0,disabled,,,0,0.0,0.7088119387146696,False,,,False,False,,False,0,False,,False,0,,,,,,,True,True,0.0
release-shift-080mm,138,v1,False,,800,False,,True,True,True,False,0.08220212214663558,True,True,340,342,2,True,0,disabled,,,0,0.0,0.7088119387146696,False,,,False,False,,False,0,False,,False,0,,,,,,,True,True,0.0
release-shift-080mm,138,v2-old,False,,800,False,,False,False,False,True,0.00667589799795313,True,True,340,342,2,False,1,aborted,342,343,124,0.4565623389534447,1.1655286949598245,False,retry_lower_not_completed,,True,False,,False,0,False,,False,0,466,40,True,0.010423064559698103,0.013008789901436953,0.019853441151855753,True,True,0.0
release-shift-080mm,138,v2r,False,,800,True,479,True,True,True,False,0.0018313846982680232,True,True,340,342,2,True,1,attempt_complete,342,343,143,0.5766924053721749,1.2863900594760527,True,,448,False,True,449,True,10,True,459,True,22,485,5,True,,,,True,True,0.0
release-shift-080mm,139,baseline,False,,800,False,,True,True,True,False,0.07985425642012192,True,True,340,,,True,0,disabled,,,0,0.0,0.6466153748803718,False,,,False,False,,False,0,False,,False,0,,,,,,,True,True,0.0
release-shift-080mm,139,v1,False,,800,False,,True,True,True,False,0.07985425642012192,True,True,340,342,2,True,0,disabled,,,0,0.0,0.6466153748803718,False,,,False,False,,False,0,False,,False,0,,,,,,,True,True,0.0
release-shift-080mm,139,v2-old,False,,800,False,,False,False,False,True,0.0057286951372382934,True,True,340,342,2,False,1,aborted,342,343,123,0.44392932966865284,1.0906256344534213,False,retry_lower_not_completed,,True,False,,False,0,False,,False,0,465,40,True,0.011046439737081526,0.012852617846123161,0.017508922728688002,True,True,0.0
release-shift-080mm,139,v2r,False,,800,True,478,True,True,True,False,0.0030299948446066644,True,True,340,342,2,True,1,attempt_complete,342,343,141,0.5680493877035787,1.215621627633217,True,,446,False,True,447,True,10,True,457,True,22,483,5,True,,,,True,True,0.0
release-shift-120mm,120,baseline,False,,800,False,,True,True,True,False,0.11987464511342659,True,True,340,,,True,0,disabled,,,0,0.0,0.6097033084254337,False,,,False,False,,False,0,False,,False,0,,,,,,,True,True,0.0
release-shift-120mm,120,v1,False,,800,False,,True,True,True,False,0.11987464511342659,True,True,340,342,2,True,0,disabled,,,0,0.0,0.6097033084254337,False,,,False,False,,False,0,False,,False,0,,,,,,,True,True,0.0
release-shift-120mm,120,v2-old,False,,800,False,,False,False,False,True,0.005504909484487832,True,True,340,342,2,False,1,aborted,342,343,140,0.5273652237458737,1.1371356989668466,False,retry_lower_not_completed,,True,False,,False,0,False,,False,0,482,40,True,0.01133172246813774,0.013229110145449693,0.017767555239599483,True,True,0.0
release-shift-120mm,120,v2r,False,,800,True,494,True,True,True,False,0.002834577140638064,True,True,340,342,2,True,1,attempt_complete,342,343,158,0.6505082741952392,1.2611161695380415,True,,463,False,True,464,True,10,True,474,True,22,500,5,True,,,,True,True,0.0
release-shift-120mm,121,baseline,False,,800,False,,True,True,True,False,0.11981939144424401,True,True,340,,,True,0,disabled,,,0,0.0,0.6124824661100562,False,,,False,False,,False,0,False,,False,0,,,,,,,True,True,0.0
release-shift-120mm,121,v1,False,,800,False,,True,True,True,False,0.11981939144424401,True,True,340,342,2,True,0,disabled,,,0,0.0,0.6124824661100562,False,,,False,False,,False,0,False,,False,0,,,,,,,True,True,0.0
release-shift-120mm,121,v2-old,False,,800,False,,False,False,False,True,0.006115476303513022,True,True,340,342,2,False,1,aborted,342,343,140,0.5259604376674507,1.1385379627599936,False,retry_lower_not_completed,,True,False,,False,0,False,,False,0,482,40,True,0.011592507690191267,0.013484435814115526,0.017635062510994476,True,True,0.0
release-shift-120mm,121,v2r,False,,800,True,494,True,True,True,False,0.0028940973078996146,True,True,340,342,2,True,1,attempt_complete,342,343,158,0.6497137122306446,1.263108639910117,True,,463,False,True,464,True,10,True,474,True,22,500,5,True,,,,True,True,0.0
release-shift-120mm,122,baseline,False,,800,False,,True,True,True,False,0.12017860261422572,True,True,340,,,True,0,disabled,,,0,0.0,0.6137810929147643,False,,,False,False,,False,0,False,,False,0,,,,,,,True,True,0.0
release-shift-120mm,122,v1,False,,800,False,,True,True,True,False,0.12017860261422572,True,True,340,342,2,True,0,disabled,,,0,0.0,0.6137810929147643,False,,,False,False,,False,0,False,,False,0,,,,,,,True,True,0.0
release-shift-120mm,122,v2-old,False,,800,False,,False,False,False,True,0.006151031981711438,True,True,340,342,2,False,1,aborted,342,343,140,0.5335143145866877,1.147361608530975,False,retry_lower_not_completed,,True,False,,False,0,False,,False,0,482,40,True,0.009585067957639692,0.012323770112171931,0.020625640177106823,True,True,0.0
release-shift-120mm,122,v2r,False,,800,True,495,True,True,True,False,0.0021233713264391936,True,True,340,342,2,True,1,attempt_complete,342,343,158,0.6532420154695141,1.2687261234931158,True,,464,False,True,465,True,10,True,475,True,21,500,5,True,,,,True,True,0.0
release-shift-120mm,123,baseline,False,,800,False,,True,True,True,False,0.11993339409983043,True,True,340,,,True,0,disabled,,,0,0.0,0.6532921885987346,False,,,False,False,,False,0,False,,False,0,,,,,,,True,True,0.0
release-shift-120mm,123,v1,False,,800,False,,True,True,True,False,0.11993339409983043,True,True,340,342,2,True,0,disabled,,,0,0.0,0.6532921885987346,False,,,False,False,,False,0,False,,False,0,,,,,,,True,True,0.0
release-shift-120mm,123,v2-old,False,,800,False,,False,False,False,True,0.006746196553502909,True,True,340,342,2,False,1,aborted,342,343,140,0.5264043344025297,1.1799524921632203,False,retry_lower_not_completed,,True,False,,False,0,False,,False,0,482,40,True,0.011341035693883894,0.013118583214299208,0.017243932145899168,True,True,0.0
release-shift-120mm,123,v2r,False,,800,True,495,True,True,True,False,0.0009712355455186716,True,True,340,342,2,True,1,attempt_complete,342,343,158,0.6495258230144582,1.3037508908825828,True,,463,False,True,464,True,10,True,474,True,22,500,5,True,,,,True,True,0.0
release-shift-120mm,124,baseline,False,,800,False,,True,True,True,False,0.12025526982578011,True,True,340,,,True,0,disabled,,,0,0.0,0.6546444067386731,False,,,False,False,,False,0,False,,False,0,,,,,,,True,True,0.0
release-shift-120mm,124,v1,False,,800,False,,True,True,True,False,0.12025526982578011,True,True,340,342,2,True,0,disabled,,,0,0.0,0.6546444067386731,False,,,False,False,,False,0,False,,False,0,,,,,,,True,True,0.0
release-shift-120mm,124,v2-old,False,,800,False,,False,False,False,True,0.006190910471805162,True,True,340,342,2,False,1,aborted,342,343,140,0.5333434059644803,1.1880677727305369,False,retry_lower_not_completed,,True,False,,False,0,False,,False,0,482,40,True,0.009279311031103132,0.011780395537965043,0.019999912672216718,True,True,0.0
release-shift-120mm,124,v2r,False,,800,True,495,True,True,True,False,0.0016553902734921379,True,True,340,342,2,True,1,attempt_complete,342,343,158,0.6535631958886423,1.3099077000684116,True,,464,False,True,465,True,10,True,475,True,21,500,5,True,,,,True,True,0.0
release-shift-120mm,125,baseline,False,,800,False,,True,True,True,False,0.12015127115145263,True,True,340,,,True,0,disabled,,,0,0.0,0.6466256737931235,False,,,False,False,,False,0,False,,False,0,,,,,,,True,True,0.0
release-shift-120mm,125,v1,False,,800,False,,True,True,True,False,0.12015127115145263,True,True,340,342,2,True,0,disabled,,,0,0.0,0.6466256737931235,False,,,False,False,,False,0,False,,False,0,,,,,,,True,True,0.0
release-shift-120mm,125,v2-old,False,,800,False,,False,False,False,True,0.00599663518988697,True,True,340,342,2,False,1,aborted,342,343,140,0.5263749542832931,1.1730911060578268,False,retry_lower_not_completed,,True,False,,False,0,False,,False,0,482,40,True,0.01155205103754997,0.013478113156730772,0.017733756415181316,True,True,0.0
release-shift-120mm,125,v2r,False,,800,True,494,True,True,True,False,0.0027341908411453934,True,True,340,342,2,True,1,attempt_complete,342,343,158,0.6500275444281896,1.297558443814358,True,,463,False,True,464,True,10,True,474,True,22,500,5,True,,,,True,True,0.0
release-shift-120mm,126,baseline,False,,800,False,,True,True,True,False,0.12013819600656694,True,True,340,,,True,0,disabled,,,0,0.0,0.7267309922086964,False,,,False,False,,False,0,False,,False,0,,,,,,,True,True,0.0
release-shift-120mm,126,v1,False,,800,False,,True,True,True,False,0.12013819600656694,True,True,340,342,2,True,0,disabled,,,0,0.0,0.7267309922086964,False,,,False,False,,False,0,False,,False,0,,,,,,,True,True,0.0
release-shift-120mm,126,v2-old,False,,800,False,,False,False,False,True,0.006415242643349549,True,True,340,342,2,False,1,aborted,342,343,140,0.5310101502595596,1.257826652123519,False,retry_lower_not_completed,,True,False,,False,0,False,,False,0,482,40,True,0.010381326407194136,0.012861684604991118,0.019641518312944205,True,True,0.0
release-shift-120mm,126,v2r,False,,800,True,495,True,True,True,False,0.002749930014551338,True,True,340,342,2,True,1,attempt_complete,342,343,159,0.6526898759113049,1.380295970325426,True,,464,False,True,465,True,10,True,475,True,22,501,5,True,,,,True,True,0.0
release-shift-120mm,127,baseline,False,,800,False,,True,True,True,False,0.11988340752933534,True,True,340,,,True,0,disabled,,,0,0.0,0.7903620251081105,False,,,False,False,,False,0,False,,False,0,,,,,,,True,True,0.0
release-shift-120mm,127,v1,False,,800,False,,True,True,True,False,0.11988340752933534,True,True,340,342,2,True,0,disabled,,,0,0.0,0.7903620251081105,False,,,False,False,,False,0,False,,False,0,,,,,,,True,True,0.0
release-shift-120mm,127,v2-old,False,,800,False,,False,False,False,True,0.007723457072085976,True,True,340,342,2,False,1,aborted,342,343,140,0.5273928282254158,1.3178233528326784,False,retry_lower_not_completed,,True,False,,False,0,False,,False,0,482,40,True,0.011516213744878767,0.013535306534364596,0.017751354517340005,True,True,0.0
release-shift-120mm,127,v2r,False,,800,True,494,True,True,True,False,0.0023658744287157495,True,True,340,342,2,True,1,attempt_complete,342,343,158,0.6502625963018227,1.441518243077301,True,,463,False,True,464,True,10,True,474,True,22,500,5,True,,,,True,True,0.0
release-shift-120mm,128,baseline,False,,800,False,,True,True,True,False,0.12014392494496895,True,True,340,,,True,0,disabled,,,0,0.0,0.6806623199726429,False,,,False,False,,False,0,False,,False,0,,,,,,,True,True,0.0
release-shift-120mm,128,v1,False,,800,False,,True,True,True,False,0.12014392494496895,True,True,340,342,2,True,0,disabled,,,0,0.0,0.6806623199726429,False,,,False,False,,False,0,False,,False,0,,,,,,,True,True,0.0
release-shift-120mm,128,v2-old,False,,800,False,,False,False,False,True,0.006269477011214544,True,True,340,342,2,False,1,aborted,342,343,140,0.5301176450952287,1.210871131537609,False,retry_lower_not_completed,,True,False,,False,0,False,,False,0,482,40,True,0.010083385139703749,0.012414714017547143,0.019316696948936903,True,True,0.0
release-shift-120mm,128,v2r,False,,800,True,495,True,True,True,False,0.0026665912552770966,True,True,340,342,2,True,1,attempt_complete,342,343,159,0.6523912461108176,1.3339307743269615,True,,464,False,True,465,True,10,True,475,True,22,501,5,True,,,,True,True,0.0
release-shift-120mm,129,baseline,False,,800,False,,True,True,True,False,0.12018371102549087,True,True,340,,,True,0,disabled,,,0,0.0,0.6248547372103047,False,,,False,False,,False,0,False,,False,0,,,,,,,True,True,0.0
release-shift-120mm,129,v1,False,,800,False,,True,True,True,False,0.12018371102549087,True,True,340,342,2,True,0,disabled,,,0,0.0,0.6248547372103047,False,,,False,False,,False,0,False,,False,0,,,,,,,True,True,0.0
release-shift-120mm,129,v2-old,False,,800,False,,False,False,False,True,0.006034593234937738,True,True,340,342,2,False,1,aborted,342,343,140,0.5321568849139006,1.15707743580057,False,retry_lower_not_completed,,True,False,,False,0,False,,False,0,482,40,True,0.009713061481714247,0.012309780640674825,0.020266241354831054,True,True,0.0
release-shift-120mm,129,v2r,False,,800,True,495,True,True,True,False,0.0020643763188011055,True,True,340,342,2,True,1,attempt_complete,342,343,159,0.653264459473077,1.279012340477862,True,,464,False,True,465,True,10,True,475,True,22,501,5,True,,,,True,True,0.0
release-shift-120mm,130,baseline,False,,800,False,,True,True,True,False,0.11989325987651137,True,True,340,,,True,0,disabled,,,0,0.0,0.6559008660125254,False,,,False,False,,False,0,False,,False,0,,,,,,,True,True,0.0
release-shift-120mm,130,v1,False,,800,False,,True,True,True,False,0.11989325987651137,True,True,340,342,2,True,0,disabled,,,0,0.0,0.6559008660125254,False,,,False,False,,False,0,False,,False,0,,,,,,,True,True,0.0
release-shift-120mm,130,v2-old,False,,800,False,,False,False,False,True,0.0063402921625549955,True,True,340,342,2,False,1,aborted,342,343,140,0.5276343925229932,1.1844364496621136,False,retry_lower_not_completed,,True,False,,False,0,False,,False,0,482,40,True,0.010974772602319716,0.012907906217607575,0.017859466399247396,True,True,0.0
release-shift-120mm,130,v2r,False,,800,True,494,True,True,True,False,0.0013434243190526144,True,True,340,342,2,True,1,attempt_complete,342,343,158,0.6503261323107533,1.307122705843356,True,,463,False,True,464,True,10,True,474,True,22,500,5,True,,,,True,True,0.0
release-shift-120mm,131,baseline,False,,800,False,,True,True,True,False,0.12027193889185447,True,True,340,,,True,0,disabled,,,0,0.0,0.6709462252220219,False,,,False,False,,False,0,False,,False,0,,,,,,,True,True,0.0
release-shift-120mm,131,v1,False,,800,False,,True,True,True,False,0.12027193889185447,True,True,340,342,2,True,0,disabled,,,0,0.0,0.6709462252220219,False,,,False,False,,False,0,False,,False,0,,,,,,,True,True,0.0
release-shift-120mm,131,v2-old,False,,800,False,,False,False,False,True,0.006880643169387323,True,True,340,342,2,False,1,aborted,342,343,140,0.5336350145173812,1.2046471224448008,False,retry_lower_not_completed,,True,False,,False,0,False,,False,0,482,40,True,0.008935235768556593,0.01140525561220576,0.019346996319359943,True,True,0.0
release-shift-120mm,131,v2r,False,,800,True,495,True,True,True,False,0.0013019807514967495,True,True,340,342,2,True,1,attempt_complete,342,343,159,0.6540589700127791,1.3259070799647625,True,,464,False,True,465,True,10,True,475,True,22,501,5,True,,,,True,True,0.0
release-shift-120mm,132,baseline,True,initially_in_horizontal_target_region,0,False,,False,False,False,,0.011627155830044375,False,False,,,,False,0,disabled,,,0,0.0,0.0,False,,,False,False,,False,0,False,,False,0,,,,,,,True,True,0.0
release-shift-120mm,132,v1,True,initially_in_horizontal_target_region,0,False,,False,False,False,,0.011627155830044375,False,False,,,,False,0,disabled,,,0,0.0,0.0,False,,,False,False,,False,0,False,,False,0,,,,,,,True,True,0.0
release-shift-120mm,132,v2-old,True,initially_in_horizontal_target_region,0,False,,False,False,False,,0.011627155830044375,False,False,,,,False,0,nominal,,,0,0.0,0.0,False,,,False,False,,False,0,False,,False,0,,,,,,,True,True,0.0
release-shift-120mm,132,v2r,True,initially_in_horizontal_target_region,0,False,,False,False,False,,0.011627155830044375,False,False,,,,False,0,nominal,,,0,0.0,0.0,False,,,False,False,,False,0,False,,False,0,,,,,,,True,True,0.0
release-shift-120mm,133,baseline,False,,800,False,,True,True,True,False,0.12026803191229406,True,True,340,,,True,0,disabled,,,0,0.0,0.6763045508242643,False,,,False,False,,False,0,False,,False,0,,,,,,,True,True,0.0
release-shift-120mm,133,v1,False,,800,False,,True,True,True,False,0.12026803191229406,True,True,340,342,2,True,0,disabled,,,0,0.0,0.6763045508242643,False,,,False,False,,False,0,False,,False,0,,,,,,,True,True,0.0
release-shift-120mm,133,v2-old,False,,800,False,,False,False,False,True,0.006558253654822192,True,True,340,342,2,False,1,aborted,342,343,140,0.5268821895423864,1.2033003199449148,False,retry_lower_not_completed,,True,False,,False,0,False,,False,0,482,40,True,0.011266172260046003,0.013172963368100579,0.01771144160052268,True,True,0.0
release-shift-120mm,133,v2r,False,,800,True,494,True,True,True,False,0.0013315503932102939,True,True,340,342,2,True,1,attempt_complete,342,343,158,0.6499044411210863,1.3271171362033114,True,,463,False,True,464,True,10,True,474,True,22,500,5,True,,,,True,True,0.0
release-shift-120mm,134,baseline,False,,800,False,,True,True,True,False,0.12020465529525586,True,True,340,,,True,0,disabled,,,0,0.0,0.5874338416806921,False,,,False,False,,False,0,False,,False,0,,,,,,,True,True,0.0
release-shift-120mm,134,v1,False,,800,False,,True,True,True,False,0.12020465529525586,True,True,340,342,2,True,0,disabled,,,0,0.0,0.5874338416806921,False,,,False,False,,False,0,False,,False,0,,,,,,,True,True,0.0
release-shift-120mm,134,v2-old,False,,800,False,,False,False,False,True,0.005872463110073292,True,True,340,342,2,False,1,aborted,342,343,140,0.5258398231133464,1.113340793695821,False,retry_lower_not_completed,,True,False,,False,0,False,,False,0,482,40,True,0.011803277164697645,0.0136658165745192,0.017494766348927927,True,True,0.0
release-shift-120mm,134,v2r,False,,800,True,495,True,True,True,False,0.002728295300165433,True,True,340,342,2,True,1,attempt_complete,342,343,158,0.6492726882695384,1.23764306284463,True,,463,False,True,464,True,10,True,474,True,22,500,5,True,,,,True,True,0.0
release-shift-120mm,135,baseline,False,,800,False,,True,True,True,False,0.12021130818703976,True,True,340,,,True,0,disabled,,,0,0.0,0.6294061902237175,False,,,False,False,,False,0,False,,False,0,,,,,,,True,True,0.0
release-shift-120mm,135,v1,False,,800,False,,True,True,True,False,0.12021130818703976,True,True,340,342,2,True,0,disabled,,,0,0.0,0.6294061902237175,False,,,False,False,,False,0,False,,False,0,,,,,,,True,True,0.0
release-shift-120mm,135,v2-old,False,,800,False,,False,False,False,True,0.006706169779695395,True,True,340,342,2,False,1,aborted,342,343,140,0.5280769709117242,1.1577170017246838,False,retry_lower_not_completed,,True,False,,False,0,False,,False,0,482,40,True,0.011043034821748732,0.013165088762064786,0.018278017338318235,True,True,0.0
release-shift-120mm,135,v2r,False,,800,True,494,True,True,True,False,0.0016247468911223027,True,True,340,342,2,True,1,attempt_complete,342,343,158,0.6507802664835936,1.2810665434235864,True,,463,False,True,464,True,10,True,474,True,22,500,5,True,,,,True,True,0.0
release-shift-120mm,136,baseline,False,,800,False,,True,True,True,False,0.12021243300552273,True,True,340,,,True,0,disabled,,,0,0.0,0.7126250627932564,False,,,False,False,,False,0,False,,False,0,,,,,,,True,True,0.0
release-shift-120mm,136,v1,False,,800,False,,True,True,True,False,0.12021243300552273,True,True,340,342,2,True,0,disabled,,,0,0.0,0.7126250627932564,False,,,False,False,,False,0,False,,False,0,,,,,,,True,True,0.0
release-shift-120mm,136,v2-old,False,,800,False,,False,False,False,True,0.005517969630966633,True,True,340,342,2,False,1,aborted,342,343,140,0.5284363960162765,1.2411429672943033,False,retry_lower_not_completed,,True,False,,False,0,False,,False,0,482,40,True,0.011165947049856184,0.013142385603673843,0.01802701872721933,True,True,0.0
release-shift-120mm,136,v2r,False,,800,True,494,True,True,True,False,0.003163910972686255,True,True,340,342,2,True,1,attempt_complete,342,343,158,0.6511443899954522,1.3646556924465785,True,,463,False,True,464,True,10,True,474,True,22,500,5,True,,,,True,True,0.0
release-shift-120mm,137,baseline,False,,800,False,,True,True,True,False,0.12026755243740925,True,True,340,,,True,0,disabled,,,0,0.0,0.6687067995985799,False,,,False,False,,False,0,False,,False,0,,,,,,,True,True,0.0
release-shift-120mm,137,v1,False,,800,False,,True,True,True,False,0.12026755243740925,True,True,340,342,2,True,0,disabled,,,0,0.0,0.6687067995985799,False,,,False,False,,False,0,False,,False,0,,,,,,,True,True,0.0
release-shift-120mm,137,v2-old,False,,800,False,,False,False,False,True,0.006249370641298153,True,True,340,342,2,False,1,aborted,342,343,140,0.5330687297346934,1.2018516838493802,False,retry_lower_not_completed,,True,False,,False,0,False,,False,0,482,40,True,0.009362258344888685,0.011785469847488007,0.019872802014776307,True,True,0.0
release-shift-120mm,137,v2r,False,,800,True,495,True,True,True,False,0.000504889713632983,True,True,340,342,2,True,1,attempt_complete,342,343,159,0.6540629442557978,1.3236692105550476,True,,464,False,True,465,True,10,True,475,True,22,501,5,True,,,,True,True,0.0
release-shift-120mm,138,baseline,False,,800,False,,True,True,True,False,0.12018166599060864,True,True,340,,,True,0,disabled,,,0,0.0,0.7090741533429907,False,,,False,False,,False,0,False,,False,0,,,,,,,True,True,0.0
release-shift-120mm,138,v1,False,,800,False,,True,True,True,False,0.12018166599060864,True,True,340,342,2,True,0,disabled,,,0,0.0,0.7090741533429907,False,,,False,False,,False,0,False,,False,0,,,,,,,True,True,0.0
release-shift-120mm,138,v2-old,False,,800,False,,False,False,False,True,0.006082190334328143,True,True,340,342,2,False,1,aborted,342,343,140,0.5314485733921991,1.2405957103257301,False,retry_lower_not_completed,,True,False,,False,0,False,,False,0,482,40,True,0.009982005089521406,0.012444114251069829,0.019780663331055624,True,True,0.0
release-shift-120mm,138,v2r,False,,800,True,495,True,True,True,False,0.0015995266411221165,True,True,340,342,2,True,1,attempt_complete,342,343,159,0.6528220523484378,1.3627836841561833,True,,464,False,True,465,True,10,True,475,True,22,501,5,True,,,,True,True,0.0
release-shift-120mm,139,baseline,False,,800,False,,True,True,True,False,0.11985386049307396,True,True,340,,,True,0,disabled,,,0,0.0,0.6466153748803718,False,,,False,False,,False,0,False,,False,0,,,,,,,True,True,0.0
release-shift-120mm,139,v1,False,,800,False,,True,True,True,False,0.11985386049307396,True,True,340,342,2,True,0,disabled,,,0,0.0,0.6466153748803718,False,,,False,False,,False,0,False,,False,0,,,,,,,True,True,0.0
release-shift-120mm,139,v2-old,False,,800,False,,False,False,False,True,0.005304989891036378,True,True,340,342,2,False,1,aborted,342,343,140,0.5250029323328073,1.171698330461105,False,retry_lower_not_completed,,True,False,,False,0,False,,False,0,482,40,True,0.011525623828172682,0.013226116814680774,0.017194220594843313,True,True,0.0
release-shift-120mm,139,v2r,False,,800,True,495,True,True,True,False,0.0028054641758918824,True,True,340,342,2,True,1,attempt_complete,342,343,158,0.6493336505373822,1.296906511830607,True,,463,False,True,464,True,10,True,474,True,22,500,5,True,,,,True,True,0.0
release-shift-200mm,120,baseline,False,,800,False,,True,True,True,False,0.19987445489121153,True,True,340,,,True,0,disabled,,,0,0.0,0.6097033084254337,False,,,False,False,,False,0,False,,False,0,,,,,,,True,True,0.0
release-shift-200mm,120,v1,False,,800,False,,True,True,True,False,0.19987445489121153,True,True,340,342,2,True,0,disabled,,,0,0.0,0.6097033084254337,False,,,False,False,,False,0,False,,False,0,,,,,,,True,True,0.0
release-shift-200mm,120,v2-old,False,,800,False,,False,False,False,True,0.005511720248123986,True,True,340,342,2,False,1,aborted,342,343,174,0.6883683034101385,1.2981314295119297,False,retry_lower_not_completed,,True,False,,False,0,False,,False,0,516,40,True,0.011272982090711592,0.013160272469779168,0.017775600583289627,True,True,0.0
release-shift-200mm,120,v2r,False,,800,True,528,True,True,True,False,0.0027139695873039703,True,True,340,342,2,True,1,attempt_complete,342,343,192,0.8115376270544585,1.4221457976475371,True,,497,False,True,498,True,10,True,508,True,22,534,5,True,,,,True,True,0.0
release-shift-200mm,121,baseline,False,,800,False,,True,True,True,False,0.1998192299913154,True,True,340,,,True,0,disabled,,,0,0.0,0.6124824661100562,False,,,False,False,,False,0,False,,False,0,,,,,,,True,True,0.0
release-shift-200mm,121,v1,False,,800,False,,True,True,True,False,0.1998192299913154,True,True,340,342,2,True,0,disabled,,,0,0.0,0.6124824661100562,False,,,False,False,,False,0,False,,False,0,,,,,,,True,True,0.0
release-shift-200mm,121,v2-old,False,,800,False,,False,False,False,True,0.0063331067591815655,True,True,340,342,2,False,1,aborted,342,343,173,0.6817267766166056,1.2943030924433252,False,retry_lower_not_completed,,True,False,,False,0,False,,False,0,515,40,True,0.011858783990144728,0.013791470629993826,0.017604863738872923,True,True,0.0
release-shift-200mm,121,v2r,False,,800,True,527,True,True,True,False,0.003216220441499193,True,True,340,342,2,True,1,attempt_complete,342,343,191,0.8055794534049309,1.4189739838475188,True,,496,False,True,497,True,10,True,507,True,22,533,5,True,,,,True,True,0.0
release-shift-200mm,122,baseline,False,,800,False,,True,True,True,False,0.2001786217176212,True,True,340,,,True,0,disabled,,,0,0.0,0.6137810929147643,False,,,False,False,,False,0,False,,False,0,,,,,,,True,True,0.0
release-shift-200mm,122,v1,False,,800,False,,True,True,True,False,0.2001786217176212,True,True,340,342,2,True,0,disabled,,,0,0.0,0.6137810929147643,False,,,False,False,,False,0,False,,False,0,,,,,,,True,True,0.0
release-shift-200mm,122,v2-old,False,,800,False,,False,False,False,True,0.006442808545190179,True,True,340,342,2,False,1,aborted,342,343,173,0.6895866820250216,1.3034281838750643,False,retry_lower_not_completed,,True,False,,False,0,False,,False,0,515,40,True,0.009780258268117903,0.012546642505092182,0.020606671766116216,True,True,0.0
release-shift-200mm,122,v2r,False,,800,True,528,True,True,True,False,0.002304341282904025,True,True,340,342,2,True,1,attempt_complete,342,343,191,0.8096270076536934,1.4251092251234512,True,,497,False,True,498,True,10,True,508,True,21,533,5,True,,,,True,True,0.0
release-shift-200mm,123,baseline,False,,800,False,,True,True,True,False,0.19993334781157485,True,True,340,,,True,0,disabled,,,0,0.0,0.6532921885987346,False,,,False,False,,False,0,False,,False,0,,,,,,,True,True,0.0
release-shift-200mm,123,v1,False,,800,False,,True,True,True,False,0.19993334781157485,True,True,340,342,2,True,0,disabled,,,0,0.0,0.6532921885987346,False,,,False,False,,False,0,False,,False,0,,,,,,,True,True,0.0
release-shift-200mm,123,v2-old,False,,800,False,,False,False,False,True,0.006643431536534262,True,True,340,342,2,False,1,aborted,342,343,174,0.6873904118757266,1.340828224830997,False,retry_lower_not_completed,,True,False,,False,0,False,,False,0,516,40,True,0.011349432498216627,0.013111483442517285,0.01724277767907452,True,True,0.0
release-shift-200mm,123,v2r,False,,800,True,529,True,True,True,False,0.001186772644313501,True,True,340,342,2,True,1,attempt_complete,342,343,192,0.8105782593372796,1.4648027034784108,True,,497,False,True,498,True,10,True,508,True,22,534,5,True,,,,True,True,0.0
release-shift-200mm,124,baseline,False,,800,False,,True,True,True,False,0.20025524696807642,True,True,340,,,True,0,disabled,,,0,0.0,0.6546444067386731,False,,,False,False,,False,0,False,,False,0,,,,,,,True,True,0.0
release-shift-200mm,124,v1,False,,800,False,,True,True,True,False,0.20025524696807642,True,True,340,342,2,True,0,disabled,,,0,0.0,0.6546444067386731,False,,,False,False,,False,0,False,,False,0,,,,,,,True,True,0.0
release-shift-200mm,124,v2-old,False,,800,False,,False,False,False,True,0.006399631134184474,True,True,340,342,2,False,1,aborted,342,343,173,0.6902445514081932,1.3449426194550063,False,retry_lower_not_completed,,True,False,,False,0,False,,False,0,515,40,True,0.009351335793733595,0.01187725339905053,0.02014244494894184,True,True,0.0
release-shift-200mm,124,v2r,False,,800,True,528,True,True,True,False,0.0020824481169169455,True,True,340,342,2,True,1,attempt_complete,342,343,191,0.8103063987870051,1.4666513320478085,True,,497,False,True,498,True,10,True,508,True,21,533,5,True,,,,True,True,0.0
release-shift-200mm,125,baseline,False,,800,False,,True,True,True,False,0.2001512317263422,True,True,340,,,True,0,disabled,,,0,0.0,0.6466256737931235,False,,,False,False,,False,0,False,,False,0,,,,,,,True,True,0.0
release-shift-200mm,125,v1,False,,800,False,,True,True,True,False,0.2001512317263422,True,True,340,342,2,True,0,disabled,,,0,0.0,0.6466256737931235,False,,,False,False,,False,0,False,,False,0,,,,,,,True,True,0.0
release-shift-200mm,125,v2-old,False,,800,False,,False,False,False,True,0.005967976684188321,True,True,340,342,2,False,1,aborted,342,343,174,0.686790330133497,1.3335233112338538,False,retry_lower_not_completed,,True,False,,False,0,False,,False,0,516,40,True,0.011648156076669691,0.013560393282829453,0.017669875349574024,True,True,0.0
release-shift-200mm,125,v2r,False,,800,True,528,True,True,True,False,0.0026546310667103176,True,True,340,342,2,True,1,attempt_complete,342,343,192,0.810454202544855,1.4579840996785587,True,,497,False,True,498,True,10,True,508,True,22,534,5,True,,,,True,True,0.0
release-shift-200mm,126,baseline,False,,800,False,,True,True,True,False,0.20013835007043212,True,True,340,,,True,0,disabled,,,0,0.0,0.7267309922086964,False,,,False,False,,False,0,False,,False,0,,,,,,,True,True,0.0
release-shift-200mm,126,v1,False,,800,False,,True,True,True,False,0.20013835007043212,True,True,340,342,2,True,0,disabled,,,0,0.0,0.7267309922086964,False,,,False,False,,False,0,False,,False,0,,,,,,,True,True,0.0
release-shift-200mm,126,v2-old,False,,800,False,,False,False,False,True,0.006372702601366738,True,True,340,342,2,False,1,aborted,342,343,173,0.687377908200359,1.4141864259930816,False,retry_lower_not_completed,,True,False,,False,0,False,,False,0,515,40,True,0.010360434979200361,0.012817240709449335,0.019583497209048662,True,True,0.0
release-shift-200mm,126,v2r,False,,800,True,528,True,True,True,False,0.0029123799722519136,True,True,340,342,2,True,1,attempt_complete,342,343,192,0.809197882960628,1.536804703203144,True,,497,False,True,498,True,10,True,508,True,22,534,5,True,,,,True,True,0.0
release-shift-200mm,127,baseline,False,,800,False,,True,True,True,False,0.19988332947560278,True,True,340,,,True,0,disabled,,,0,0.0,0.7903620251081105,False,,,False,False,,False,0,False,,False,0,,,,,,,True,True,0.0
release-shift-200mm,127,v1,False,,800,False,,True,True,True,False,0.19988332947560278,True,True,340,342,2,True,0,disabled,,,0,0.0,0.7903620251081105,False,,,False,False,,False,0,False,,False,0,,,,,,,True,True,0.0
release-shift-200mm,127,v2-old,False,,800,False,,False,False,False,True,0.007743106600256524,True,True,340,342,2,False,1,aborted,342,343,173,0.6832775566843257,1.4737688718442084,False,retry_lower_not_completed,,True,False,,False,0,False,,False,0,515,40,True,0.01157598230242729,0.013591457119004849,0.01766608036867649,True,True,0.0
release-shift-200mm,127,v2r,False,,800,True,527,True,True,True,False,0.0028960785431051956,True,True,340,342,2,True,1,attempt_complete,342,343,191,0.8063830224228931,1.5976387957284364,True,,496,False,True,497,True,10,True,507,True,22,533,5,True,,,,True,True,0.0
release-shift-200mm,128,baseline,False,,800,False,,True,True,True,False,0.20014392722488428,True,True,340,,,True,0,disabled,,,0,0.0,0.6806623199726429,False,,,False,False,,False,0,False,,False,0,,,,,,,True,True,0.0
release-shift-200mm,128,v1,False,,800,False,,True,True,True,False,0.20014392722488428,True,True,340,342,2,True,0,disabled,,,0,0.0,0.6806623199726429,False,,,False,False,,False,0,False,,False,0,,,,,,,True,True,0.0
release-shift-200mm,128,v2-old,False,,800,False,,False,False,False,True,0.006544502225007199,True,True,340,342,2,False,1,aborted,342,343,173,0.6867210164582631,1.3674608334782037,False,retry_lower_not_completed,,True,False,,False,0,False,,False,0,515,40,True,0.010162547558546065,0.012566282151376302,0.0193629066959046,True,True,0.0
release-shift-200mm,128,v2r,False,,800,True,528,True,True,True,False,0.0027669027986329062,True,True,340,342,2,True,1,attempt_complete,342,343,192,0.808896535913085,1.4904350224754288,True,,497,False,True,498,True,10,True,508,True,22,534,5,True,,,,True,True,0.0
release-shift-200mm,129,baseline,False,,800,False,,True,True,True,False,0.20018371929869633,True,True,340,,,True,0,disabled,,,0,0.0,0.6248547372103047,False,,,False,False,,False,0,False,,False,0,,,,,,,True,True,0.0
release-shift-200mm,129,v1,False,,800,False,,True,True,True,False,0.20018371929869633,True,True,340,342,2,True,0,disabled,,,0,0.0,0.6248547372103047,False,,,False,False,,False,0,False,,False,0,,,,,,,True,True,0.0
release-shift-200mm,129,v2-old,False,,800,False,,False,False,False,True,0.007157706952163742,True,True,340,342,2,False,1,aborted,342,343,173,0.6894318975663682,1.3143461535932648,False,retry_lower_not_completed,,True,False,,False,0,False,,False,0,515,40,True,0.010587171047925947,0.013416331646426758,0.020180870797014035,True,True,0.0
release-shift-200mm,129,v2r,False,,800,True,528,True,True,True,False,0.002428669348621247,True,True,340,342,2,True,1,attempt_complete,342,343,192,0.8101303164697042,1.435878370431568,True,,497,False,True,498,True,10,True,508,True,22,534,5,True,,,,True,True,0.0
release-shift-200mm,130,baseline,False,,800,False,,True,True,True,False,0.19989319414883464,True,True,340,,,True,0,disabled,,,0,0.0,0.6559008660125254,False,,,False,False,,False,0,False,,False,0,,,,,,,True,True,0.0
release-shift-200mm,130,v1,False,,800,False,,True,True,True,False,0.19989319414883464,True,True,340,342,2,True,0,disabled,,,0,0.0,0.6559008660125254,False,,,False,False,,False,0,False,,False,0,,,,,,,True,True,0.0
release-shift-200mm,130,v2-old,False,,800,False,,False,False,False,True,0.006327129145582442,True,True,340,342,2,False,1,aborted,342,343,174,0.688668342862706,1.3446348016962266,False,retry_lower_not_completed,,True,False,,False,0,False,,False,0,516,40,True,0.011028297573328016,0.012985479806941267,0.017910191290196206,True,True,0.0
release-shift-200mm,130,v2r,False,,800,True,528,True,True,True,False,0.001506834554683602,True,True,340,342,2,True,1,attempt_complete,342,343,192,0.8114608051267005,1.4682588197650337,True,,497,False,True,498,True,10,True,508,True,22,534,5,True,,,,True,True,0.0
release-shift-200mm,131,baseline,False,,800,False,,True,True,True,False,0.2002717574148679,True,True,340,,,True,0,disabled,,,0,0.0,0.6709462252220219,False,,,False,False,,False,0,False,,False,0,,,,,,,True,True,0.0
release-shift-200mm,131,v1,False,,800,False,,True,True,True,False,0.2002717574148679,True,True,340,342,2,True,0,disabled,,,0,0.0,0.6709462252220219,False,,,False,False,,False,0,False,,False,0,,,,,,,True,True,0.0
release-shift-200mm,131,v2-old,False,,800,False,,False,False,False,True,0.0070248360424167485,True,True,340,342,2,False,1,aborted,342,343,173,0.6901280936409921,1.3611359966581928,False,retry_lower_not_completed,,True,False,,False,0,False,,False,0,515,40,True,0.008995376855134962,0.011534548601970888,0.01967327982968779,True,True,0.0
release-shift-200mm,131,v2r,False,,800,True,528,True,True,True,False,0.0015258321901762525,True,True,340,342,2,True,1,attempt_complete,342,343,192,0.8108797732100888,1.4827282344073704,True,,497,False,True,498,True,10,True,508,True,22,534,5,True,,,,True,True,0.0
release-shift-200mm,132,baseline,True,initially_in_horizontal_target_region,0,False,,False,False,False,,0.011627155830044375,False,False,,,,False,0,disabled,,,0,0.0,0.0,False,,,False,False,,False,0,False,,False,0,,,,,,,True,True,0.0
release-shift-200mm,132,v1,True,initially_in_horizontal_target_region,0,False,,False,False,False,,0.011627155830044375,False,False,,,,False,0,disabled,,,0,0.0,0.0,False,,,False,False,,False,0,False,,False,0,,,,,,,True,True,0.0
release-shift-200mm,132,v2-old,True,initially_in_horizontal_target_region,0,False,,False,False,False,,0.011627155830044375,False,False,,,,False,0,nominal,,,0,0.0,0.0,False,,,False,False,,False,0,False,,False,0,,,,,,,True,True,0.0
release-shift-200mm,132,v2r,True,initially_in_horizontal_target_region,0,False,,False,False,False,,0.011627155830044375,False,False,,,,False,0,nominal,,,0,0.0,0.0,False,,,False,False,,False,0,False,,False,0,,,,,,,True,True,0.0
release-shift-200mm,133,baseline,False,,800,False,,True,True,True,False,0.20026786943171856,True,True,340,,,True,0,disabled,,,0,0.0,0.6763045508242643,False,,,False,False,,False,0,False,,False,0,,,,,,,True,True,0.0
release-shift-200mm,133,v1,False,,800,False,,True,True,True,False,0.20026786943171856,True,True,340,342,2,True,0,disabled,,,0,0.0,0.6763045508242643,False,,,False,False,,False,0,False,,False,0,,,,,,,True,True,0.0
release-shift-200mm,133,v2-old,False,,800,False,,False,False,False,True,0.0066214708351669,True,True,340,342,2,False,1,aborted,342,343,174,0.6878590688631285,1.3642365590322802,False,retry_lower_not_completed,,True,False,,False,0,False,,False,0,516,40,True,0.011310451060533522,0.013201334030149236,0.017643781105231578,True,True,0.0
release-shift-200mm,133,v2r,False,,800,True,528,True,True,True,False,0.0015628640421576872,True,True,340,342,2,True,1,attempt_complete,342,343,192,0.8108753350556117,1.488087935532738,True,,497,False,True,498,True,10,True,508,True,22,534,5,True,,,,True,True,0.0
release-shift-200mm,134,baseline,False,,800,False,,True,True,True,False,0.20020453817078174,True,True,340,,,True,0,disabled,,,0,0.0,0.5874338416806921,False,,,False,False,,False,0,False,,False,0,,,,,,,True,True,0.0
release-shift-200mm,134,v1,False,,800,False,,True,True,True,False,0.20020453817078174,True,True,340,342,2,True,0,disabled,,,0,0.0,0.5874338416806921,False,,,False,False,,False,0,False,,False,0,,,,,,,True,True,0.0
release-shift-200mm,134,v2-old,False,,800,False,,False,False,False,True,0.00577807985567272,True,True,340,342,2,False,1,aborted,342,343,174,0.6860654269213433,1.2737230776284751,False,retry_lower_not_completed,,True,False,,False,0,False,,False,0,516,40,True,0.011698551803827284,0.013507426865514477,0.017447017282540455,True,True,0.0
release-shift-200mm,134,v2r,False,,800,True,529,True,True,True,False,0.002129622887192147,True,True,340,342,2,True,1,attempt_complete,342,343,192,0.8101482458163833,1.3985189660929849,True,,497,False,True,498,True,10,True,508,True,22,534,5,True,,,,True,True,0.0
release-shift-200mm,135,baseline,False,,800,False,,True,True,True,False,0.20021115852349977,True,True,340,,,True,0,disabled,,,0,0.0,0.6294061902237175,False,,,False,False,,False,0,False,,False,0,,,,,,,True,True,0.0
release-shift-200mm,135,v1,False,,800,False,,True,True,True,False,0.20021115852349977,True,True,340,342,2,True,0,disabled,,,0,0.0,0.6294061902237175,False,,,False,False,,False,0,False,,False,0,,,,,,,True,True,0.0
release-shift-200mm,135,v2-old,False,,800,False,,False,False,False,True,0.007121055465975133,True,True,340,342,2,False,1,aborted,342,343,173,0.6844187798455085,1.3138811683685367,False,retry_lower_not_completed,,True,False,,False,0,False,,False,0,515,40,True,0.011499487191438673,0.013658183079598872,0.01831719378395937,True,True,0.0
release-shift-200mm,135,v2r,False,,800,True,527,True,True,True,False,0.0019518766817646072,True,True,340,342,2,True,1,attempt_complete,342,343,191,0.8075096451695861,1.4377961402929944,True,,496,False,True,497,True,10,True,507,True,22,533,5,True,,,,True,True,0.0
release-shift-200mm,136,baseline,False,,800,False,,True,True,True,False,0.20021241966328943,True,True,340,,,True,0,disabled,,,0,0.0,0.7126250627932564,False,,,False,False,,False,0,False,,False,0,,,,,,,True,True,0.0
release-shift-200mm,136,v1,False,,800,False,,True,True,True,False,0.20021241966328943,True,True,340,342,2,True,0,disabled,,,0,0.0,0.7126250627932564,False,,,False,False,,False,0,False,,False,0,,,,,,,True,True,0.0
release-shift-200mm,136,v2-old,False,,800,False,,False,False,False,True,0.005600303835610572,True,True,340,342,2,False,1,aborted,342,343,174,0.68949849457464,1.4021889548790465,False,retry_lower_not_completed,,True,False,,False,0,False,,False,0,516,40,True,0.011130698353052138,0.013092903956218082,0.017997153458633824,True,True,0.0
release-shift-200mm,136,v2r,False,,800,True,528,True,True,True,False,0.0029145534391551613,True,True,340,342,2,True,1,attempt_complete,342,343,192,0.8122497005872233,1.5257615125134973,True,,497,False,True,498,True,10,True,508,True,22,534,5,True,,,,True,True,0.0
release-shift-200mm,137,baseline,False,,800,False,,True,True,True,False,0.20026748404501274,True,True,340,,,True,0,disabled,,,0,0.0,0.6687067995985799,False,,,False,False,,False,0,False,,False,0,,,,,,,True,True,0.0
release-shift-200mm,137,v1,False,,800,False,,True,True,True,False,0.20026748404501274,True,True,340,342,2,True,0,disabled,,,0,0.0,0.6687067995985799,False,,,False,False,,False,0,False,,False,0,,,,,,,True,True,0.0
release-shift-200mm,137,v2-old,False,,800,False,,False,False,False,True,0.0063071486220635815,True,True,340,342,2,False,1,aborted,342,343,173,0.6898394482588945,1.3586104070225014,False,retry_lower_not_completed,,True,False,,False,0,False,,False,0,515,40,True,0.009423077434301375,0.011857713089126037,0.01997077049359441,True,True,0.0
release-shift-200mm,137,v2r,False,,800,True,528,True,True,True,False,0.0020129023175482334,True,True,340,342,2,True,1,attempt_complete,342,343,192,0.8109694315214353,1.4805757070954644,True,,497,False,True,498,True,10,True,508,True,22,534,5,True,,,,True,True,0.0
release-shift-200mm,138,baseline,False,,800,False,,True,True,True,False,0.20018158032225364,True,True,340,,,True,0,disabled,,,0,0.0,0.7090741533429907,False,,,False,False,,False,0,False,,False,0,,,,,,,True,True,0.0
release-shift-200mm,138,v1,False,,800,False,,True,True,True,False,0.20018158032225364,True,True,340,342,2,True,0,disabled,,,0,0.0,0.7090741533429907,False,,,False,False,,False,0,False,,False,0,,,,,,,True,True,0.0
release-shift-200mm,138,v2-old,False,,800,False,,False,False,False,True,0.006304800261571312,True,True,340,342,2,False,1,aborted,342,343,173,0.6875135279204251,1.3966534660674907,False,retry_lower_not_completed,,True,False,,False,0,False,,False,0,515,40,True,0.01008778843283653,0.012574823426897572,0.019798849707638483,True,True,0.0
release-shift-200mm,138,v2r,False,,800,True,528,True,True,True,False,0.0020578062912831444,True,True,340,342,2,True,1,attempt_complete,342,343,192,0.8090300215799279,1.5189904923708009,True,,497,False,True,498,True,10,True,508,True,22,534,5,True,,,,True,True,0.0
release-shift-200mm,139,baseline,False,,800,False,,True,True,True,False,0.19985368627502542,True,True,340,,,True,0,disabled,,,0,0.0,0.6466153748803718,False,,,False,False,,False,0,False,,False,0,,,,,,,True,True,0.0
release-shift-200mm,139,v1,False,,800,False,,True,True,True,False,0.19985368627502542,True,True,340,342,2,True,0,disabled,,,0,0.0,0.6466153748803718,False,,,False,False,,False,0,False,,False,0,,,,,,,True,True,0.0
release-shift-200mm,139,v2-old,False,,800,False,,False,False,False,True,0.0054308167607939615,True,True,340,342,2,False,1,aborted,342,343,174,0.6858279808933838,1.3325118031693364,False,retry_lower_not_completed,,True,False,,False,0,False,,False,0,516,40,True,0.011594236224889753,0.013314411207142631,0.0172555801866018,True,True,0.0
release-shift-200mm,139,v2r,False,,800,True,529,True,True,True,False,0.002642748335874635,True,True,340,342,2,True,1,attempt_complete,342,343,192,0.8100000635388906,1.4575730548774217,True,,497,False,True,498,True,10,True,508,True,22,534,5,True,,,,True,True,0.0
